INFO    : Since no target was supplied, we will use "web".

INFO    : Generating any needed assets.
INFO    : XSL conversion of /Users/ajp/Dropbox/COD/Engineering 2210 - Circuit Analysis 1/new-Textbook/source/main.ptx by /Users/ajp/.ptx/2.36.0/core/xsl/utilities/pretext-enhanced-source.xsl
INFO    : successful application of /Users/ajp/.ptx/2.36.0/core/xsl/utilities/pretext-enhanced-source.xsl
INFO    : converting latex-image pictures from /Users/ajp/Dropbox/COD/Engineering 2210 - Circuit Analysis 1/new-Textbook/source/main.ptx to svg graphics for placement in /Users/ajp/Dropbox/COD/Engineering 2210 - Circuit Analysis 1/new-Textbook/generated-assets/latex-image
INFO    : extracting latex-image pictures from /Users/ajp/Dropbox/COD/Engineering 2210 - Circuit Analysis 1/new-Textbook/source/main.ptx
INFO    : string parameters passed to extraction stylesheet: {'publisher': '/Users/ajp/Dropbox/COD/Engineering 2210 - Circuit Analysis 1/new-Textbook/publication/publication.ptx'}
INFO    : discovering source file's directory name: /Users/ajp/Dropbox/COD/Engineering 2210 - Circuit Analysis 1/new-Textbook/source
INFO    : verifying and expanding input directory: /Users/ajp/Dropbox/COD/Engineering 2210 - Circuit Analysis 1/new-Textbook/source/../generated-assets
INFO    : input directory expanded to absolute path: /Users/ajp/Dropbox/COD/Engineering 2210 - Circuit Analysis 1/new-Textbook/generated-assets
INFO    : verifying and expanding input directory: /Users/ajp/Dropbox/COD/Engineering 2210 - Circuit Analysis 1/new-Textbook/source/../assets
INFO    : input directory expanded to absolute path: /Users/ajp/Dropbox/COD/Engineering 2210 - Circuit Analysis 1/new-Textbook/assets
INFO    : discovering source file's directory name: /Users/ajp/Dropbox/COD/Engineering 2210 - Circuit Analysis 1/new-Textbook/source
INFO    : XSL conversion of /Users/ajp/Dropbox/COD/Engineering 2210 - Circuit Analysis 1/new-Textbook/source/main.ptx by /Users/ajp/.ptx/2.36.0/core/xsl/extract-latex-image.xsl
INFO    : successful application of /Users/ajp/.ptx/2.36.0/core/xsl/extract-latex-image.xsl
INFO    : converting ch3-circuit38figansnothelpful2.tex to ch3-circuit38figansnothelpful2.pdf
INFO    : cropping ch3-circuit38figansnothelpful2.pdf to cropped-ch3-circuit38figansnothelpful2.pdf
INFO    : renaming cropped-ch3-circuit38figansnothelpful2.pdf to ch3-circuit38figansnothelpful2.pdf
INFO    : converting ch3-circuit38figansnothelpful2.pdf to ch3-circuit38figansnothelpful2.svg
INFO    : converting ch5-capsymbol.tex to ch5-capsymbol.pdf
INFO    : cropping ch5-capsymbol.pdf to cropped-ch5-capsymbol.pdf
INFO    : renaming cropped-ch5-capsymbol.pdf to ch5-capsymbol.pdf
INFO    : converting ch5-capsymbol.pdf to ch5-capsymbol.svg
INFO    : converting ch3-maxPowerFigure4.tex to ch3-maxPowerFigure4.pdf
INFO    : cropping ch3-maxPowerFigure4.pdf to cropped-ch3-maxPowerFigure4.pdf
INFO    : renaming cropped-ch3-maxPowerFigure4.pdf to ch3-maxPowerFigure4.pdf
INFO    : converting ch3-maxPowerFigure4.pdf to ch3-maxPowerFigure4.svg
INFO    : converting ch5-measuringcapacitance.tex to ch5-measuringcapacitance.pdf
INFO    : cropping ch5-measuringcapacitance.pdf to cropped-ch5-measuringcapacitance.pdf
INFO    : renaming cropped-ch5-measuringcapacitance.pdf to ch5-measuringcapacitance.pdf
INFO    : converting ch5-measuringcapacitance.pdf to ch5-measuringcapacitance.svg
INFO    : converting ch2-circuit225figans1.tex to ch2-circuit225figans1.pdf
INFO    : cropping ch2-circuit225figans1.pdf to cropped-ch2-circuit225figans1.pdf
INFO    : renaming cropped-ch2-circuit225figans1.pdf to ch2-circuit225figans1.pdf
INFO    : converting ch2-circuit225figans1.pdf to ch2-circuit225figans1.svg
INFO    : converting ch2-circuit214fig4.tex to ch2-circuit214fig4.pdf
INFO    : cropping ch2-circuit214fig4.pdf to cropped-ch2-circuit214fig4.pdf
INFO    : renaming cropped-ch2-circuit214fig4.pdf to ch2-circuit214fig4.pdf
INFO    : converting ch2-circuit214fig4.pdf to ch2-circuit214fig4.svg
INFO    : converting ch2-circuitMeshes.tex to ch2-circuitMeshes.pdf
INFO    : cropping ch2-circuitMeshes.pdf to cropped-ch2-circuitMeshes.pdf
INFO    : renaming cropped-ch2-circuitMeshes.pdf to ch2-circuitMeshes.pdf
INFO    : converting ch2-circuitMeshes.pdf to ch2-circuitMeshes.svg
INFO    : converting ch5-dischargercexampledependentdiffeq1.tex to ch5-dischargercexampledependentdiffeq1.pdf
INFO    : cropping ch5-dischargercexampledependentdiffeq1.pdf to cropped-ch5-dischargercexampledependentdiffeq1.pdf
INFO    : renaming cropped-ch5-dischargercexampledependentdiffeq1.pdf to ch5-dischargercexampledependentdiffeq1.pdf
INFO    : converting ch5-dischargercexampledependentdiffeq1.pdf to ch5-dischargercexampledependentdiffeq1.svg
INFO    : converting ch3-nortonExampleFigure2.tex to ch3-nortonExampleFigure2.pdf
INFO    : cropping ch3-nortonExampleFigure2.pdf to cropped-ch3-nortonExampleFigure2.pdf
INFO    : renaming cropped-ch3-nortonExampleFigure2.pdf to ch3-nortonExampleFigure2.pdf
INFO    : converting ch3-nortonExampleFigure2.pdf to ch3-nortonExampleFigure2.svg
INFO    : converting ch2-circuit23figansdelta1.tex to ch2-circuit23figansdelta1.pdf
INFO    : cropping ch2-circuit23figansdelta1.pdf to cropped-ch2-circuit23figansdelta1.pdf
INFO    : renaming cropped-ch2-circuit23figansdelta1.pdf to ch2-circuit23figansdelta1.pdf
INFO    : converting ch2-circuit23figansdelta1.pdf to ch2-circuit23figansdelta1.svg
INFO    : converting sources14exercise-2-1-2.tex to sources14exercise-2-1-2.pdf
INFO    : cropping sources14exercise-2-1-2.pdf to cropped-sources14exercise-2-1-2.pdf
INFO    : renaming cropped-sources14exercise-2-1-2.pdf to sources14exercise-2-1-2.pdf
INFO    : converting sources14exercise-2-1-2.pdf to sources14exercise-2-1-2.svg
INFO    : converting ch3-circuit33figans4.tex to ch3-circuit33figans4.pdf
INFO    : cropping ch3-circuit33figans4.pdf to cropped-ch3-circuit33figans4.pdf
INFO    : renaming cropped-ch3-circuit33figans4.pdf to ch3-circuit33figans4.pdf
INFO    : converting ch3-circuit33figans4.pdf to ch3-circuit33figans4.svg
INFO    : converting ch3-nortonExampleFigure3.tex to ch3-nortonExampleFigure3.pdf
INFO    : cropping ch3-nortonExampleFigure3.pdf to cropped-ch3-nortonExampleFigure3.pdf
INFO    : renaming cropped-ch3-nortonExampleFigure3.pdf to ch3-nortonExampleFigure3.pdf
INFO    : converting ch3-nortonExampleFigure3.pdf to ch3-nortonExampleFigure3.svg
INFO    : converting ch5-homogeneousrccircuitfigure.tex to ch5-homogeneousrccircuitfigure.pdf
INFO    : cropping ch5-homogeneousrccircuitfigure.pdf to cropped-ch5-homogeneousrccircuitfigure.pdf
INFO    : renaming cropped-ch5-homogeneousrccircuitfigure.pdf to ch5-homogeneousrccircuitfigure.pdf
INFO    : converting ch5-homogeneousrccircuitfigure.pdf to ch5-homogeneousrccircuitfigure.svg
INFO    : converting ch1-circuit115exercise.tex to ch1-circuit115exercise.pdf
INFO    : cropping ch1-circuit115exercise.pdf to cropped-ch1-circuit115exercise.pdf
INFO    : renaming cropped-ch1-circuit115exercise.pdf to ch1-circuit115exercise.pdf
INFO    : converting ch1-circuit115exercise.pdf to ch1-circuit115exercise.svg
INFO    : converting ch3-circuit315fig.tex to ch3-circuit315fig.pdf
INFO    : cropping ch3-circuit315fig.pdf to cropped-ch3-circuit315fig.pdf
INFO    : renaming cropped-ch3-circuit315fig.pdf to ch3-circuit315fig.pdf
INFO    : converting ch3-circuit315fig.pdf to ch3-circuit315fig.svg
INFO    : converting ch3-maxPowerFigure5.tex to ch3-maxPowerFigure5.pdf
INFO    : cropping ch3-maxPowerFigure5.pdf to cropped-ch3-maxPowerFigure5.pdf
INFO    : renaming cropped-ch3-maxPowerFigure5.pdf to ch3-maxPowerFigure5.pdf
INFO    : converting ch3-maxPowerFigure5.pdf to ch3-maxPowerFigure5.svg
INFO    : converting ch3-theveninExampleDependent1.tex to ch3-theveninExampleDependent1.pdf
INFO    : cropping ch3-theveninExampleDependent1.pdf to cropped-ch3-theveninExampleDependent1.pdf
INFO    : renaming cropped-ch3-theveninExampleDependent1.pdf to ch3-theveninExampleDependent1.pdf
INFO    : converting ch3-theveninExampleDependent1.pdf to ch3-theveninExampleDependent1.svg
INFO    : converting ch2-kclexample1.tex to ch2-kclexample1.pdf
INFO    : cropping ch2-kclexample1.pdf to cropped-ch2-kclexample1.pdf
INFO    : renaming cropped-ch2-kclexample1.pdf to ch2-kclexample1.pdf
INFO    : converting ch2-kclexample1.pdf to ch2-kclexample1.svg
INFO    : converting ch3-circuit36figans1.tex to ch3-circuit36figans1.pdf
INFO    : cropping ch3-circuit36figans1.pdf to cropped-ch3-circuit36figans1.pdf
INFO    : renaming cropped-ch3-circuit36figans1.pdf to ch3-circuit36figans1.pdf
INFO    : converting ch3-circuit36figans1.pdf to ch3-circuit36figans1.svg
INFO    : converting ch2-circuit25figans1.tex to ch2-circuit25figans1.pdf
INFO    : cropping ch2-circuit25figans1.pdf to cropped-ch2-circuit25figans1.pdf
INFO    : renaming cropped-ch2-circuit25figans1.pdf to ch2-circuit25figans1.pdf
INFO    : converting ch2-circuit25figans1.pdf to ch2-circuit25figans1.svg
INFO    : converting ch1-rampfunctiongraph.tex to ch1-rampfunctiongraph.pdf
INFO    : cropping ch1-rampfunctiongraph.pdf to cropped-ch1-rampfunctiongraph.pdf
INFO    : renaming cropped-ch1-rampfunctiongraph.pdf to ch1-rampfunctiongraph.pdf
INFO    : converting ch1-rampfunctiongraph.pdf to ch1-rampfunctiongraph.svg
INFO    : converting ch2-circuit26fig.tex to ch2-circuit26fig.pdf
INFO    : cropping ch2-circuit26fig.pdf to cropped-ch2-circuit26fig.pdf
INFO    : renaming cropped-ch2-circuit26fig.pdf to ch2-circuit26fig.pdf
INFO    : converting ch2-circuit26fig.pdf to ch2-circuit26fig.svg
INFO    : converting ch3-circuit313figans2.tex to ch3-circuit313figans2.pdf
INFO    : cropping ch3-circuit313figans2.pdf to cropped-ch3-circuit313figans2.pdf
INFO    : renaming cropped-ch3-circuit313figans2.pdf to ch3-circuit313figans2.pdf
INFO    : converting ch3-circuit313figans2.pdf to ch3-circuit313figans2.svg
INFO    : converting ch1-exponentialdecaygraph.tex to ch1-exponentialdecaygraph.pdf
INFO    : cropping ch1-exponentialdecaygraph.pdf to cropped-ch1-exponentialdecaygraph.pdf
INFO    : renaming cropped-ch1-exponentialdecaygraph.pdf to ch1-exponentialdecaygraph.pdf
INFO    : converting ch1-exponentialdecaygraph.pdf to ch1-exponentialdecaygraph.svg
INFO    : converting ch3-circuit38figansnothelpful1.tex to ch3-circuit38figansnothelpful1.pdf
INFO    : cropping ch3-circuit38figansnothelpful1.pdf to cropped-ch3-circuit38figansnothelpful1.pdf
INFO    : renaming cropped-ch3-circuit38figansnothelpful1.pdf to ch3-circuit38figansnothelpful1.pdf
INFO    : converting ch3-circuit38figansnothelpful1.pdf to ch3-circuit38figansnothelpful1.svg
INFO    : converting ch2-circuit25figans3.tex to ch2-circuit25figans3.pdf
INFO    : cropping ch2-circuit25figans3.pdf to cropped-ch2-circuit25figans3.pdf
INFO    : renaming cropped-ch2-circuit25figans3.pdf to ch2-circuit25figans3.pdf
INFO    : converting ch2-circuit25figans3.pdf to ch2-circuit25figans3.svg
INFO    : converting ch3-passiveShort.tex to ch3-passiveShort.pdf
INFO    : cropping ch3-passiveShort.pdf to cropped-ch3-passiveShort.pdf
INFO    : renaming cropped-ch3-passiveShort.pdf to ch3-passiveShort.pdf
INFO    : converting ch3-passiveShort.pdf to ch3-passiveShort.svg
INFO    : converting ch3-theveninExampleDependent3.tex to ch3-theveninExampleDependent3.pdf
INFO    : cropping ch3-theveninExampleDependent3.pdf to cropped-ch3-theveninExampleDependent3.pdf
INFO    : renaming cropped-ch3-theveninExampleDependent3.pdf to ch3-theveninExampleDependent3.pdf
INFO    : converting ch3-theveninExampleDependent3.pdf to ch3-theveninExampleDependent3.svg
INFO    : converting ch5-nonhomogeneousrccircuitfigureswitch.tex to ch5-nonhomogeneousrccircuitfigureswitch.pdf
INFO    : cropping ch5-nonhomogeneousrccircuitfigureswitch.pdf to cropped-ch5-nonhomogeneousrccircuitfigureswitch.pdf
INFO    : renaming cropped-ch5-nonhomogeneousrccircuitfigureswitch.pdf to ch5-nonhomogeneousrccircuitfigureswitch.pdf
INFO    : converting ch5-nonhomogeneousrccircuitfigureswitch.pdf to ch5-nonhomogeneousrccircuitfigureswitch.svg
INFO    : converting ch4-differentialamplifierfigure.tex to ch4-differentialamplifierfigure.pdf
INFO    : cropping ch4-differentialamplifierfigure.pdf to cropped-ch4-differentialamplifierfigure.pdf
INFO    : renaming cropped-ch4-differentialamplifierfigure.pdf to ch4-differentialamplifierfigure.pdf
INFO    : converting ch4-differentialamplifierfigure.pdf to ch4-differentialamplifierfigure.svg
INFO    : converting ch2-potasvr.tex to ch2-potasvr.pdf
INFO    : cropping ch2-potasvr.pdf to cropped-ch2-potasvr.pdf
INFO    : renaming cropped-ch2-potasvr.pdf to ch2-potasvr.pdf
INFO    : converting ch2-potasvr.pdf to ch2-potasvr.svg
INFO    : converting ch2-circuit221fig.tex to ch2-circuit221fig.pdf
INFO    : cropping ch2-circuit221fig.pdf to cropped-ch2-circuit221fig.pdf
INFO    : renaming cropped-ch2-circuit221fig.pdf to ch2-circuit221fig.pdf
INFO    : converting ch2-circuit221fig.pdf to ch2-circuit221fig.svg
INFO    : converting ch3-nortonExampleFigure1.tex to ch3-nortonExampleFigure1.pdf
INFO    : cropping ch3-nortonExampleFigure1.pdf to cropped-ch3-nortonExampleFigure1.pdf
INFO    : renaming cropped-ch3-nortonExampleFigure1.pdf to ch3-nortonExampleFigure1.pdf
INFO    : converting ch3-nortonExampleFigure1.pdf to ch3-nortonExampleFigure1.svg
INFO    : converting ch1-exampletwoseriescurrentsafter.tex to ch1-exampletwoseriescurrentsafter.pdf
INFO    : cropping ch1-exampletwoseriescurrentsafter.pdf to cropped-ch1-exampletwoseriescurrentsafter.pdf
INFO    : renaming cropped-ch1-exampletwoseriescurrentsafter.pdf to ch1-exampletwoseriescurrentsafter.pdf
INFO    : converting ch1-exampletwoseriescurrentsafter.pdf to ch1-exampletwoseriescurrentsafter.svg
INFO    : converting ch2-circuit23figansdelta2.tex to ch2-circuit23figansdelta2.pdf
INFO    : cropping ch2-circuit23figansdelta2.pdf to cropped-ch2-circuit23figansdelta2.pdf
INFO    : renaming cropped-ch2-circuit23figansdelta2.pdf to ch2-circuit23figansdelta2.pdf
INFO    : converting ch2-circuit23figansdelta2.pdf to ch2-circuit23figansdelta2.svg
INFO    : converting ch2-eqresistancecktab.tex to ch2-eqresistancecktab.pdf
INFO    : cropping ch2-eqresistancecktab.pdf to cropped-ch2-eqresistancecktab.pdf
INFO    : renaming cropped-ch2-eqresistancecktab.pdf to ch2-eqresistancecktab.pdf
INFO    : converting ch2-eqresistancecktab.pdf to ch2-eqresistancecktab.svg
INFO    : converting ch4-tnetworkcircuit.tex to ch4-tnetworkcircuit.pdf
INFO    : cropping ch4-tnetworkcircuit.pdf to cropped-ch4-tnetworkcircuit.pdf
INFO    : renaming cropped-ch4-tnetworkcircuit.pdf to ch4-tnetworkcircuit.pdf
INFO    : converting ch4-tnetworkcircuit.pdf to ch4-tnetworkcircuit.svg
INFO    : converting ch2-circuit217fig.tex to ch2-circuit217fig.pdf
INFO    : cropping ch2-circuit217fig.pdf to cropped-ch2-circuit217fig.pdf
INFO    : renaming cropped-ch2-circuit217fig.pdf to ch2-circuit217fig.pdf
INFO    : converting ch2-circuit217fig.pdf to ch2-circuit217fig.svg
INFO    : converting ch1-gravitationalpotential.tex to ch1-gravitationalpotential.pdf
INFO    : cropping ch1-gravitationalpotential.pdf to cropped-ch1-gravitationalpotential.pdf
INFO    : renaming cropped-ch1-gravitationalpotential.pdf to ch1-gravitationalpotential.pdf
INFO    : converting ch1-gravitationalpotential.pdf to ch1-gravitationalpotential.svg
INFO    : converting ch2-figresistorseries.tex to ch2-figresistorseries.pdf
INFO    : cropping ch2-figresistorseries.pdf to cropped-ch2-figresistorseries.pdf
INFO    : renaming cropped-ch2-figresistorseries.pdf to ch2-figresistorseries.pdf
INFO    : converting ch2-figresistorseries.pdf to ch2-figresistorseries.svg
INFO    : converting ch3-theveninExampleDependent2.tex to ch3-theveninExampleDependent2.pdf
INFO    : cropping ch3-theveninExampleDependent2.pdf to cropped-ch3-theveninExampleDependent2.pdf
INFO    : renaming cropped-ch3-theveninExampleDependent2.pdf to ch3-theveninExampleDependent2.pdf
INFO    : converting ch3-theveninExampleDependent2.pdf to ch3-theveninExampleDependent2.svg
INFO    : converting ch2-circuit25figans2.tex to ch2-circuit25figans2.pdf
INFO    : cropping ch2-circuit25figans2.pdf to cropped-ch2-circuit25figans2.pdf
INFO    : renaming cropped-ch2-circuit25figans2.pdf to ch2-circuit25figans2.pdf
INFO    : converting ch2-circuit25figans2.pdf to ch2-circuit25figans2.svg
INFO    : converting ch3-circuit36figans2.tex to ch3-circuit36figans2.pdf
INFO    : cropping ch3-circuit36figans2.pdf to cropped-ch3-circuit36figans2.pdf
INFO    : renaming cropped-ch3-circuit36figans2.pdf to ch3-circuit36figans2.pdf
INFO    : converting ch3-circuit36figans2.pdf to ch3-circuit36figans2.svg
INFO    : converting ch5-dischargercexample8.tex to ch5-dischargercexample8.pdf
INFO    : cropping ch5-dischargercexample8.pdf to cropped-ch5-dischargercexample8.pdf
INFO    : renaming cropped-ch5-dischargercexample8.pdf to ch5-dischargercexample8.pdf
INFO    : converting ch5-dischargercexample8.pdf to ch5-dischargercexample8.svg
INFO    : converting ch3-circuit313figans1.tex to ch3-circuit313figans1.pdf
INFO    : cropping ch3-circuit313figans1.pdf to cropped-ch3-circuit313figans1.pdf
INFO    : renaming cropped-ch3-circuit313figans1.pdf to ch3-circuit313figans1.pdf
INFO    : converting ch3-circuit313figans1.pdf to ch3-circuit313figans1.svg
INFO    : converting ch4-differenceampcircuitdiagram.tex to ch4-differenceampcircuitdiagram.pdf
INFO    : cropping ch4-differenceampcircuitdiagram.pdf to cropped-ch4-differenceampcircuitdiagram.pdf
INFO    : renaming cropped-ch4-differenceampcircuitdiagram.pdf to ch4-differenceampcircuitdiagram.pdf
INFO    : converting ch4-differenceampcircuitdiagram.pdf to ch4-differenceampcircuitdiagram.svg
INFO    : converting ch3-circuit32fig.tex to ch3-circuit32fig.pdf
INFO    : cropping ch3-circuit32fig.pdf to cropped-ch3-circuit32fig.pdf
INFO    : renaming cropped-ch3-circuit32fig.pdf to ch3-circuit32fig.pdf
INFO    : converting ch3-circuit32fig.pdf to ch3-circuit32fig.svg
INFO    : converting ch2-circuit223fig.tex to ch2-circuit223fig.pdf
INFO    : cropping ch2-circuit223fig.pdf to cropped-ch2-circuit223fig.pdf
INFO    : renaming cropped-ch2-circuit223fig.pdf to ch2-circuit223fig.pdf
INFO    : converting ch2-circuit223fig.pdf to ch2-circuit223fig.svg
INFO    : converting ch1-measuringvoltagefig.tex to ch1-measuringvoltagefig.pdf
INFO    : cropping ch1-measuringvoltagefig.pdf to cropped-ch1-measuringvoltagefig.pdf
INFO    : renaming cropped-ch1-measuringvoltagefig.pdf to ch1-measuringvoltagefig.pdf
INFO    : converting ch1-measuringvoltagefig.pdf to ch1-measuringvoltagefig.svg
INFO    : converting ch3-maxPowerFigure2.tex to ch3-maxPowerFigure2.pdf
INFO    : cropping ch3-maxPowerFigure2.pdf to cropped-ch3-maxPowerFigure2.pdf
INFO    : renaming cropped-ch3-maxPowerFigure2.pdf to ch3-maxPowerFigure2.pdf
INFO    : converting ch3-maxPowerFigure2.pdf to ch3-maxPowerFigure2.svg
INFO    : converting ch2-circuit25figans6.tex to ch2-circuit25figans6.pdf
INFO    : cropping ch2-circuit25figans6.pdf to cropped-ch2-circuit25figans6.pdf
INFO    : renaming cropped-ch2-circuit25figans6.pdf to ch2-circuit25figans6.pdf
INFO    : converting ch2-circuit25figans6.pdf to ch2-circuit25figans6.svg
INFO    : converting ch1-diracdeltafunctionexample.tex to ch1-diracdeltafunctionexample.pdf
INFO    : cropping ch1-diracdeltafunctionexample.pdf to cropped-ch1-diracdeltafunctionexample.pdf
INFO    : renaming cropped-ch1-diracdeltafunctionexample.pdf to ch1-diracdeltafunctionexample.pdf
INFO    : converting ch1-diracdeltafunctionexample.pdf to ch1-diracdeltafunctionexample.svg
INFO    : converting ch5-tantalumcapdiagram.tex to ch5-tantalumcapdiagram.pdf
INFO    : cropping ch5-tantalumcapdiagram.pdf to cropped-ch5-tantalumcapdiagram.pdf
INFO    : renaming cropped-ch5-tantalumcapdiagram.pdf to ch5-tantalumcapdiagram.pdf
INFO    : converting ch5-tantalumcapdiagram.pdf to ch5-tantalumcapdiagram.svg
INFO    : converting ch2-circuit214fig2.tex to ch2-circuit214fig2.pdf
INFO    : cropping ch2-circuit214fig2.pdf to cropped-ch2-circuit214fig2.pdf
INFO    : renaming cropped-ch2-circuit214fig2.pdf to ch2-circuit214fig2.pdf
INFO    : converting ch2-circuit214fig2.pdf to ch2-circuit214fig2.svg
INFO    : converting sources15exercise-2-1-2.tex to sources15exercise-2-1-2.pdf
INFO    : cropping sources15exercise-2-1-2.pdf to cropped-sources15exercise-2-1-2.pdf
INFO    : renaming cropped-sources15exercise-2-1-2.pdf to sources15exercise-2-1-2.pdf
INFO    : converting sources15exercise-2-1-2.pdf to sources15exercise-2-1-2.svg
INFO    : converting ch3-circuit33figans3.tex to ch3-circuit33figans3.pdf
INFO    : cropping ch3-circuit33figans3.pdf to cropped-ch3-circuit33figans3.pdf
INFO    : renaming cropped-ch3-circuit33figans3.pdf to ch3-circuit33figans3.pdf
INFO    : converting ch3-circuit33figans3.pdf to ch3-circuit33figans3.svg
INFO    : converting ch3-openCircuitVoltageCircuit.tex to ch3-openCircuitVoltageCircuit.pdf
INFO    : cropping ch3-openCircuitVoltageCircuit.pdf to cropped-ch3-openCircuitVoltageCircuit.pdf
INFO    : renaming cropped-ch3-openCircuitVoltageCircuit.pdf to ch3-openCircuitVoltageCircuit.pdf
INFO    : converting ch3-openCircuitVoltageCircuit.pdf to ch3-openCircuitVoltageCircuit.svg
INFO    : converting ch4-cascadedblockfigure.tex to ch4-cascadedblockfigure.pdf
INFO    : cropping ch4-cascadedblockfigure.pdf to cropped-ch4-cascadedblockfigure.pdf
INFO    : renaming cropped-ch4-cascadedblockfigure.pdf to ch4-cascadedblockfigure.pdf
INFO    : converting ch4-cascadedblockfigure.pdf to ch4-cascadedblockfigure.svg
INFO    : converting ch3-circuit33figans2.tex to ch3-circuit33figans2.pdf
INFO    : cropping ch3-circuit33figans2.pdf to cropped-ch3-circuit33figans2.pdf
INFO    : renaming cropped-ch3-circuit33figans2.pdf to ch3-circuit33figans2.pdf
INFO    : converting ch3-circuit33figans2.pdf to ch3-circuit33figans2.svg
INFO    : converting ch1-circuit13exercise.tex to ch1-circuit13exercise.pdf
INFO    : cropping ch1-circuit13exercise.pdf to cropped-ch1-circuit13exercise.pdf
INFO    : renaming cropped-ch1-circuit13exercise.pdf to ch1-circuit13exercise.pdf
INFO    : converting ch1-circuit13exercise.pdf to ch1-circuit13exercise.svg
INFO    : converting ch2-highlowcurrent.tex to ch2-highlowcurrent.pdf
INFO    : cropping ch2-highlowcurrent.pdf to cropped-ch2-highlowcurrent.pdf
INFO    : renaming cropped-ch2-highlowcurrent.pdf to ch2-highlowcurrent.pdf
INFO    : converting ch2-highlowcurrent.pdf to ch2-highlowcurrent.svg
INFO    : converting ch2-circuit219fig.tex to ch2-circuit219fig.pdf
INFO    : cropping ch2-circuit219fig.pdf to cropped-ch2-circuit219fig.pdf
INFO    : renaming cropped-ch2-circuit219fig.pdf to ch2-circuit219fig.pdf
INFO    : converting ch2-circuit219fig.pdf to ch2-circuit219fig.svg
INFO    : converting ch3-maxPowerFigure3.tex to ch3-maxPowerFigure3.pdf
INFO    : cropping ch3-maxPowerFigure3.pdf to cropped-ch3-maxPowerFigure3.pdf
INFO    : renaming cropped-ch3-maxPowerFigure3.pdf to ch3-maxPowerFigure3.pdf
INFO    : converting ch3-maxPowerFigure3.pdf to ch3-maxPowerFigure3.svg
INFO    : converting elementarysignals117exercise-4-9-2.tex to elementarysignals117exercise-4-9-2.pdf
INFO    : cropping elementarysignals117exercise-4-9-2.pdf to cropped-elementarysignals117exercise-4-9-2.pdf
INFO    : renaming cropped-elementarysignals117exercise-4-9-2.pdf to elementarysignals117exercise-4-9-2.pdf
INFO    : converting elementarysignals117exercise-4-9-2.pdf to elementarysignals117exercise-4-9-2.svg
INFO    : converting ch2-resistorparallel.tex to ch2-resistorparallel.pdf
INFO    : cropping ch2-resistorparallel.pdf to cropped-ch2-resistorparallel.pdf
INFO    : renaming cropped-ch2-resistorparallel.pdf to ch2-resistorparallel.pdf
INFO    : converting ch2-resistorparallel.pdf to ch2-resistorparallel.svg
INFO    : converting elementarysignals120exercise-2-1-2.tex to elementarysignals120exercise-2-1-2.pdf
INFO    : cropping elementarysignals120exercise-2-1-2.pdf to cropped-elementarysignals120exercise-2-1-2.pdf
INFO    : renaming cropped-elementarysignals120exercise-2-1-2.pdf to elementarysignals120exercise-2-1-2.pdf
INFO    : converting elementarysignals120exercise-2-1-2.pdf to elementarysignals120exercise-2-1-2.svg
INFO    : converting ch2-circuit220figans1.tex to ch2-circuit220figans1.pdf
INFO    : cropping ch2-circuit220figans1.pdf to cropped-ch2-circuit220figans1.pdf
INFO    : renaming cropped-ch2-circuit220figans1.pdf to ch2-circuit220figans1.pdf
INFO    : converting ch2-circuit220figans1.pdf to ch2-circuit220figans1.svg
INFO    : converting ch2-resistancefromviex1.tex to ch2-resistancefromviex1.pdf
INFO    : cropping ch2-resistancefromviex1.pdf to cropped-ch2-resistancefromviex1.pdf
INFO    : renaming cropped-ch2-resistancefromviex1.pdf to ch2-resistancefromviex1.pdf
INFO    : converting ch2-resistancefromviex1.pdf to ch2-resistancefromviex1.svg
INFO    : converting ch3-maxPowerFigure1.tex to ch3-maxPowerFigure1.pdf
INFO    : cropping ch3-maxPowerFigure1.pdf to cropped-ch3-maxPowerFigure1.pdf
INFO    : renaming cropped-ch3-maxPowerFigure1.pdf to ch3-maxPowerFigure1.pdf
INFO    : converting ch3-maxPowerFigure1.pdf to ch3-maxPowerFigure1.svg
INFO    : converting ch2-circuit25figans5.tex to ch2-circuit25figans5.pdf
INFO    : cropping ch2-circuit25figans5.pdf to cropped-ch2-circuit25figans5.pdf
INFO    : renaming cropped-ch2-circuit25figans5.pdf to ch2-circuit25figans5.pdf
INFO    : converting ch2-circuit25figans5.pdf to ch2-circuit25figans5.svg
INFO    : converting ch2-circuit214fig1.tex to ch2-circuit214fig1.pdf
INFO    : cropping ch2-circuit214fig1.pdf to cropped-ch2-circuit214fig1.pdf
INFO    : renaming cropped-ch2-circuit214fig1.pdf to ch2-circuit214fig1.pdf
INFO    : converting ch2-circuit214fig1.pdf to ch2-circuit214fig1.svg
INFO    : converting ch4-summingampfigure.tex to ch4-summingampfigure.pdf
INFO    : cropping ch4-summingampfigure.pdf to cropped-ch4-summingampfigure.pdf
INFO    : renaming cropped-ch4-summingampfigure.pdf to ch4-summingampfigure.pdf
INFO    : converting ch4-summingampfigure.pdf to ch4-summingampfigure.svg
INFO    : converting ch2-voltagecalcex1.tex to ch2-voltagecalcex1.pdf
INFO    : cropping ch2-voltagecalcex1.pdf to cropped-ch2-voltagecalcex1.pdf
INFO    : renaming cropped-ch2-voltagecalcex1.pdf to ch2-voltagecalcex1.pdf
INFO    : converting ch2-voltagecalcex1.pdf to ch2-voltagecalcex1.svg
INFO    : converting ch2-eqresistancecktae.tex to ch2-eqresistancecktae.pdf
INFO    : cropping ch2-eqresistancecktae.pdf to cropped-ch2-eqresistancecktae.pdf
INFO    : renaming cropped-ch2-eqresistancecktae.pdf to ch2-eqresistancecktae.pdf
INFO    : converting ch2-eqresistancecktae.pdf to ch2-eqresistancecktae.svg
INFO    : converting ch3-circuit33figans1.tex to ch3-circuit33figans1.pdf
INFO    : cropping ch3-circuit33figans1.pdf to cropped-ch3-circuit33figans1.pdf
INFO    : renaming cropped-ch3-circuit33figans1.pdf to ch3-circuit33figans1.pdf
INFO    : converting ch3-circuit33figans1.pdf to ch3-circuit33figans1.svg
INFO    : converting ch2-meshvsbranchfig.tex to ch2-meshvsbranchfig.pdf
INFO    : cropping ch2-meshvsbranchfig.pdf to cropped-ch2-meshvsbranchfig.pdf
INFO    : renaming cropped-ch2-meshvsbranchfig.pdf to ch2-meshvsbranchfig.pdf
INFO    : converting ch2-meshvsbranchfig.pdf to ch2-meshvsbranchfig.svg
INFO    : converting ch1-voltmeter.tex to ch1-voltmeter.pdf
INFO    : cropping ch1-voltmeter.pdf to cropped-ch1-voltmeter.pdf
INFO    : renaming cropped-ch1-voltmeter.pdf to ch1-voltmeter.pdf
INFO    : converting ch1-voltmeter.pdf to ch1-voltmeter.svg
INFO    : converting ch5-polarizedcapsymbol.tex to ch5-polarizedcapsymbol.pdf
INFO    : cropping ch5-polarizedcapsymbol.pdf to cropped-ch5-polarizedcapsymbol.pdf
INFO    : renaming cropped-ch5-polarizedcapsymbol.pdf to ch5-polarizedcapsymbol.pdf
INFO    : converting ch5-polarizedcapsymbol.pdf to ch5-polarizedcapsymbol.svg
INFO    : converting ch4-dividedfeedbackfig.tex to ch4-dividedfeedbackfig.pdf
INFO    : cropping ch4-dividedfeedbackfig.pdf to cropped-ch4-dividedfeedbackfig.pdf
INFO    : renaming cropped-ch4-dividedfeedbackfig.pdf to ch4-dividedfeedbackfig.pdf
INFO    : converting ch4-dividedfeedbackfig.pdf to ch4-dividedfeedbackfig.svg
INFO    : converting ch2-powercalcex1.tex to ch2-powercalcex1.pdf
INFO    : cropping ch2-powercalcex1.pdf to cropped-ch2-powercalcex1.pdf
INFO    : renaming cropped-ch2-powercalcex1.pdf to ch2-powercalcex1.pdf
INFO    : converting ch2-powercalcex1.pdf to ch2-powercalcex1.svg
INFO    : converting ch2-circuit25figans4.tex to ch2-circuit25figans4.pdf
INFO    : cropping ch2-circuit25figans4.pdf to cropped-ch2-circuit25figans4.pdf
INFO    : renaming cropped-ch2-circuit25figans4.pdf to ch2-circuit25figans4.pdf
INFO    : converting ch2-circuit25figans4.pdf to ch2-circuit25figans4.svg
INFO    : converting ch1-rampfunctionexamplegraph.tex to ch1-rampfunctionexamplegraph.pdf
INFO    : cropping ch1-rampfunctionexamplegraph.pdf to cropped-ch1-rampfunctionexamplegraph.pdf
INFO    : renaming cropped-ch1-rampfunctionexamplegraph.pdf to ch1-rampfunctionexamplegraph.pdf
INFO    : converting ch1-rampfunctionexamplegraph.pdf to ch1-rampfunctionexamplegraph.svg
INFO    : converting ch4-comparatorgraphfig.tex to ch4-comparatorgraphfig.pdf
INFO    : cropping ch4-comparatorgraphfig.pdf to cropped-ch4-comparatorgraphfig.pdf
INFO    : renaming cropped-ch4-comparatorgraphfig.pdf to ch4-comparatorgraphfig.pdf
INFO    : converting ch4-comparatorgraphfig.pdf to ch4-comparatorgraphfig.svg
INFO    : converting ch3-shortCircuitCurrentFigure.tex to ch3-shortCircuitCurrentFigure.pdf
INFO    : cropping ch3-shortCircuitCurrentFigure.pdf to cropped-ch3-shortCircuitCurrentFigure.pdf
INFO    : renaming cropped-ch3-shortCircuitCurrentFigure.pdf to ch3-shortCircuitCurrentFigure.pdf
INFO    : converting ch3-shortCircuitCurrentFigure.pdf to ch3-shortCircuitCurrentFigure.svg
INFO    : converting ch2-circuit28fig.tex to ch2-circuit28fig.pdf
INFO    : cropping ch2-circuit28fig.pdf to cropped-ch2-circuit28fig.pdf
INFO    : renaming cropped-ch2-circuit28fig.pdf to ch2-circuit28fig.pdf
INFO    : converting ch2-circuit28fig.pdf to ch2-circuit28fig.svg
INFO    : converting ch5-ch5-discontinuouscurrent.tex to ch5-ch5-discontinuouscurrent.pdf
INFO    : cropping ch5-ch5-discontinuouscurrent.pdf to cropped-ch5-ch5-discontinuouscurrent.pdf
INFO    : renaming cropped-ch5-ch5-discontinuouscurrent.pdf to ch5-ch5-discontinuouscurrent.pdf
INFO    : converting ch5-ch5-discontinuouscurrent.pdf to ch5-ch5-discontinuouscurrent.svg
INFO    : converting ch1-circuit113exercise.tex to ch1-circuit113exercise.pdf
INFO    : cropping ch1-circuit113exercise.pdf to cropped-ch1-circuit113exercise.pdf
INFO    : renaming cropped-ch1-circuit113exercise.pdf to ch1-circuit113exercise.pdf
INFO    : converting ch1-circuit113exercise.pdf to ch1-circuit113exercise.svg
INFO    : converting ch3-theveninExample4.tex to ch3-theveninExample4.pdf
INFO    : cropping ch3-theveninExample4.pdf to cropped-ch3-theveninExample4.pdf
INFO    : renaming cropped-ch3-theveninExample4.pdf to ch3-theveninExample4.pdf
INFO    : converting ch3-theveninExample4.pdf to ch3-theveninExample4.svg
INFO    : converting ch5-opampintegratorfigure.tex to ch5-opampintegratorfigure.pdf
INFO    : cropping ch5-opampintegratorfigure.pdf to cropped-ch5-opampintegratorfigure.pdf
INFO    : renaming cropped-ch5-opampintegratorfigure.pdf to ch5-opampintegratorfigure.pdf
INFO    : converting ch5-opampintegratorfigure.pdf to ch5-opampintegratorfigure.svg
INFO    : converting ch2-circuit211fig.tex to ch2-circuit211fig.pdf
INFO    : cropping ch2-circuit211fig.pdf to cropped-ch2-circuit211fig.pdf
INFO    : renaming cropped-ch2-circuit211fig.pdf to ch2-circuit211fig.pdf
INFO    : converting ch2-circuit211fig.pdf to ch2-circuit211fig.svg
INFO    : converting ch5-parallelcapdiagram.tex to ch5-parallelcapdiagram.pdf
INFO    : cropping ch5-parallelcapdiagram.pdf to cropped-ch5-parallelcapdiagram.pdf
INFO    : renaming cropped-ch5-parallelcapdiagram.pdf to ch5-parallelcapdiagram.pdf
INFO    : converting ch5-parallelcapdiagram.pdf to ch5-parallelcapdiagram.svg
INFO    : converting ch2-resistorserieslength.tex to ch2-resistorserieslength.pdf
INFO    : cropping ch2-resistorserieslength.pdf to cropped-ch2-resistorserieslength.pdf
INFO    : renaming cropped-ch2-resistorserieslength.pdf to ch2-resistorserieslength.pdf
INFO    : converting ch2-resistorserieslength.pdf to ch2-resistorserieslength.svg
INFO    : converting ch5-generalrcexample4.tex to ch5-generalrcexample4.pdf
INFO    : cropping ch5-generalrcexample4.pdf to cropped-ch5-generalrcexample4.pdf
INFO    : renaming cropped-ch5-generalrcexample4.pdf to ch5-generalrcexample4.pdf
INFO    : converting ch5-generalrcexample4.pdf to ch5-generalrcexample4.svg
INFO    : converting ch3-maximumPowerFigure.tex to ch3-maximumPowerFigure.pdf
INFO    : cropping ch3-maximumPowerFigure.pdf to cropped-ch3-maximumPowerFigure.pdf
INFO    : renaming cropped-ch3-maximumPowerFigure.pdf to ch3-maximumPowerFigure.pdf
INFO    : converting ch3-maximumPowerFigure.pdf to ch3-maximumPowerFigure.svg
INFO    : converting ch3-circuit39figans2.tex to ch3-circuit39figans2.pdf
INFO    : cropping ch3-circuit39figans2.pdf to cropped-ch3-circuit39figans2.pdf
INFO    : renaming cropped-ch3-circuit39figans2.pdf to ch3-circuit39figans2.pdf
INFO    : converting ch3-circuit39figans2.pdf to ch3-circuit39figans2.svg
INFO    : converting ch4-examplecircuit410.tex to ch4-examplecircuit410.pdf
INFO    : cropping ch4-examplecircuit410.pdf to cropped-ch4-examplecircuit410.pdf
INFO    : renaming cropped-ch4-examplecircuit410.pdf to ch4-examplecircuit410.pdf
INFO    : converting ch4-examplecircuit410.pdf to ch4-examplecircuit410.svg
INFO    : converting ch1-exampletwoseriesvoltages.tex to ch1-exampletwoseriesvoltages.pdf
INFO    : cropping ch1-exampletwoseriesvoltages.pdf to cropped-ch1-exampletwoseriesvoltages.pdf
INFO    : renaming cropped-ch1-exampletwoseriesvoltages.pdf to ch1-exampletwoseriesvoltages.pdf
INFO    : converting ch1-exampletwoseriesvoltages.pdf to ch1-exampletwoseriesvoltages.svg
INFO    : converting ch3-superpositionNumericSubcircuitFigure5.tex to ch3-superpositionNumericSubcircuitFigure5.pdf
INFO    : cropping ch3-superpositionNumericSubcircuitFigure5.pdf to cropped-ch3-superpositionNumericSubcircuitFigure5.pdf
INFO    : renaming cropped-ch3-superpositionNumericSubcircuitFigure5.pdf to ch3-superpositionNumericSubcircuitFigure5.pdf
INFO    : converting ch3-superpositionNumericSubcircuitFigure5.pdf to ch3-superpositionNumericSubcircuitFigure5.svg
INFO    : converting ch3-circuit34fig.tex to ch3-circuit34fig.pdf
INFO    : cropping ch3-circuit34fig.pdf to cropped-ch3-circuit34fig.pdf
INFO    : renaming cropped-ch3-circuit34fig.pdf to ch3-circuit34fig.pdf
INFO    : converting ch3-circuit34fig.pdf to ch3-circuit34fig.svg
INFO    : converting ch4-cascadedinvertingexamplefig.tex to ch4-cascadedinvertingexamplefig.pdf
INFO    : cropping ch4-cascadedinvertingexamplefig.pdf to cropped-ch4-cascadedinvertingexamplefig.pdf
INFO    : renaming cropped-ch4-cascadedinvertingexamplefig.pdf to ch4-cascadedinvertingexamplefig.pdf
INFO    : converting ch4-cascadedinvertingexamplefig.pdf to ch4-cascadedinvertingexamplefig.svg
INFO    : converting ch3-circuit34figans1.tex to ch3-circuit34figans1.pdf
INFO    : cropping ch3-circuit34figans1.pdf to cropped-ch3-circuit34figans1.pdf
INFO    : renaming cropped-ch3-circuit34figans1.pdf to ch3-circuit34figans1.pdf
INFO    : converting ch3-circuit34figans1.pdf to ch3-circuit34figans1.svg
INFO    : converting ch2-deltacircuitdiagram.tex to ch2-deltacircuitdiagram.pdf
INFO    : cropping ch2-deltacircuitdiagram.pdf to cropped-ch2-deltacircuitdiagram.pdf
INFO    : renaming cropped-ch2-deltacircuitdiagram.pdf to ch2-deltacircuitdiagram.pdf
INFO    : converting ch2-deltacircuitdiagram.pdf to ch2-deltacircuitdiagram.svg
INFO    : converting ch3-circuit311figans2.tex to ch3-circuit311figans2.pdf
INFO    : cropping ch3-circuit311figans2.pdf to cropped-ch3-circuit311figans2.pdf
INFO    : renaming cropped-ch3-circuit311figans2.pdf to ch3-circuit311figans2.pdf
INFO    : converting ch3-circuit311figans2.pdf to ch3-circuit311figans2.svg
INFO    : converting ch2-referenceresistor.tex to ch2-referenceresistor.pdf
INFO    : cropping ch2-referenceresistor.pdf to cropped-ch2-referenceresistor.pdf
INFO    : renaming cropped-ch2-referenceresistor.pdf to ch2-referenceresistor.pdf
INFO    : converting ch2-referenceresistor.pdf to ch2-referenceresistor.svg
INFO    : converting ch4-twolinearequations.tex to ch4-twolinearequations.pdf
INFO    : cropping ch4-twolinearequations.pdf to cropped-ch4-twolinearequations.pdf
INFO    : renaming cropped-ch4-twolinearequations.pdf to ch4-twolinearequations.pdf
INFO    : converting ch4-twolinearequations.pdf to ch4-twolinearequations.svg
INFO    : converting elementarysignals120exercise-3-2-2.tex to elementarysignals120exercise-3-2-2.pdf
INFO    : cropping elementarysignals120exercise-3-2-2.pdf to cropped-elementarysignals120exercise-3-2-2.pdf
INFO    : renaming cropped-elementarysignals120exercise-3-2-2.pdf to elementarysignals120exercise-3-2-2.pdf
INFO    : converting elementarysignals120exercise-3-2-2.pdf to elementarysignals120exercise-3-2-2.svg
INFO    : converting ch4-singleendedamp.tex to ch4-singleendedamp.pdf
INFO    : cropping ch4-singleendedamp.pdf to cropped-ch4-singleendedamp.pdf
INFO    : renaming cropped-ch4-singleendedamp.pdf to ch4-singleendedamp.pdf
INFO    : converting ch4-singleendedamp.pdf to ch4-singleendedamp.svg
INFO    : converting ch5-parallelcaps-8-2-4-2.tex to ch5-parallelcaps-8-2-4-2.pdf
INFO    : cropping ch5-parallelcaps-8-2-4-2.pdf to cropped-ch5-parallelcaps-8-2-4-2.pdf
INFO    : renaming cropped-ch5-parallelcaps-8-2-4-2.pdf to ch5-parallelcaps-8-2-4-2.pdf
INFO    : converting ch5-parallelcaps-8-2-4-2.pdf to ch5-parallelcaps-8-2-4-2.svg
INFO    : converting ch3-superpositionNumericSubcircuitFigure4.tex to ch3-superpositionNumericSubcircuitFigure4.pdf
INFO    : cropping ch3-superpositionNumericSubcircuitFigure4.pdf to cropped-ch3-superpositionNumericSubcircuitFigure4.pdf
INFO    : renaming cropped-ch3-superpositionNumericSubcircuitFigure4.pdf to ch3-superpositionNumericSubcircuitFigure4.pdf
INFO    : converting ch3-superpositionNumericSubcircuitFigure4.pdf to ch3-superpositionNumericSubcircuitFigure4.svg
INFO    : converting ch4-examplecircuit411.tex to ch4-examplecircuit411.pdf
INFO    : cropping ch4-examplecircuit411.pdf to cropped-ch4-examplecircuit411.pdf
INFO    : renaming cropped-ch4-examplecircuit411.pdf to ch4-examplecircuit411.pdf
INFO    : converting ch4-examplecircuit411.pdf to ch4-examplecircuit411.svg
INFO    : converting ch2-circuit25figansdelta2.tex to ch2-circuit25figansdelta2.pdf
INFO    : cropping ch2-circuit25figansdelta2.pdf to cropped-ch2-circuit25figansdelta2.pdf
INFO    : renaming cropped-ch2-circuit25figansdelta2.pdf to ch2-circuit25figansdelta2.pdf
INFO    : converting ch2-circuit25figansdelta2.pdf to ch2-circuit25figansdelta2.svg
INFO    : converting ch3-circuit39figans3.tex to ch3-circuit39figans3.pdf
INFO    : cropping ch3-circuit39figans3.pdf to cropped-ch3-circuit39figans3.pdf
INFO    : renaming cropped-ch3-circuit39figans3.pdf to ch3-circuit39figans3.pdf
INFO    : converting ch3-circuit39figans3.pdf to ch3-circuit39figans3.svg
INFO    : converting ch5-generalrcexample5.tex to ch5-generalrcexample5.pdf
INFO    : cropping ch5-generalrcexample5.pdf to cropped-ch5-generalrcexample5.pdf
INFO    : renaming cropped-ch5-generalrcexample5.pdf to ch5-generalrcexample5.pdf
INFO    : converting ch5-generalrcexample5.pdf to ch5-generalrcexample5.svg
INFO    : converting elementarysignals117exercise-4-12-2.tex to elementarysignals117exercise-4-12-2.pdf
INFO    : cropping elementarysignals117exercise-4-12-2.pdf to cropped-elementarysignals117exercise-4-12-2.pdf
INFO    : renaming cropped-elementarysignals117exercise-4-12-2.pdf to elementarysignals117exercise-4-12-2.pdf
INFO    : converting elementarysignals117exercise-4-12-2.pdf to elementarysignals117exercise-4-12-2.svg
INFO    : converting ch5-generalrcexample7.tex to ch5-generalrcexample7.pdf
INFO    : cropping ch5-generalrcexample7.pdf to cropped-ch5-generalrcexample7.pdf
INFO    : renaming cropped-ch5-generalrcexample7.pdf to ch5-generalrcexample7.pdf
INFO    : converting ch5-generalrcexample7.pdf to ch5-generalrcexample7.svg
INFO    : converting ch3-circuit314figans4.tex to ch3-circuit314figans4.pdf
INFO    : cropping ch3-circuit314figans4.pdf to cropped-ch3-circuit314figans4.pdf
INFO    : renaming cropped-ch3-circuit314figans4.pdf to ch3-circuit314figans4.pdf
INFO    : converting ch3-circuit314figans4.pdf to ch3-circuit314figans4.svg
INFO    : converting ch4-examplecircuit413.tex to ch4-examplecircuit413.pdf
INFO    : cropping ch4-examplecircuit413.pdf to cropped-ch4-examplecircuit413.pdf
INFO    : renaming cropped-ch4-examplecircuit413.pdf to ch4-examplecircuit413.pdf
INFO    : converting ch4-examplecircuit413.pdf to ch4-examplecircuit413.svg
INFO    : converting ch3-circuit39figans1.tex to ch3-circuit39figans1.pdf
INFO    : cropping ch3-circuit39figans1.pdf to cropped-ch3-circuit39figans1.pdf
INFO    : renaming cropped-ch3-circuit39figans1.pdf to ch3-circuit39figans1.pdf
INFO    : converting ch3-circuit39figans1.pdf to ch3-circuit39figans1.svg
INFO    : converting ch3-superpositionNumericSubcircuitFigure6.tex to ch3-superpositionNumericSubcircuitFigure6.pdf
INFO    : cropping ch3-superpositionNumericSubcircuitFigure6.pdf to cropped-ch3-superpositionNumericSubcircuitFigure6.pdf
INFO    : renaming cropped-ch3-superpositionNumericSubcircuitFigure6.pdf to ch3-superpositionNumericSubcircuitFigure6.pdf
INFO    : converting ch3-superpositionNumericSubcircuitFigure6.pdf to ch3-superpositionNumericSubcircuitFigure6.svg
INFO    : converting ch3-circuit34figans2.tex to ch3-circuit34figans2.pdf
INFO    : cropping ch3-circuit34figans2.pdf to cropped-ch3-circuit34figans2.pdf
INFO    : renaming cropped-ch3-circuit34figans2.pdf to ch3-circuit34figans2.pdf
INFO    : converting ch3-circuit34figans2.pdf to ch3-circuit34figans2.svg
INFO    : converting ch5-parallelcaps-8-2-6-2.tex to ch5-parallelcaps-8-2-6-2.pdf
INFO    : cropping ch5-parallelcaps-8-2-6-2.pdf to cropped-ch5-parallelcaps-8-2-6-2.pdf
INFO    : renaming cropped-ch5-parallelcaps-8-2-6-2.pdf to ch5-parallelcaps-8-2-6-2.pdf
INFO    : converting ch5-parallelcaps-8-2-6-2.pdf to ch5-parallelcaps-8-2-6-2.svg
INFO    : converting ch3-circuit311figans1.tex to ch3-circuit311figans1.pdf
INFO    : cropping ch3-circuit311figans1.pdf to cropped-ch3-circuit311figans1.pdf
INFO    : renaming cropped-ch3-circuit311figans1.pdf to ch3-circuit311figans1.pdf
INFO    : converting ch3-circuit311figans1.pdf to ch3-circuit311figans1.svg
INFO    : converting ch4-pwmcktfig.tex to ch4-pwmcktfig.pdf
INFO    : cropping ch4-pwmcktfig.pdf to cropped-ch4-pwmcktfig.pdf
INFO    : renaming cropped-ch4-pwmcktfig.pdf to ch4-pwmcktfig.pdf
INFO    : converting ch4-pwmcktfig.pdf to ch4-pwmcktfig.svg
INFO    : converting ch3-circuit313fig.tex to ch3-circuit313fig.pdf
INFO    : cropping ch3-circuit313fig.pdf to cropped-ch3-circuit313fig.pdf
INFO    : renaming cropped-ch3-circuit313fig.pdf to ch3-circuit313fig.pdf
INFO    : converting ch3-circuit313fig.pdf to ch3-circuit313fig.svg
INFO    : converting ch5-seriescapsfig.tex to ch5-seriescapsfig.pdf
INFO    : cropping ch5-seriescapsfig.pdf to cropped-ch5-seriescapsfig.pdf
INFO    : renaming cropped-ch5-seriescapsfig.pdf to ch5-seriescapsfig.pdf
INFO    : converting ch5-seriescapsfig.pdf to ch5-seriescapsfig.svg
INFO    : converting ch5-homogeneousrcatzeroplus.tex to ch5-homogeneousrcatzeroplus.pdf
INFO    : cropping ch5-homogeneousrcatzeroplus.pdf to cropped-ch5-homogeneousrcatzeroplus.pdf
INFO    : renaming cropped-ch5-homogeneousrcatzeroplus.pdf to ch5-homogeneousrcatzeroplus.pdf
INFO    : converting ch5-homogeneousrcatzeroplus.pdf to ch5-homogeneousrcatzeroplus.svg
INFO    : converting ch2-cktloopmesh.tex to ch2-cktloopmesh.pdf
INFO    : cropping ch2-cktloopmesh.pdf to cropped-ch2-cktloopmesh.pdf
INFO    : renaming cropped-ch2-cktloopmesh.pdf to ch2-cktloopmesh.pdf
INFO    : converting ch2-cktloopmesh.pdf to ch2-cktloopmesh.svg
INFO    : converting ch3-circuit34figans3.tex to ch3-circuit34figans3.pdf
INFO    : cropping ch3-circuit34figans3.pdf to cropped-ch3-circuit34figans3.pdf
INFO    : renaming cropped-ch3-circuit34figans3.pdf to ch3-circuit34figans3.pdf
INFO    : converting ch3-circuit34figans3.pdf to ch3-circuit34figans3.svg
INFO    : converting ch5-parallelplatewithcharge.tex to ch5-parallelplatewithcharge.pdf
INFO    : cropping ch5-parallelplatewithcharge.pdf to cropped-ch5-parallelplatewithcharge.pdf
INFO    : renaming cropped-ch5-parallelplatewithcharge.pdf to ch5-parallelplatewithcharge.pdf
INFO    : converting ch5-parallelplatewithcharge.pdf to ch5-parallelplatewithcharge.svg
INFO    : converting ch2-circuit25figansdelta1.tex to ch2-circuit25figansdelta1.pdf
INFO    : cropping ch2-circuit25figansdelta1.pdf to cropped-ch2-circuit25figansdelta1.pdf
INFO    : renaming cropped-ch2-circuit25figansdelta1.pdf to ch2-circuit25figansdelta1.pdf
INFO    : converting ch2-circuit25figansdelta1.pdf to ch2-circuit25figansdelta1.svg
INFO    : converting ch4-examplecircuit412.tex to ch4-examplecircuit412.pdf
INFO    : cropping ch4-examplecircuit412.pdf to cropped-ch4-examplecircuit412.pdf
INFO    : renaming cropped-ch4-examplecircuit412.pdf to ch4-examplecircuit412.pdf
INFO    : converting ch4-examplecircuit412.pdf to ch4-examplecircuit412.svg
INFO    : converting ch2-threenodes.tex to ch2-threenodes.pdf
INFO    : cropping ch2-threenodes.pdf to cropped-ch2-threenodes.pdf
INFO    : renaming cropped-ch2-threenodes.pdf to ch2-threenodes.pdf
INFO    : converting ch2-threenodes.pdf to ch2-threenodes.svg
INFO    : converting ch5-generalrcexample6.tex to ch5-generalrcexample6.pdf
INFO    : cropping ch5-generalrcexample6.pdf to cropped-ch5-generalrcexample6.pdf
INFO    : renaming cropped-ch5-generalrcexample6.pdf to ch5-generalrcexample6.pdf
INFO    : converting ch5-generalrcexample6.pdf to ch5-generalrcexample6.svg
INFO    : converting ch4-noninvertingopampcktfigure.tex to ch4-noninvertingopampcktfigure.pdf
INFO    : cropping ch4-noninvertingopampcktfigure.pdf to cropped-ch4-noninvertingopampcktfigure.pdf
INFO    : renaming cropped-ch4-noninvertingopampcktfigure.pdf to ch4-noninvertingopampcktfigure.pdf
INFO    : converting ch4-noninvertingopampcktfigure.pdf to ch4-noninvertingopampcktfigure.svg
INFO    : converting ch1-powerdeliverorabsorb.tex to ch1-powerdeliverorabsorb.pdf
INFO    : cropping ch1-powerdeliverorabsorb.pdf to cropped-ch1-powerdeliverorabsorb.pdf
INFO    : renaming cropped-ch1-powerdeliverorabsorb.pdf to ch1-powerdeliverorabsorb.pdf
INFO    : converting ch1-powerdeliverorabsorb.pdf to ch1-powerdeliverorabsorb.svg
INFO    : converting ch2-kvlexample1.tex to ch2-kvlexample1.pdf
INFO    : cropping ch2-kvlexample1.pdf to cropped-ch2-kvlexample1.pdf
INFO    : renaming cropped-ch2-kvlexample1.pdf to ch2-kvlexample1.pdf
INFO    : converting ch2-kvlexample1.pdf to ch2-kvlexample1.svg
INFO    : converting ch3-theveninExample2.tex to ch3-theveninExample2.pdf
INFO    : cropping ch3-theveninExample2.pdf to cropped-ch3-theveninExample2.pdf
INFO    : renaming cropped-ch3-theveninExample2.pdf to ch3-theveninExample2.pdf
INFO    : converting ch3-theveninExample2.pdf to ch3-theveninExample2.svg
INFO    : converting ch3-circuit31figans2.tex to ch3-circuit31figans2.pdf
INFO    : cropping ch3-circuit31figans2.pdf to cropped-ch3-circuit31figans2.pdf
INFO    : renaming cropped-ch3-circuit31figans2.pdf to ch3-circuit31figans2.pdf
INFO    : converting ch3-circuit31figans2.pdf to ch3-circuit31figans2.svg
INFO    : converting ch4-voltagediv9to5.tex to ch4-voltagediv9to5.pdf
INFO    : cropping ch4-voltagediv9to5.pdf to cropped-ch4-voltagediv9to5.pdf
INFO    : renaming cropped-ch4-voltagediv9to5.pdf to ch4-voltagediv9to5.pdf
INFO    : converting ch4-voltagediv9to5.pdf to ch4-voltagediv9to5.svg
INFO    : converting ch3-circuit311fig.tex to ch3-circuit311fig.pdf
INFO    : cropping ch3-circuit311fig.pdf to cropped-ch3-circuit311fig.pdf
INFO    : renaming cropped-ch3-circuit311fig.pdf to ch3-circuit311fig.pdf
INFO    : converting ch3-circuit311fig.pdf to ch3-circuit311fig.svg
INFO    : converting ch5-generalrcexample2.tex to ch5-generalrcexample2.pdf
INFO    : cropping ch5-generalrcexample2.pdf to cropped-ch5-generalrcexample2.pdf
INFO    : renaming cropped-ch5-generalrcexample2.pdf to ch5-generalrcexample2.pdf
INFO    : converting ch5-generalrcexample2.pdf to ch5-generalrcexample2.svg
INFO    : converting ch3-circuit314figans1.tex to ch3-circuit314figans1.pdf
INFO    : cropping ch3-circuit314figans1.pdf to cropped-ch3-circuit314figans1.pdf
INFO    : renaming cropped-ch3-circuit314figans1.pdf to ch3-circuit314figans1.pdf
INFO    : converting ch3-circuit314figans1.pdf to ch3-circuit314figans1.svg
INFO    : converting ch3-superpositionNumericSubcircuitFigure3.tex to ch3-superpositionNumericSubcircuitFigure3.pdf
INFO    : cropping ch3-superpositionNumericSubcircuitFigure3.pdf to cropped-ch3-superpositionNumericSubcircuitFigure3.pdf
INFO    : renaming cropped-ch3-superpositionNumericSubcircuitFigure3.pdf to ch3-superpositionNumericSubcircuitFigure3.pdf
INFO    : converting ch3-superpositionNumericSubcircuitFigure3.pdf to ch3-superpositionNumericSubcircuitFigure3.svg
INFO    : converting ch1-exampletwoseriesvoltagesother.tex to ch1-exampletwoseriesvoltagesother.pdf
INFO    : cropping ch1-exampletwoseriesvoltagesother.pdf to cropped-ch1-exampletwoseriesvoltagesother.pdf
INFO    : renaming cropped-ch1-exampletwoseriesvoltagesother.pdf to ch1-exampletwoseriesvoltagesother.pdf
INFO    : converting ch1-exampletwoseriesvoltagesother.pdf to ch1-exampletwoseriesvoltagesother.svg
INFO    : converting ch5-variablecapsymbol.tex to ch5-variablecapsymbol.pdf
INFO    : cropping ch5-variablecapsymbol.pdf to cropped-ch5-variablecapsymbol.pdf
INFO    : renaming cropped-ch5-variablecapsymbol.pdf to ch5-variablecapsymbol.pdf
INFO    : converting ch5-variablecapsymbol.pdf to ch5-variablecapsymbol.svg
INFO    : converting ch3-circuit39figans4.tex to ch3-circuit39figans4.pdf
INFO    : cropping ch3-circuit39figans4.pdf to cropped-ch3-circuit39figans4.pdf
INFO    : renaming cropped-ch3-circuit39figans4.pdf to ch3-circuit39figans4.pdf
INFO    : converting ch3-circuit39figans4.pdf to ch3-circuit39figans4.svg
INFO    : converting ch2-circuit22fig.tex to ch2-circuit22fig.pdf
INFO    : cropping ch2-circuit22fig.pdf to cropped-ch2-circuit22fig.pdf
INFO    : renaming cropped-ch2-circuit22fig.pdf to ch2-circuit22fig.pdf
INFO    : converting ch2-circuit22fig.pdf to ch2-circuit22fig.svg
INFO    : converting ch4-examplecircuit48.tex to ch4-examplecircuit48.pdf
INFO    : cropping ch4-examplecircuit48.pdf to cropped-ch4-examplecircuit48.pdf
INFO    : renaming cropped-ch4-examplecircuit48.pdf to ch4-examplecircuit48.pdf
INFO    : converting ch4-examplecircuit48.pdf to ch4-examplecircuit48.svg
INFO    : converting ch3-circuit34figans7.tex to ch3-circuit34figans7.pdf
INFO    : cropping ch3-circuit34figans7.pdf to cropped-ch3-circuit34figans7.pdf
INFO    : renaming cropped-ch3-circuit34figans7.pdf to ch3-circuit34figans7.pdf
INFO    : converting ch3-circuit34figans7.pdf to ch3-circuit34figans7.svg
INFO    : converting ch3-circuit34figans6.tex to ch3-circuit34figans6.pdf
INFO    : cropping ch3-circuit34figans6.pdf to cropped-ch3-circuit34figans6.pdf
INFO    : renaming cropped-ch3-circuit34figans6.pdf to ch3-circuit34figans6.pdf
INFO    : converting ch3-circuit34figans6.pdf to ch3-circuit34figans6.svg
INFO    : converting ch4-examplecircuit49.tex to ch4-examplecircuit49.pdf
INFO    : cropping ch4-examplecircuit49.pdf to cropped-ch4-examplecircuit49.pdf
INFO    : renaming cropped-ch4-examplecircuit49.pdf to ch4-examplecircuit49.pdf
INFO    : converting ch4-examplecircuit49.pdf to ch4-examplecircuit49.svg
INFO    : converting ch1-sinewave.tex to ch1-sinewave.pdf
INFO    : cropping ch1-sinewave.pdf to cropped-ch1-sinewave.pdf
INFO    : renaming cropped-ch1-sinewave.pdf to ch1-sinewave.pdf
INFO    : converting ch1-sinewave.pdf to ch1-sinewave.svg
INFO    : converting ch3-circuit39figans5.tex to ch3-circuit39figans5.pdf
INFO    : cropping ch3-circuit39figans5.pdf to cropped-ch3-circuit39figans5.pdf
INFO    : renaming cropped-ch3-circuit39figans5.pdf to ch3-circuit39figans5.pdf
INFO    : converting ch3-circuit39figans5.pdf to ch3-circuit39figans5.svg
INFO    : converting ch3-superpositionNumericSubcircuitFigure2.tex to ch3-superpositionNumericSubcircuitFigure2.pdf
INFO    : cropping ch3-superpositionNumericSubcircuitFigure2.pdf to cropped-ch3-superpositionNumericSubcircuitFigure2.pdf
INFO    : renaming cropped-ch3-superpositionNumericSubcircuitFigure2.pdf to ch3-superpositionNumericSubcircuitFigure2.pdf
INFO    : converting ch3-superpositionNumericSubcircuitFigure2.pdf to ch3-superpositionNumericSubcircuitFigure2.svg
INFO    : converting ch5-generalrcexample3.tex to ch5-generalrcexample3.pdf
INFO    : cropping ch5-generalrcexample3.pdf to cropped-ch5-generalrcexample3.pdf
INFO    : renaming cropped-ch5-generalrcexample3.pdf to ch5-generalrcexample3.pdf
INFO    : converting ch5-generalrcexample3.pdf to ch5-generalrcexample3.svg
INFO    : converting ch2-circuit218figans1.tex to ch2-circuit218figans1.pdf
INFO    : cropping ch2-circuit218figans1.pdf to cropped-ch2-circuit218figans1.pdf
INFO    : renaming cropped-ch2-circuit218figans1.pdf to ch2-circuit218figans1.pdf
INFO    : converting ch2-circuit218figans1.pdf to ch2-circuit218figans1.svg
INFO    : converting ch3-theveninExample3.tex to ch3-theveninExample3.pdf
INFO    : cropping ch3-theveninExample3.pdf to cropped-ch3-theveninExample3.pdf
INFO    : renaming cropped-ch3-theveninExample3.pdf to ch3-theveninExample3.pdf
INFO    : converting ch3-theveninExample3.pdf to ch3-theveninExample3.svg
INFO    : converting ch2-kvlexample2.tex to ch2-kvlexample2.pdf
INFO    : cropping ch2-kvlexample2.pdf to cropped-ch2-kvlexample2.pdf
INFO    : renaming cropped-ch2-kvlexample2.pdf to ch2-kvlexample2.pdf
INFO    : converting ch2-kvlexample2.pdf to ch2-kvlexample2.svg
INFO    : converting ch2-cktnodes.tex to ch2-cktnodes.pdf
INFO    : cropping ch2-cktnodes.pdf to cropped-ch2-cktnodes.pdf
INFO    : renaming cropped-ch2-cktnodes.pdf to ch2-cktnodes.pdf
INFO    : converting ch2-cktnodes.pdf to ch2-cktnodes.svg
INFO    : converting ch3-circuit31figans1.tex to ch3-circuit31figans1.pdf
INFO    : cropping ch3-circuit31figans1.pdf to cropped-ch3-circuit31figans1.pdf
INFO    : renaming cropped-ch3-circuit31figans1.pdf to ch3-circuit31figans1.pdf
INFO    : converting ch3-circuit31figans1.pdf to ch3-circuit31figans1.svg
INFO    : converting ch3-theveninExample1.tex to ch3-theveninExample1.pdf
INFO    : cropping ch3-theveninExample1.pdf to cropped-ch3-theveninExample1.pdf
INFO    : renaming cropped-ch3-theveninExample1.pdf to ch3-theveninExample1.pdf
INFO    : converting ch3-theveninExample1.pdf to ch3-theveninExample1.svg
INFO    : converting ch1-rectpulsefig.tex to ch1-rectpulsefig.pdf
INFO    : cropping ch1-rectpulsefig.pdf to cropped-ch1-rectpulsefig.pdf
INFO    : renaming cropped-ch1-rectpulsefig.pdf to ch1-rectpulsefig.pdf
INFO    : converting ch1-rectpulsefig.pdf to ch1-rectpulsefig.svg
INFO    : converting ch3-circuit314figans2.tex to ch3-circuit314figans2.pdf
INFO    : cropping ch3-circuit314figans2.pdf to cropped-ch3-circuit314figans2.pdf
INFO    : renaming cropped-ch3-circuit314figans2.pdf to ch3-circuit314figans2.pdf
INFO    : converting ch3-circuit314figans2.pdf to ch3-circuit314figans2.svg
INFO    : converting ch5-generalrcexample1.tex to ch5-generalrcexample1.pdf
INFO    : cropping ch5-generalrcexample1.pdf to cropped-ch5-generalrcexample1.pdf
INFO    : renaming cropped-ch5-generalrcexample1.pdf to ch5-generalrcexample1.pdf
INFO    : converting ch5-generalrcexample1.pdf to ch5-generalrcexample1.svg
INFO    : converting ch1-diracdeltafigure.tex to ch1-diracdeltafigure.pdf
INFO    : cropping ch1-diracdeltafigure.pdf to cropped-ch1-diracdeltafigure.pdf
INFO    : renaming cropped-ch1-diracdeltafigure.pdf to ch1-diracdeltafigure.pdf
INFO    : converting ch1-diracdeltafigure.pdf to ch1-diracdeltafigure.svg
INFO    : converting ch4-examplecircuit415.tex to ch4-examplecircuit415.pdf
INFO    : cropping ch4-examplecircuit415.pdf to cropped-ch4-examplecircuit415.pdf
INFO    : renaming cropped-ch4-examplecircuit415.pdf to ch4-examplecircuit415.pdf
INFO    : converting ch4-examplecircuit415.pdf to ch4-examplecircuit415.svg
INFO    : converting ch1-triangularpulsegraph.tex to ch1-triangularpulsegraph.pdf
INFO    : cropping ch1-triangularpulsegraph.pdf to cropped-ch1-triangularpulsegraph.pdf
INFO    : renaming cropped-ch1-triangularpulsegraph.pdf to ch1-triangularpulsegraph.pdf
INFO    : converting ch1-triangularpulsegraph.pdf to ch1-triangularpulsegraph.svg
INFO    : converting ch3-circuit34figans4.tex to ch3-circuit34figans4.pdf
INFO    : cropping ch3-circuit34figans4.pdf to cropped-ch3-circuit34figans4.pdf
INFO    : renaming cropped-ch3-circuit34figans4.pdf to ch3-circuit34figans4.pdf
INFO    : converting ch3-circuit34figans4.pdf to ch3-circuit34figans4.svg
INFO    : converting ch3-circuit311figans.tex to ch3-circuit311figans.pdf
INFO    : cropping ch3-circuit311figans.pdf to cropped-ch3-circuit311figans.pdf
INFO    : renaming cropped-ch3-circuit311figans.pdf to ch3-circuit311figans.pdf
INFO    : converting ch3-circuit311figans.pdf to ch3-circuit311figans.svg
INFO    : converting ch1-circuit116exercise.tex to ch1-circuit116exercise.pdf
INFO    : cropping ch1-circuit116exercise.pdf to cropped-ch1-circuit116exercise.pdf
INFO    : renaming cropped-ch1-circuit116exercise.pdf to ch1-circuit116exercise.pdf
INFO    : converting ch1-circuit116exercise.pdf to ch1-circuit116exercise.svg
INFO    : converting ch2-circuit213fig.tex to ch2-circuit213fig.pdf
INFO    : cropping ch2-circuit213fig.pdf to cropped-ch2-circuit213fig.pdf
INFO    : renaming cropped-ch2-circuit213fig.pdf to ch2-circuit213fig.pdf
INFO    : converting ch2-circuit213fig.pdf to ch2-circuit213fig.svg
INFO    : converting ch3-shortedVoltageSource.tex to ch3-shortedVoltageSource.pdf
INFO    : cropping ch3-shortedVoltageSource.pdf to cropped-ch3-shortedVoltageSource.pdf
INFO    : renaming cropped-ch3-shortedVoltageSource.pdf to ch3-shortedVoltageSource.pdf
INFO    : converting ch3-shortedVoltageSource.pdf to ch3-shortedVoltageSource.svg
INFO    : converting ch2-resistorsymbol.tex to ch2-resistorsymbol.pdf
INFO    : cropping ch2-resistorsymbol.pdf to cropped-ch2-resistorsymbol.pdf
INFO    : renaming cropped-ch2-resistorsymbol.pdf to ch2-resistorsymbol.pdf
INFO    : converting ch2-resistorsymbol.pdf to ch2-resistorsymbol.svg
INFO    : converting ch3-circuit34figans5.tex to ch3-circuit34figans5.pdf
INFO    : cropping ch3-circuit34figans5.pdf to cropped-ch3-circuit34figans5.pdf
INFO    : renaming cropped-ch3-circuit34figans5.pdf to ch3-circuit34figans5.pdf
INFO    : converting ch3-circuit34figans5.pdf to ch3-circuit34figans5.svg
INFO    : converting ch5-aluminumelectrolyticdiagram.tex to ch5-aluminumelectrolyticdiagram.pdf
INFO    : cropping ch5-aluminumelectrolyticdiagram.pdf to cropped-ch5-aluminumelectrolyticdiagram.pdf
INFO    : renaming cropped-ch5-aluminumelectrolyticdiagram.pdf to ch5-aluminumelectrolyticdiagram.pdf
INFO    : converting ch5-aluminumelectrolyticdiagram.pdf to ch5-aluminumelectrolyticdiagram.svg
INFO    : converting ch1-exampletwoseriesvoltagesotherafter.tex to ch1-exampletwoseriesvoltagesotherafter.pdf
INFO    : cropping ch1-exampletwoseriesvoltagesotherafter.pdf to cropped-ch1-exampletwoseriesvoltagesotherafter.pdf
INFO    : renaming cropped-ch1-exampletwoseriesvoltagesotherafter.pdf to ch1-exampletwoseriesvoltagesotherafter.pdf
INFO    : converting ch1-exampletwoseriesvoltagesotherafter.pdf to ch1-exampletwoseriesvoltagesotherafter.svg
INFO    : converting ch2-circuit225fig.tex to ch2-circuit225fig.pdf
INFO    : cropping ch2-circuit225fig.pdf to cropped-ch2-circuit225fig.pdf
INFO    : renaming cropped-ch2-circuit225fig.pdf to ch2-circuit225fig.pdf
INFO    : converting ch2-circuit225fig.pdf to ch2-circuit225fig.svg
INFO    : converting ch4-examplecircuit414.tex to ch4-examplecircuit414.pdf
INFO    : cropping ch4-examplecircuit414.pdf to cropped-ch4-examplecircuit414.pdf
INFO    : renaming cropped-ch4-examplecircuit414.pdf to ch4-examplecircuit414.pdf
INFO    : converting ch4-examplecircuit414.pdf to ch4-examplecircuit414.svg
INFO    : converting ch3-circuit39figans6.tex to ch3-circuit39figans6.pdf
INFO    : cropping ch3-circuit39figans6.pdf to cropped-ch3-circuit39figans6.pdf
INFO    : renaming cropped-ch3-circuit39figans6.pdf to ch3-circuit39figans6.pdf
INFO    : converting ch3-circuit39figans6.pdf to ch3-circuit39figans6.svg
INFO    : converting ch3-superpositionNumericSubcircuitFigure1.tex to ch3-superpositionNumericSubcircuitFigure1.pdf
INFO    : cropping ch3-superpositionNumericSubcircuitFigure1.pdf to cropped-ch3-superpositionNumericSubcircuitFigure1.pdf
INFO    : renaming cropped-ch3-superpositionNumericSubcircuitFigure1.pdf to ch3-superpositionNumericSubcircuitFigure1.pdf
INFO    : converting ch3-superpositionNumericSubcircuitFigure1.pdf to ch3-superpositionNumericSubcircuitFigure1.svg
INFO    : converting ch3-circuit314figans3.tex to ch3-circuit314figans3.pdf
INFO    : cropping ch3-circuit314figans3.pdf to cropped-ch3-circuit314figans3.pdf
INFO    : renaming cropped-ch3-circuit314figans3.pdf to ch3-circuit314figans3.pdf
INFO    : converting ch3-circuit314figans3.pdf to ch3-circuit314figans3.svg
INFO    : converting ch2-circuit218figans2.tex to ch2-circuit218figans2.pdf
INFO    : cropping ch2-circuit218figans2.pdf to cropped-ch2-circuit218figans2.pdf
INFO    : renaming cropped-ch2-circuit218figans2.pdf to ch2-circuit218figans2.pdf
INFO    : converting ch2-circuit218figans2.pdf to ch2-circuit218figans2.svg
INFO    : converting ch4-examplecircuit410sol2.tex to ch4-examplecircuit410sol2.pdf
INFO    : cropping ch4-examplecircuit410sol2.pdf to cropped-ch4-examplecircuit410sol2.pdf
INFO    : renaming cropped-ch4-examplecircuit410sol2.pdf to ch4-examplecircuit410sol2.pdf
INFO    : converting ch4-examplecircuit410sol2.pdf to ch4-examplecircuit410sol2.svg
INFO    : converting ch2-voltagedividerexfig3.tex to ch2-voltagedividerexfig3.pdf
INFO    : cropping ch2-voltagedividerexfig3.pdf to cropped-ch2-voltagedividerexfig3.pdf
INFO    : renaming cropped-ch2-voltagedividerexfig3.pdf to ch2-voltagedividerexfig3.pdf
INFO    : converting ch2-voltagedividerexfig3.pdf to ch2-voltagedividerexfig3.svg
INFO    : converting ch5-generaltransientexamplefiguregraphscomeon.tex to ch5-generaltransientexamplefiguregraphscomeon.pdf
INFO    : cropping ch5-generaltransientexamplefiguregraphscomeon.pdf to cropped-ch5-generaltransientexamplefiguregraphscomeon.pdf
INFO    : renaming cropped-ch5-generaltransientexamplefiguregraphscomeon.pdf to ch5-generaltransientexamplefiguregraphscomeon.pdf
INFO    : converting ch5-generaltransientexamplefiguregraphscomeon.pdf to ch5-generaltransientexamplefiguregraphscomeon.svg
INFO    : converting ch3-circuit32figans3.tex to ch3-circuit32figans3.pdf
INFO    : cropping ch3-circuit32figans3.pdf to cropped-ch3-circuit32figans3.pdf
INFO    : renaming cropped-ch3-circuit32figans3.pdf to ch3-circuit32figans3.pdf
INFO    : converting ch3-circuit32figans3.pdf to ch3-circuit32figans3.svg
INFO    : converting ch4-examplecircuit47.tex to ch4-examplecircuit47.pdf
INFO    : cropping ch4-examplecircuit47.pdf to cropped-ch4-examplecircuit47.pdf
INFO    : renaming cropped-ch4-examplecircuit47.pdf to ch4-examplecircuit47.pdf
INFO    : converting ch4-examplecircuit47.pdf to ch4-examplecircuit47.svg
INFO    : converting ch2-currentfromvrex1.tex to ch2-currentfromvrex1.pdf
INFO    : cropping ch2-currentfromvrex1.pdf to cropped-ch2-currentfromvrex1.pdf
INFO    : renaming cropped-ch2-currentfromvrex1.pdf to ch2-currentfromvrex1.pdf
INFO    : converting ch2-currentfromvrex1.pdf to ch2-currentfromvrex1.svg
INFO    : converting ch3-circuit312figans5.tex to ch3-circuit312figans5.pdf
INFO    : cropping ch3-circuit312figans5.pdf to cropped-ch3-circuit312figans5.pdf
INFO    : renaming cropped-ch3-circuit312figans5.pdf to ch3-circuit312figans5.pdf
INFO    : converting ch3-circuit312figans5.pdf to ch3-circuit312figans5.svg
INFO    : converting ch3-circuit33fig.tex to ch3-circuit33fig.pdf
INFO    : cropping ch3-circuit33fig.pdf to cropped-ch3-circuit33fig.pdf
INFO    : renaming cropped-ch3-circuit33fig.pdf to ch3-circuit33fig.pdf
INFO    : converting ch3-circuit33fig.pdf to ch3-circuit33fig.svg
INFO    : converting ch3-circuit34figans8.tex to ch3-circuit34figans8.pdf
INFO    : cropping ch3-circuit34figans8.pdf to cropped-ch3-circuit34figans8.pdf
INFO    : renaming cropped-ch3-circuit34figans8.pdf to ch3-circuit34figans8.pdf
INFO    : converting ch3-circuit34figans8.pdf to ch3-circuit34figans8.svg
INFO    : converting ch1-circuit111exercise.tex to ch1-circuit111exercise.pdf
INFO    : cropping ch1-circuit111exercise.pdf to cropped-ch1-circuit111exercise.pdf
INFO    : renaming cropped-ch1-circuit111exercise.pdf to ch1-circuit111exercise.pdf
INFO    : converting ch1-circuit111exercise.pdf to ch1-circuit111exercise.svg
INFO    : converting ch3-superpositionSubcircuitFigure1.tex to ch3-superpositionSubcircuitFigure1.pdf
INFO    : cropping ch3-superpositionSubcircuitFigure1.pdf to cropped-ch3-superpositionSubcircuitFigure1.pdf
INFO    : renaming cropped-ch3-superpositionSubcircuitFigure1.pdf to ch3-superpositionSubcircuitFigure1.pdf
INFO    : converting ch3-superpositionSubcircuitFigure1.pdf to ch3-superpositionSubcircuitFigure1.svg
INFO    : converting ch2-circuit215ans1.tex to ch2-circuit215ans1.pdf
INFO    : cropping ch2-circuit215ans1.pdf to cropped-ch2-circuit215ans1.pdf
INFO    : renaming cropped-ch2-circuit215ans1.pdf to ch2-circuit215ans1.pdf
INFO    : converting ch2-circuit215ans1.pdf to ch2-circuit215ans1.svg
INFO    : converting elementarysignals117exercise-4-6-2.tex to elementarysignals117exercise-4-6-2.pdf
INFO    : cropping elementarysignals117exercise-4-6-2.pdf to cropped-elementarysignals117exercise-4-6-2.pdf
INFO    : renaming cropped-elementarysignals117exercise-4-6-2.pdf to elementarysignals117exercise-4-6-2.pdf
INFO    : converting elementarysignals117exercise-4-6-2.pdf to elementarysignals117exercise-4-6-2.svg
INFO    : converting ch5-ceramiccapdiagram.tex to ch5-ceramiccapdiagram.pdf
INFO    : cropping ch5-ceramiccapdiagram.pdf to cropped-ch5-ceramiccapdiagram.pdf
INFO    : renaming cropped-ch5-ceramiccapdiagram.pdf to ch5-ceramiccapdiagram.pdf
INFO    : converting ch5-ceramiccapdiagram.pdf to ch5-ceramiccapdiagram.svg
INFO    : converting ch5-chargercexample1.tex to ch5-chargercexample1.pdf
INFO    : cropping ch5-chargercexample1.pdf to cropped-ch5-chargercexample1.pdf
INFO    : renaming cropped-ch5-chargercexample1.pdf to ch5-chargercexample1.pdf
INFO    : converting ch5-chargercexample1.pdf to ch5-chargercexample1.svg
INFO    : converting ch2-voltagefromirex2.tex to ch2-voltagefromirex2.pdf
INFO    : cropping ch2-voltagefromirex2.pdf to cropped-ch2-voltagefromirex2.pdf
INFO    : renaming cropped-ch2-voltagefromirex2.pdf to ch2-voltagefromirex2.pdf
INFO    : converting ch2-voltagefromirex2.pdf to ch2-voltagefromirex2.svg
INFO    : converting ch3-circuit34figans9.tex to ch3-circuit34figans9.pdf
INFO    : cropping ch3-circuit34figans9.pdf to cropped-ch3-circuit34figans9.pdf
INFO    : renaming cropped-ch3-circuit34figans9.pdf to ch3-circuit34figans9.pdf
INFO    : converting ch3-circuit34figans9.pdf to ch3-circuit34figans9.svg
INFO    : converting ch3-circuit312figans4.tex to ch3-circuit312figans4.pdf
INFO    : cropping ch3-circuit312figans4.pdf to cropped-ch3-circuit312figans4.pdf
INFO    : renaming cropped-ch3-circuit312figans4.pdf to ch3-circuit312figans4.pdf
INFO    : converting ch3-circuit312figans4.pdf to ch3-circuit312figans4.svg
INFO    : converting ch4-examplecircuit46.tex to ch4-examplecircuit46.pdf
INFO    : cropping ch4-examplecircuit46.pdf to cropped-ch4-examplecircuit46.pdf
INFO    : renaming cropped-ch4-examplecircuit46.pdf to ch4-examplecircuit46.pdf
INFO    : converting ch4-examplecircuit46.pdf to ch4-examplecircuit46.svg
INFO    : converting ch3-circuit32figans2.tex to ch3-circuit32figans2.pdf
INFO    : cropping ch3-circuit32figans2.pdf to cropped-ch3-circuit32figans2.pdf
INFO    : renaming cropped-ch3-circuit32figans2.pdf to ch3-circuit32figans2.pdf
INFO    : converting ch3-circuit32figans2.pdf to ch3-circuit32figans2.svg
INFO    : converting ch3-circuit34figans10.tex to ch3-circuit34figans10.pdf
INFO    : cropping ch3-circuit34figans10.pdf to cropped-ch3-circuit34figans10.pdf
INFO    : renaming cropped-ch3-circuit34figans10.pdf to ch3-circuit34figans10.pdf
INFO    : converting ch3-circuit34figans10.pdf to ch3-circuit34figans10.svg
INFO    : converting ch3-shortCircuitCurrentExample1.tex to ch3-shortCircuitCurrentExample1.pdf
INFO    : cropping ch3-shortCircuitCurrentExample1.pdf to cropped-ch3-shortCircuitCurrentExample1.pdf
INFO    : renaming cropped-ch3-shortCircuitCurrentExample1.pdf to ch3-shortCircuitCurrentExample1.pdf
INFO    : converting ch3-shortCircuitCurrentExample1.pdf to ch3-shortCircuitCurrentExample1.svg
INFO    : converting ch2-currentdividerex2.tex to ch2-currentdividerex2.pdf
INFO    : cropping ch2-currentdividerex2.pdf to cropped-ch2-currentdividerex2.pdf
INFO    : renaming cropped-ch2-currentdividerex2.pdf to ch2-currentdividerex2.pdf
INFO    : converting ch2-currentdividerex2.pdf to ch2-currentdividerex2.svg
INFO    : converting ch5-dischargercexampledependentthevenin1.tex to ch5-dischargercexampledependentthevenin1.pdf
INFO    : cropping ch5-dischargercexampledependentthevenin1.pdf to cropped-ch5-dischargercexampledependentthevenin1.pdf
INFO    : renaming cropped-ch5-dischargercexampledependentthevenin1.pdf to ch5-dischargercexampledependentthevenin1.pdf
INFO    : converting ch5-dischargercexampledependentthevenin1.pdf to ch5-dischargercexampledependentthevenin1.svg
INFO    : converting ch2-circuit220fig.tex to ch2-circuit220fig.pdf
INFO    : cropping ch2-circuit220fig.pdf to cropped-ch2-circuit220fig.pdf
INFO    : renaming cropped-ch2-circuit220fig.pdf to ch2-circuit220fig.pdf
INFO    : converting ch2-circuit220fig.pdf to ch2-circuit220fig.svg
INFO    : converting ch2-deltawyeexample1.tex to ch2-deltawyeexample1.pdf
INFO    : cropping ch2-deltawyeexample1.pdf to cropped-ch2-deltawyeexample1.pdf
INFO    : renaming cropped-ch2-deltawyeexample1.pdf to ch2-deltawyeexample1.pdf
INFO    : converting ch2-deltawyeexample1.pdf to ch2-deltawyeexample1.svg
INFO    : converting ch2-voltagedividerexfig2.tex to ch2-voltagedividerexfig2.pdf
INFO    : cropping ch2-voltagedividerexfig2.pdf to cropped-ch2-voltagedividerexfig2.pdf
INFO    : renaming cropped-ch2-voltagedividerexfig2.pdf to ch2-voltagedividerexfig2.pdf
INFO    : converting ch2-voltagedividerexfig2.pdf to ch2-voltagedividerexfig2.svg
INFO    : converting ch4-invertingopampcurrent.tex to ch4-invertingopampcurrent.pdf
INFO    : cropping ch4-invertingopampcurrent.pdf to cropped-ch4-invertingopampcurrent.pdf
INFO    : renaming cropped-ch4-invertingopampcurrent.pdf to ch4-invertingopampcurrent.pdf
INFO    : converting ch4-invertingopampcurrent.pdf to ch4-invertingopampcurrent.svg
INFO    : converting ch5-opampdifffigure.tex to ch5-opampdifffigure.pdf
INFO    : cropping ch5-opampdifffigure.pdf to cropped-ch5-opampdifffigure.pdf
INFO    : renaming cropped-ch5-opampdifffigure.pdf to ch5-opampdifffigure.pdf
INFO    : converting ch5-opampdifffigure.pdf to ch5-opampdifffigure.svg
INFO    : converting ch4-examplecircuit410sol1.tex to ch4-examplecircuit410sol1.pdf
INFO    : cropping ch4-examplecircuit410sol1.pdf to cropped-ch4-examplecircuit410sol1.pdf
INFO    : renaming cropped-ch4-examplecircuit410sol1.pdf to ch4-examplecircuit410sol1.pdf
INFO    : converting ch4-examplecircuit410sol1.pdf to ch4-examplecircuit410sol1.svg
INFO    : converting ch3-circuit314figans.tex to ch3-circuit314figans.pdf
INFO    : cropping ch3-circuit314figans.pdf to cropped-ch3-circuit314figans.pdf
INFO    : renaming cropped-ch3-circuit314figans.pdf to ch3-circuit314figans.pdf
INFO    : converting ch3-circuit314figans.pdf to ch3-circuit314figans.svg
INFO    : converting ch1-stepfunctionexamplegraph.tex to ch1-stepfunctionexamplegraph.pdf
INFO    : cropping ch1-stepfunctionexamplegraph.pdf to cropped-ch1-stepfunctionexamplegraph.pdf
INFO    : renaming cropped-ch1-stepfunctionexamplegraph.pdf to ch1-stepfunctionexamplegraph.pdf
INFO    : converting ch1-stepfunctionexamplegraph.pdf to ch1-stepfunctionexamplegraph.svg
INFO    : converting ch2-deltawyeexample3.tex to ch2-deltawyeexample3.pdf
INFO    : cropping ch2-deltawyeexample3.pdf to cropped-ch2-deltawyeexample3.pdf
INFO    : renaming cropped-ch2-deltawyeexample3.pdf to ch2-deltawyeexample3.pdf
INFO    : converting ch2-deltawyeexample3.pdf to ch2-deltawyeexample3.svg
INFO    : converting ch3-sourceTransformationFigure5.tex to ch3-sourceTransformationFigure5.pdf
INFO    : cropping ch3-sourceTransformationFigure5.pdf to cropped-ch3-sourceTransformationFigure5.pdf
INFO    : renaming cropped-ch3-sourceTransformationFigure5.pdf to ch3-sourceTransformationFigure5.pdf
INFO    : converting ch3-sourceTransformationFigure5.pdf to ch3-sourceTransformationFigure5.svg
INFO    : converting ch4-examplecircuit44.tex to ch4-examplecircuit44.pdf
INFO    : cropping ch4-examplecircuit44.pdf to cropped-ch4-examplecircuit44.pdf
INFO    : renaming cropped-ch4-examplecircuit44.pdf to ch4-examplecircuit44.pdf
INFO    : converting ch4-examplecircuit44.pdf to ch4-examplecircuit44.svg
INFO    : converting ch2-currentfromvrex2.tex to ch2-currentfromvrex2.pdf
INFO    : cropping ch2-currentfromvrex2.pdf to cropped-ch2-currentfromvrex2.pdf
INFO    : renaming cropped-ch2-currentfromvrex2.pdf to ch2-currentfromvrex2.pdf
INFO    : converting ch2-currentfromvrex2.pdf to ch2-currentfromvrex2.svg
INFO    : converting ch3-circuit312figans6.tex to ch3-circuit312figans6.pdf
INFO    : cropping ch3-circuit312figans6.pdf to cropped-ch3-circuit312figans6.pdf
INFO    : renaming cropped-ch3-circuit312figans6.pdf to ch3-circuit312figans6.pdf
INFO    : converting ch3-circuit312figans6.pdf to ch3-circuit312figans6.svg
INFO    : converting ch2-circuit27fig.tex to ch2-circuit27fig.pdf
INFO    : cropping ch2-circuit27fig.pdf to cropped-ch2-circuit27fig.pdf
INFO    : renaming cropped-ch2-circuit27fig.pdf to ch2-circuit27fig.pdf
INFO    : converting ch2-circuit27fig.pdf to ch2-circuit27fig.svg
INFO    : converting ch1-groundsymbol.tex to ch1-groundsymbol.pdf
INFO    : cropping ch1-groundsymbol.pdf to cropped-ch1-groundsymbol.pdf
INFO    : renaming cropped-ch1-groundsymbol.pdf to ch1-groundsymbol.pdf
INFO    : converting ch1-groundsymbol.pdf to ch1-groundsymbol.svg
INFO    : converting ch3-superpositionSubcircuitFigure2.tex to ch3-superpositionSubcircuitFigure2.pdf
INFO    : cropping ch3-superpositionSubcircuitFigure2.pdf to cropped-ch3-superpositionSubcircuitFigure2.pdf
INFO    : renaming cropped-ch3-superpositionSubcircuitFigure2.pdf to ch3-superpositionSubcircuitFigure2.pdf
INFO    : converting ch3-superpositionSubcircuitFigure2.pdf to ch3-superpositionSubcircuitFigure2.svg
INFO    : converting ch5-chargercexample3.tex to ch5-chargercexample3.pdf
INFO    : cropping ch5-chargercexample3.pdf to cropped-ch5-chargercexample3.pdf
INFO    : renaming cropped-ch5-chargercexample3.pdf to ch5-chargercexample3.pdf
INFO    : converting ch5-chargercexample3.pdf to ch5-chargercexample3.svg
INFO    : converting ch3-circuit314fig.tex to ch3-circuit314fig.pdf
INFO    : cropping ch3-circuit314fig.pdf to cropped-ch3-circuit314fig.pdf
INFO    : renaming cropped-ch3-circuit314fig.pdf to ch3-circuit314fig.pdf
INFO    : converting ch3-circuit314fig.pdf to ch3-circuit314fig.svg
INFO    : converting ch2-circuit215ans2.tex to ch2-circuit215ans2.pdf
INFO    : cropping ch2-circuit215ans2.pdf to cropped-ch2-circuit215ans2.pdf
INFO    : renaming cropped-ch2-circuit215ans2.pdf to ch2-circuit215ans2.pdf
INFO    : converting ch2-circuit215ans2.pdf to ch2-circuit215ans2.svg
INFO    : converting ch5-chargercexample2.tex to ch5-chargercexample2.pdf
INFO    : cropping ch5-chargercexample2.pdf to cropped-ch5-chargercexample2.pdf
INFO    : renaming cropped-ch5-chargercexample2.pdf to ch5-chargercexample2.pdf
INFO    : converting ch5-chargercexample2.pdf to ch5-chargercexample2.svg
INFO    : converting ch2-circuit24figans4.tex to ch2-circuit24figans4.pdf
INFO    : cropping ch2-circuit24figans4.pdf to cropped-ch2-circuit24figans4.pdf
INFO    : renaming cropped-ch2-circuit24figans4.pdf to ch2-circuit24figans4.pdf
INFO    : converting ch2-circuit24figans4.pdf to ch2-circuit24figans4.svg
INFO    : converting ch2-voltagefromirex1.tex to ch2-voltagefromirex1.pdf
INFO    : cropping ch2-voltagefromirex1.pdf to cropped-ch2-voltagefromirex1.pdf
INFO    : renaming cropped-ch2-voltagefromirex1.pdf to ch2-voltagefromirex1.pdf
INFO    : converting ch2-voltagefromirex1.pdf to ch2-voltagefromirex1.svg
INFO    : converting ch2-circuit213fig4.tex to ch2-circuit213fig4.pdf
INFO    : cropping ch2-circuit213fig4.pdf to cropped-ch2-circuit213fig4.pdf
INFO    : renaming cropped-ch2-circuit213fig4.pdf to ch2-circuit213fig4.pdf
INFO    : converting ch2-circuit213fig4.pdf to ch2-circuit213fig4.svg
INFO    : converting ch4-examplecircuit45.tex to ch4-examplecircuit45.pdf
INFO    : cropping ch4-examplecircuit45.pdf to cropped-ch4-examplecircuit45.pdf
INFO    : renaming cropped-ch4-examplecircuit45.pdf to ch4-examplecircuit45.pdf
INFO    : converting ch4-examplecircuit45.pdf to ch4-examplecircuit45.svg
INFO    : converting ch3-circuit32figans1.tex to ch3-circuit32figans1.pdf
INFO    : cropping ch3-circuit32figans1.pdf to cropped-ch3-circuit32figans1.pdf
INFO    : renaming cropped-ch3-circuit32figans1.pdf to ch3-circuit32figans1.pdf
INFO    : converting ch3-circuit32figans1.pdf to ch3-circuit32figans1.svg
INFO    : converting ch3-sourceTransformationFigure4.tex to ch3-sourceTransformationFigure4.pdf
INFO    : cropping ch3-sourceTransformationFigure4.pdf to cropped-ch3-sourceTransformationFigure4.pdf
INFO    : renaming cropped-ch3-sourceTransformationFigure4.pdf to ch3-sourceTransformationFigure4.pdf
INFO    : converting ch3-sourceTransformationFigure4.pdf to ch3-sourceTransformationFigure4.svg
INFO    : converting ch4-currentsensingcircuit.tex to ch4-currentsensingcircuit.pdf
INFO    : cropping ch4-currentsensingcircuit.pdf to cropped-ch4-currentsensingcircuit.pdf
INFO    : renaming cropped-ch4-currentsensingcircuit.pdf to ch4-currentsensingcircuit.pdf
INFO    : converting ch4-currentsensingcircuit.pdf to ch4-currentsensingcircuit.svg
INFO    : converting ch2-deltawyeexample2.tex to ch2-deltawyeexample2.pdf
INFO    : cropping ch2-deltawyeexample2.pdf to cropped-ch2-deltawyeexample2.pdf
INFO    : renaming cropped-ch2-deltawyeexample2.pdf to ch2-deltawyeexample2.pdf
INFO    : converting ch2-deltawyeexample2.pdf to ch2-deltawyeexample2.svg
INFO    : converting ch5-dischargercexampledependentthevenin2.tex to ch5-dischargercexampledependentthevenin2.pdf
INFO    : cropping ch5-dischargercexampledependentthevenin2.pdf to cropped-ch5-dischargercexampledependentthevenin2.pdf
INFO    : renaming cropped-ch5-dischargercexampledependentthevenin2.pdf to ch5-dischargercexampledependentthevenin2.pdf
INFO    : converting ch5-dischargercexampledependentthevenin2.pdf to ch5-dischargercexampledependentthevenin2.svg
INFO    : converting ch2-currentdividerex1.tex to ch2-currentdividerex1.pdf
INFO    : cropping ch2-currentdividerex1.pdf to cropped-ch2-currentdividerex1.pdf
INFO    : renaming cropped-ch2-currentdividerex1.pdf to ch2-currentdividerex1.pdf
INFO    : converting ch2-currentdividerex1.pdf to ch2-currentdividerex1.svg
INFO    : converting ch2-voltagedividerexfig1.tex to ch2-voltagedividerexfig1.pdf
INFO    : cropping ch2-voltagedividerexfig1.pdf to cropped-ch2-voltagedividerexfig1.pdf
INFO    : renaming cropped-ch2-voltagedividerexfig1.pdf to ch2-voltagedividerexfig1.pdf
INFO    : converting ch2-voltagedividerexfig1.pdf to ch2-voltagedividerexfig1.svg
INFO    : converting ch1-acpowersources.tex to ch1-acpowersources.pdf
INFO    : cropping ch1-acpowersources.pdf to cropped-ch1-acpowersources.pdf
INFO    : renaming cropped-ch1-acpowersources.pdf to ch1-acpowersources.pdf
INFO    : converting ch1-acpowersources.pdf to ch1-acpowersources.svg
INFO    : converting ch2-circuit224figans1.tex to ch2-circuit224figans1.pdf
INFO    : cropping ch2-circuit224figans1.pdf to cropped-ch2-circuit224figans1.pdf
INFO    : renaming cropped-ch2-circuit224figans1.pdf to ch2-circuit224figans1.pdf
INFO    : converting ch2-circuit224figans1.pdf to ch2-circuit224figans1.svg
INFO    : converting ch2-deltawyeexample6.tex to ch2-deltawyeexample6.pdf
INFO    : cropping ch2-deltawyeexample6.pdf to cropped-ch2-deltawyeexample6.pdf
INFO    : renaming cropped-ch2-deltawyeexample6.pdf to ch2-deltawyeexample6.pdf
INFO    : converting ch2-deltawyeexample6.pdf to ch2-deltawyeexample6.svg
INFO    : converting ch2-circuit25fig.tex to ch2-circuit25fig.pdf
INFO    : cropping ch2-circuit25fig.pdf to cropped-ch2-circuit25fig.pdf
INFO    : renaming cropped-ch2-circuit25fig.pdf to ch2-circuit25fig.pdf
INFO    : converting ch2-circuit25fig.pdf to ch2-circuit25fig.svg
INFO    : converting ch1-exampletwoparallelcurrentsother.tex to ch1-exampletwoparallelcurrentsother.pdf
INFO    : cropping ch1-exampletwoparallelcurrentsother.pdf to cropped-ch1-exampletwoparallelcurrentsother.pdf
INFO    : renaming cropped-ch1-exampletwoparallelcurrentsother.pdf to ch1-exampletwoparallelcurrentsother.pdf
INFO    : converting ch1-exampletwoparallelcurrentsother.pdf to ch1-exampletwoparallelcurrentsother.svg
INFO    : converting ch3-circuit312figans3.tex to ch3-circuit312figans3.pdf
INFO    : cropping ch3-circuit312figans3.pdf to cropped-ch3-circuit312figans3.pdf
INFO    : renaming cropped-ch3-circuit312figans3.pdf to ch3-circuit312figans3.pdf
INFO    : converting ch3-circuit312figans3.pdf to ch3-circuit312figans3.svg
INFO    : converting ch4-examplecircuit41.tex to ch4-examplecircuit41.pdf
INFO    : cropping ch4-examplecircuit41.pdf to cropped-ch4-examplecircuit41.pdf
INFO    : renaming cropped-ch4-examplecircuit41.pdf to ch4-examplecircuit41.pdf
INFO    : converting ch4-examplecircuit41.pdf to ch4-examplecircuit41.svg
INFO    : converting ch2-circuit29fig.tex to ch2-circuit29fig.pdf
INFO    : cropping ch2-circuit29fig.pdf to cropped-ch2-circuit29fig.pdf
INFO    : renaming cropped-ch2-circuit29fig.pdf to ch2-circuit29fig.pdf
INFO    : converting ch2-circuit29fig.pdf to ch2-circuit29fig.svg
INFO    : converting ch3-openCircuitVoltageFigure1.tex to ch3-openCircuitVoltageFigure1.pdf
INFO    : cropping ch3-openCircuitVoltageFigure1.pdf to cropped-ch3-openCircuitVoltageFigure1.pdf
INFO    : renaming cropped-ch3-openCircuitVoltageFigure1.pdf to ch3-openCircuitVoltageFigure1.pdf
INFO    : converting ch3-openCircuitVoltageFigure1.pdf to ch3-openCircuitVoltageFigure1.svg
INFO    : converting ch5-chargercexample6.tex to ch5-chargercexample6.pdf
INFO    : cropping ch5-chargercexample6.pdf to cropped-ch5-chargercexample6.pdf
INFO    : renaming cropped-ch5-chargercexample6.pdf to ch5-chargercexample6.pdf
INFO    : converting ch5-chargercexample6.pdf to ch5-chargercexample6.svg
INFO    : converting ch3-shortedCurrentSource.tex to ch3-shortedCurrentSource.pdf
INFO    : cropping ch3-shortedCurrentSource.pdf to cropped-ch3-shortedCurrentSource.pdf
INFO    : renaming cropped-ch3-shortedCurrentSource.pdf to ch3-shortedCurrentSource.pdf
INFO    : converting ch3-shortedCurrentSource.pdf to ch3-shortedCurrentSource.svg
INFO    : converting ch1-dampedsinegraph.tex to ch1-dampedsinegraph.pdf
INFO    : cropping ch1-dampedsinegraph.pdf to cropped-ch1-dampedsinegraph.pdf
INFO    : renaming cropped-ch1-dampedsinegraph.pdf to ch1-dampedsinegraph.pdf
INFO    : converting ch1-dampedsinegraph.pdf to ch1-dampedsinegraph.svg
INFO    : converting ch1-rampfunctionexamplegraphderiv.tex to ch1-rampfunctionexamplegraphderiv.pdf
INFO    : cropping ch1-rampfunctionexamplegraphderiv.pdf to cropped-ch1-rampfunctionexamplegraphderiv.pdf
INFO    : renaming cropped-ch1-rampfunctionexamplegraphderiv.pdf to ch1-rampfunctionexamplegraphderiv.pdf
INFO    : converting ch1-rampfunctionexamplegraphderiv.pdf to ch1-rampfunctionexamplegraphderiv.svg
INFO    : converting ch2-circuit24figans1.tex to ch2-circuit24figans1.pdf
INFO    : cropping ch2-circuit24figans1.pdf to cropped-ch2-circuit24figans1.pdf
INFO    : renaming cropped-ch2-circuit24figans1.pdf to ch2-circuit24figans1.pdf
INFO    : converting ch2-circuit24figans1.pdf to ch2-circuit24figans1.svg
INFO    : converting ch1-electricpotential.tex to ch1-electricpotential.pdf
INFO    : cropping ch1-electricpotential.pdf to cropped-ch1-electricpotential.pdf
INFO    : renaming cropped-ch1-electricpotential.pdf to ch1-electricpotential.pdf
INFO    : converting ch1-electricpotential.pdf to ch1-electricpotential.svg
INFO    : converting ch3-circuit37figans1.tex to ch3-circuit37figans1.pdf
INFO    : cropping ch3-circuit37figans1.pdf to cropped-ch3-circuit37figans1.pdf
INFO    : renaming cropped-ch3-circuit37figans1.pdf to ch3-circuit37figans1.pdf
INFO    : converting ch3-circuit37figans1.pdf to ch3-circuit37figans1.svg
INFO    : converting ch2-circuit213fig1.tex to ch2-circuit213fig1.pdf
INFO    : cropping ch2-circuit213fig1.pdf to cropped-ch2-circuit213fig1.pdf
INFO    : renaming cropped-ch2-circuit213fig1.pdf to ch2-circuit213fig1.pdf
INFO    : converting ch2-circuit213fig1.pdf to ch2-circuit213fig1.svg
INFO    : converting ch4-voltagedivfollowerexamplefig.tex to ch4-voltagedivfollowerexamplefig.pdf
INFO    : cropping ch4-voltagedivfollowerexamplefig.pdf to cropped-ch4-voltagedivfollowerexamplefig.pdf
INFO    : renaming cropped-ch4-voltagedivfollowerexamplefig.pdf to ch4-voltagedivfollowerexamplefig.pdf
INFO    : converting ch4-voltagedivfollowerexamplefig.pdf to ch4-voltagedivfollowerexamplefig.svg
INFO    : converting ch3-circuit312figans2.tex to ch3-circuit312figans2.pdf
INFO    : cropping ch3-circuit312figans2.pdf to cropped-ch3-circuit312figans2.pdf
INFO    : renaming cropped-ch3-circuit312figans2.pdf to ch3-circuit312figans2.pdf
INFO    : converting ch3-circuit312figans2.pdf to ch3-circuit312figans2.svg
INFO    : converting ch2-varresistor.tex to ch2-varresistor.pdf
INFO    : cropping ch2-varresistor.pdf to cropped-ch2-varresistor.pdf
INFO    : renaming cropped-ch2-varresistor.pdf to ch2-varresistor.pdf
INFO    : converting ch2-varresistor.pdf to ch2-varresistor.svg
INFO    : converting ch3-circuit32figans4.tex to ch3-circuit32figans4.pdf
INFO    : cropping ch3-circuit32figans4.pdf to cropped-ch3-circuit32figans4.pdf
INFO    : renaming cropped-ch3-circuit32figans4.pdf to ch3-circuit32figans4.pdf
INFO    : converting ch3-circuit32figans4.pdf to ch3-circuit32figans4.svg
INFO    : converting ch3-sourceTransformationFigure1.tex to ch3-sourceTransformationFigure1.pdf
INFO    : cropping ch3-sourceTransformationFigure1.pdf to cropped-ch3-sourceTransformationFigure1.pdf
INFO    : renaming cropped-ch3-sourceTransformationFigure1.pdf to ch3-sourceTransformationFigure1.pdf
INFO    : converting ch3-sourceTransformationFigure1.pdf to ch3-sourceTransformationFigure1.svg
INFO    : converting ch4-voutvinplotopampsaturation.tex to ch4-voutvinplotopampsaturation.pdf
INFO    : cropping ch4-voutvinplotopampsaturation.pdf to cropped-ch4-voutvinplotopampsaturation.pdf
INFO    : renaming cropped-ch4-voutvinplotopampsaturation.pdf to ch4-voutvinplotopampsaturation.pdf
INFO    : converting ch4-voutvinplotopampsaturation.pdf to ch4-voutvinplotopampsaturation.svg
INFO    : converting ch5-equivalentcapacitanceex1.tex to ch5-equivalentcapacitanceex1.pdf
INFO    : cropping ch5-equivalentcapacitanceex1.pdf to cropped-ch5-equivalentcapacitanceex1.pdf
INFO    : renaming cropped-ch5-equivalentcapacitanceex1.pdf to ch5-equivalentcapacitanceex1.pdf
INFO    : converting ch5-equivalentcapacitanceex1.pdf to ch5-equivalentcapacitanceex1.svg
INFO    : converting ch2-circuit218fig.tex to ch2-circuit218fig.pdf
INFO    : cropping ch2-circuit218fig.pdf to cropped-ch2-circuit218fig.pdf
INFO    : renaming cropped-ch2-circuit218fig.pdf to ch2-circuit218fig.pdf
INFO    : converting ch2-circuit218fig.pdf to ch2-circuit218fig.svg
INFO    : converting ch1-circuit114exercise.tex to ch1-circuit114exercise.pdf
INFO    : cropping ch1-circuit114exercise.pdf to cropped-ch1-circuit114exercise.pdf
INFO    : renaming cropped-ch1-circuit114exercise.pdf to ch1-circuit114exercise.pdf
INFO    : converting ch1-circuit114exercise.pdf to ch1-circuit114exercise.svg
INFO    : converting ch5-generalrcexample8.tex to ch5-generalrcexample8.pdf
INFO    : cropping ch5-generalrcexample8.pdf to cropped-ch5-generalrcexample8.pdf
INFO    : renaming cropped-ch5-generalrcexample8.pdf to ch5-generalrcexample8.pdf
INFO    : converting ch5-generalrcexample8.pdf to ch5-generalrcexample8.svg
INFO    : converting ch3-circuit31fig.tex to ch3-circuit31fig.pdf
INFO    : cropping ch3-circuit31fig.pdf to cropped-ch3-circuit31fig.pdf
INFO    : renaming cropped-ch3-circuit31fig.pdf to ch3-circuit31fig.pdf
INFO    : converting ch3-circuit31fig.pdf to ch3-circuit31fig.svg
INFO    : converting ch3-sourceTransformationFigure3.tex to ch3-sourceTransformationFigure3.pdf
INFO    : cropping ch3-sourceTransformationFigure3.pdf to cropped-ch3-sourceTransformationFigure3.pdf
INFO    : renaming cropped-ch3-sourceTransformationFigure3.pdf to ch3-sourceTransformationFigure3.pdf
INFO    : converting ch3-sourceTransformationFigure3.pdf to ch3-sourceTransformationFigure3.svg
INFO    : converting ch2-deltawyeexample5.tex to ch2-deltawyeexample5.pdf
INFO    : cropping ch2-deltawyeexample5.pdf to cropped-ch2-deltawyeexample5.pdf
INFO    : renaming cropped-ch2-deltawyeexample5.pdf to ch2-deltawyeexample5.pdf
INFO    : converting ch2-deltawyeexample5.pdf to ch2-deltawyeexample5.svg
INFO    : converting ch1-currentdirectionexample.tex to ch1-currentdirectionexample.pdf
INFO    : cropping ch1-currentdirectionexample.pdf to cropped-ch1-currentdirectionexample.pdf
INFO    : renaming cropped-ch1-currentdirectionexample.pdf to ch1-currentdirectionexample.pdf
INFO    : converting ch1-currentdirectionexample.pdf to ch1-currentdirectionexample.svg
INFO    : converting ch1-dependentsourcesfigure.tex to ch1-dependentsourcesfigure.pdf
INFO    : cropping ch1-dependentsourcesfigure.pdf to cropped-ch1-dependentsourcesfigure.pdf
INFO    : renaming cropped-ch1-dependentsourcesfigure.pdf to ch1-dependentsourcesfigure.pdf
INFO    : converting ch1-dependentsourcesfigure.pdf to ch1-dependentsourcesfigure.svg
INFO    : converting ch3-circuit310fignothelpful.tex to ch3-circuit310fignothelpful.pdf
INFO    : cropping ch3-circuit310fignothelpful.pdf to cropped-ch3-circuit310fignothelpful.pdf
INFO    : renaming cropped-ch3-circuit310fignothelpful.pdf to ch3-circuit310fignothelpful.pdf
INFO    : converting ch3-circuit310fignothelpful.pdf to ch3-circuit310fignothelpful.svg
INFO    : converting ch4-examplecircuit42.tex to ch4-examplecircuit42.pdf
INFO    : cropping ch4-examplecircuit42.pdf to cropped-ch4-examplecircuit42.pdf
INFO    : renaming cropped-ch4-examplecircuit42.pdf to ch4-examplecircuit42.pdf
INFO    : converting ch4-examplecircuit42.pdf to ch4-examplecircuit42.svg
INFO    : converting ch2-circuit213fig3.tex to ch2-circuit213fig3.pdf
INFO    : cropping ch2-circuit213fig3.pdf to cropped-ch2-circuit213fig3.pdf
INFO    : renaming cropped-ch2-circuit213fig3.pdf to ch2-circuit213fig3.pdf
INFO    : converting ch2-circuit213fig3.pdf to ch2-circuit213fig3.svg
INFO    : converting ch5-chargercexample5.tex to ch5-chargercexample5.pdf
INFO    : cropping ch5-chargercexample5.pdf to cropped-ch5-chargercexample5.pdf
INFO    : renaming cropped-ch5-chargercexample5.pdf to ch5-chargercexample5.pdf
INFO    : converting ch5-chargercexample5.pdf to ch5-chargercexample5.svg
INFO    : converting ch2-circuit24figans3.tex to ch2-circuit24figans3.pdf
INFO    : cropping ch2-circuit24figans3.pdf to cropped-ch2-circuit24figans3.pdf
INFO    : renaming cropped-ch2-circuit24figans3.pdf to ch2-circuit24figans3.pdf
INFO    : converting ch2-circuit24figans3.pdf to ch2-circuit24figans3.svg
INFO    : converting ch5-parallelcaps-8-2-8-2.tex to ch5-parallelcaps-8-2-8-2.pdf
INFO    : cropping ch5-parallelcaps-8-2-8-2.pdf to cropped-ch5-parallelcaps-8-2-8-2.pdf
INFO    : renaming cropped-ch5-parallelcaps-8-2-8-2.pdf to ch5-parallelcaps-8-2-8-2.pdf
INFO    : converting ch5-parallelcaps-8-2-8-2.pdf to ch5-parallelcaps-8-2-8-2.svg
INFO    : converting ch3-openCircuitVoltageFigure2.tex to ch3-openCircuitVoltageFigure2.pdf
INFO    : cropping ch3-openCircuitVoltageFigure2.pdf to cropped-ch3-openCircuitVoltageFigure2.pdf
INFO    : renaming cropped-ch3-openCircuitVoltageFigure2.pdf to ch3-openCircuitVoltageFigure2.pdf
INFO    : converting ch3-openCircuitVoltageFigure2.pdf to ch3-openCircuitVoltageFigure2.svg
INFO    : converting ch2-eqresistancecktef.tex to ch2-eqresistancecktef.pdf
INFO    : cropping ch2-eqresistancecktef.pdf to cropped-ch2-eqresistancecktef.pdf
INFO    : renaming cropped-ch2-eqresistancecktef.pdf to ch2-eqresistancecktef.pdf
INFO    : converting ch2-eqresistancecktef.pdf to ch2-eqresistancecktef.svg
INFO    : converting ch3-openCircuitVoltageFigure3.tex to ch3-openCircuitVoltageFigure3.pdf
INFO    : cropping ch3-openCircuitVoltageFigure3.pdf to cropped-ch3-openCircuitVoltageFigure3.pdf
INFO    : renaming cropped-ch3-openCircuitVoltageFigure3.pdf to ch3-openCircuitVoltageFigure3.pdf
INFO    : converting ch3-openCircuitVoltageFigure3.pdf to ch3-openCircuitVoltageFigure3.svg
INFO    : converting ch3-circuit37figans2.tex to ch3-circuit37figans2.pdf
INFO    : cropping ch3-circuit37figans2.pdf to cropped-ch3-circuit37figans2.pdf
INFO    : renaming cropped-ch3-circuit37figans2.pdf to ch3-circuit37figans2.pdf
INFO    : converting ch3-circuit37figans2.pdf to ch3-circuit37figans2.svg
INFO    : converting ch5-chargercexample4.tex to ch5-chargercexample4.pdf
INFO    : cropping ch5-chargercexample4.pdf to cropped-ch5-chargercexample4.pdf
INFO    : renaming cropped-ch5-chargercexample4.pdf to ch5-chargercexample4.pdf
INFO    : converting ch5-chargercexample4.pdf to ch5-chargercexample4.svg
INFO    : converting ch2-circuit24figans2.tex to ch2-circuit24figans2.pdf
INFO    : cropping ch2-circuit24figans2.pdf to cropped-ch2-circuit24figans2.pdf
INFO    : renaming cropped-ch2-circuit24figans2.pdf to ch2-circuit24figans2.pdf
INFO    : converting ch2-circuit24figans2.pdf to ch2-circuit24figans2.svg
INFO    : converting ch2-circuit213fig2.tex to ch2-circuit213fig2.pdf
INFO    : cropping ch2-circuit213fig2.pdf to cropped-ch2-circuit213fig2.pdf
INFO    : renaming cropped-ch2-circuit213fig2.pdf to ch2-circuit213fig2.pdf
INFO    : converting ch2-circuit213fig2.pdf to ch2-circuit213fig2.svg
INFO    : converting ch4-examplecircuit43.tex to ch4-examplecircuit43.pdf
INFO    : cropping ch4-examplecircuit43.pdf to cropped-ch4-examplecircuit43.pdf
INFO    : renaming cropped-ch4-examplecircuit43.pdf to ch4-examplecircuit43.pdf
INFO    : converting ch4-examplecircuit43.pdf to ch4-examplecircuit43.svg
INFO    : converting ch2-circuit222fig.tex to ch2-circuit222fig.pdf
INFO    : cropping ch2-circuit222fig.pdf to cropped-ch2-circuit222fig.pdf
INFO    : renaming cropped-ch2-circuit222fig.pdf to ch2-circuit222fig.pdf
INFO    : converting ch2-circuit222fig.pdf to ch2-circuit222fig.svg
INFO    : converting ch3-circuit312figans.tex to ch3-circuit312figans.pdf
INFO    : cropping ch3-circuit312figans.pdf to cropped-ch3-circuit312figans.pdf
INFO    : renaming cropped-ch3-circuit312figans.pdf to ch3-circuit312figans.pdf
INFO    : converting ch3-circuit312figans.pdf to ch3-circuit312figans.svg
INFO    : converting ch3-circuit312figans1.tex to ch3-circuit312figans1.pdf
INFO    : cropping ch3-circuit312figans1.pdf to cropped-ch3-circuit312figans1.pdf
INFO    : renaming cropped-ch3-circuit312figans1.pdf to ch3-circuit312figans1.pdf
INFO    : converting ch3-circuit312figans1.pdf to ch3-circuit312figans1.svg
INFO    : converting ch2-deltawyeexample4.tex to ch2-deltawyeexample4.pdf
INFO    : cropping ch2-deltawyeexample4.pdf to cropped-ch2-deltawyeexample4.pdf
INFO    : renaming cropped-ch2-deltawyeexample4.pdf to ch2-deltawyeexample4.pdf
INFO    : converting ch2-deltawyeexample4.pdf to ch2-deltawyeexample4.svg
INFO    : converting ch5-generalrcexample9.tex to ch5-generalrcexample9.pdf
INFO    : cropping ch5-generalrcexample9.pdf to cropped-ch5-generalrcexample9.pdf
INFO    : renaming cropped-ch5-generalrcexample9.pdf to ch5-generalrcexample9.pdf
INFO    : converting ch5-generalrcexample9.pdf to ch5-generalrcexample9.svg
INFO    : converting ch3-sourceTransformationFigure2.tex to ch3-sourceTransformationFigure2.pdf
INFO    : cropping ch3-sourceTransformationFigure2.pdf to cropped-ch3-sourceTransformationFigure2.pdf
INFO    : renaming cropped-ch3-sourceTransformationFigure2.pdf to ch3-sourceTransformationFigure2.pdf
INFO    : converting ch3-sourceTransformationFigure2.pdf to ch3-sourceTransformationFigure2.svg
INFO    : converting ch2-wyecircuitdiagram.tex to ch2-wyecircuitdiagram.pdf
INFO    : cropping ch2-wyecircuitdiagram.pdf to cropped-ch2-wyecircuitdiagram.pdf
INFO    : renaming cropped-ch2-wyecircuitdiagram.pdf to ch2-wyecircuitdiagram.pdf
INFO    : converting ch2-wyecircuitdiagram.pdf to ch2-wyecircuitdiagram.svg
INFO    : converting ch4-invertingopampfigure.tex to ch4-invertingopampfigure.pdf
INFO    : cropping ch4-invertingopampfigure.pdf to cropped-ch4-invertingopampfigure.pdf
INFO    : renaming cropped-ch4-invertingopampfigure.pdf to ch4-invertingopampfigure.pdf
INFO    : converting ch4-invertingopampfigure.pdf to ch4-invertingopampfigure.svg
INFO    : converting ch2-resistorcolorbands.tex to ch2-resistorcolorbands.pdf
INFO    : cropping ch2-resistorcolorbands.pdf to cropped-ch2-resistorcolorbands.pdf
INFO    : renaming cropped-ch2-resistorcolorbands.pdf to ch2-resistorcolorbands.pdf
INFO    : converting ch2-resistorcolorbands.pdf to ch2-resistorcolorbands.svg
INFO    : converting ch4-invertingopampexamplefig.tex to ch4-invertingopampexamplefig.pdf
INFO    : cropping ch4-invertingopampexamplefig.pdf to cropped-ch4-invertingopampexamplefig.pdf
INFO    : renaming cropped-ch4-invertingopampexamplefig.pdf to ch4-invertingopampexamplefig.pdf
INFO    : converting ch4-invertingopampexamplefig.pdf to ch4-invertingopampexamplefig.svg
INFO    : converting ch5-dischargercexample3.tex to ch5-dischargercexample3.pdf
INFO    : cropping ch5-dischargercexample3.pdf to cropped-ch5-dischargercexample3.pdf
INFO    : renaming cropped-ch5-dischargercexample3.pdf to ch5-dischargercexample3.pdf
INFO    : converting ch5-dischargercexample3.pdf to ch5-dischargercexample3.svg
INFO    : converting ch5-dischargercexampledependent3.tex to ch5-dischargercexampledependent3.pdf
INFO    : cropping ch5-dischargercexampledependent3.pdf to cropped-ch5-dischargercexampledependent3.pdf
INFO    : renaming cropped-ch5-dischargercexampledependent3.pdf to ch5-dischargercexampledependent3.pdf
INFO    : converting ch5-dischargercexampledependent3.pdf to ch5-dischargercexampledependent3.svg
INFO    : converting ch2-highlowpotential.tex to ch2-highlowpotential.pdf
INFO    : cropping ch2-highlowpotential.pdf to cropped-ch2-highlowpotential.pdf
INFO    : renaming cropped-ch2-highlowpotential.pdf to ch2-highlowpotential.pdf
INFO    : converting ch2-highlowpotential.pdf to ch2-highlowpotential.svg
INFO    : converting ch2-wyedeltaexample2.tex to ch2-wyedeltaexample2.pdf
INFO    : cropping ch2-wyedeltaexample2.pdf to cropped-ch2-wyedeltaexample2.pdf
INFO    : renaming cropped-ch2-wyedeltaexample2.pdf to ch2-wyedeltaexample2.pdf
INFO    : converting ch2-wyedeltaexample2.pdf to ch2-wyedeltaexample2.svg
INFO    : converting ch2-eqresistanceckt.tex to ch2-eqresistanceckt.pdf
INFO    : cropping ch2-eqresistanceckt.pdf to cropped-ch2-eqresistanceckt.pdf
INFO    : renaming cropped-ch2-eqresistanceckt.pdf to ch2-eqresistanceckt.pdf
INFO    : converting ch2-eqresistanceckt.pdf to ch2-eqresistanceckt.svg
INFO    : converting ch2-eqresistancecktae2.tex to ch2-eqresistancecktae2.pdf
INFO    : cropping ch2-eqresistancecktae2.pdf to cropped-ch2-eqresistancecktae2.pdf
INFO    : renaming cropped-ch2-eqresistancecktae2.pdf to ch2-eqresistancecktae2.pdf
INFO    : converting ch2-eqresistancecktae2.pdf to ch2-eqresistancecktae2.svg
INFO    : converting ch3-circuit310figans4.tex to ch3-circuit310figans4.pdf
INFO    : cropping ch3-circuit310figans4.pdf to cropped-ch3-circuit310figans4.pdf
INFO    : renaming cropped-ch3-circuit310figans4.pdf to ch3-circuit310figans4.pdf
INFO    : converting ch3-circuit310figans4.pdf to ch3-circuit310figans4.svg
INFO    : converting ch2-circuit23figans2.tex to ch2-circuit23figans2.pdf
INFO    : cropping ch2-circuit23figans2.pdf to cropped-ch2-circuit23figans2.pdf
INFO    : renaming cropped-ch2-circuit23figans2.pdf to ch2-circuit23figans2.pdf
INFO    : converting ch2-circuit23figans2.pdf to ch2-circuit23figans2.svg
INFO    : converting ch5-nonhomogeneousrccircuitfigure.tex to ch5-nonhomogeneousrccircuitfigure.pdf
INFO    : cropping ch5-nonhomogeneousrccircuitfigure.pdf to cropped-ch5-nonhomogeneousrccircuitfigure.pdf
INFO    : renaming cropped-ch5-nonhomogeneousrccircuitfigure.pdf to ch5-nonhomogeneousrccircuitfigure.pdf
INFO    : converting ch5-nonhomogeneousrccircuitfigure.pdf to ch5-nonhomogeneousrccircuitfigure.svg
INFO    : converting ch3-circuit315figans1.tex to ch3-circuit315figans1.pdf
INFO    : cropping ch3-circuit315figans1.pdf to cropped-ch3-circuit315figans1.pdf
INFO    : renaming cropped-ch3-circuit315figans1.pdf to ch3-circuit315figans1.pdf
INFO    : converting ch3-circuit315figans1.pdf to ch3-circuit315figans1.svg
INFO    : converting ch3-circuit37figansnothelpful.tex to ch3-circuit37figansnothelpful.pdf
INFO    : cropping ch3-circuit37figansnothelpful.pdf to cropped-ch3-circuit37figansnothelpful.pdf
INFO    : renaming cropped-ch3-circuit37figansnothelpful.pdf to ch3-circuit37figansnothelpful.pdf
INFO    : converting ch3-circuit37figansnothelpful.pdf to ch3-circuit37figansnothelpful.svg
INFO    : converting ch3-circuit38figans4.tex to ch3-circuit38figans4.pdf
INFO    : cropping ch3-circuit38figans4.pdf to cropped-ch3-circuit38figans4.pdf
INFO    : renaming cropped-ch3-circuit38figans4.pdf to ch3-circuit38figans4.pdf
INFO    : converting ch3-circuit38figans4.pdf to ch3-circuit38figans4.svg
INFO    : converting ch4-examplecircuit413sol1.tex to ch4-examplecircuit413sol1.pdf
INFO    : cropping ch4-examplecircuit413sol1.pdf to cropped-ch4-examplecircuit413sol1.pdf
INFO    : renaming cropped-ch4-examplecircuit413sol1.pdf to ch4-examplecircuit413sol1.pdf
INFO    : converting ch4-examplecircuit413sol1.pdf to ch4-examplecircuit413sol1.svg
INFO    : converting ch3-circuit33figans2re.tex to ch3-circuit33figans2re.pdf
INFO    : cropping ch3-circuit33figans2re.pdf to cropped-ch3-circuit33figans2re.pdf
INFO    : renaming cropped-ch3-circuit33figans2re.pdf to ch3-circuit33figans2re.pdf
INFO    : converting ch3-circuit33figans2re.pdf to ch3-circuit33figans2re.svg
INFO    : converting ch1-exampletwoseriesvoltagesafter.tex to ch1-exampletwoseriesvoltagesafter.pdf
INFO    : cropping ch1-exampletwoseriesvoltagesafter.pdf to cropped-ch1-exampletwoseriesvoltagesafter.pdf
INFO    : renaming cropped-ch1-exampletwoseriesvoltagesafter.pdf to ch1-exampletwoseriesvoltagesafter.pdf
INFO    : converting ch1-exampletwoseriesvoltagesafter.pdf to ch1-exampletwoseriesvoltagesafter.svg
INFO    : converting ch2-circuitLoops.tex to ch2-circuitLoops.pdf
INFO    : cropping ch2-circuitLoops.pdf to cropped-ch2-circuitLoops.pdf
INFO    : renaming cropped-ch2-circuitLoops.pdf to ch2-circuitLoops.pdf
INFO    : converting ch2-circuitLoops.pdf to ch2-circuitLoops.svg
INFO    : converting ch2-potentiometer.tex to ch2-potentiometer.pdf
INFO    : cropping ch2-potentiometer.pdf to cropped-ch2-potentiometer.pdf
INFO    : renaming cropped-ch2-potentiometer.pdf to ch2-potentiometer.pdf
INFO    : converting ch2-potentiometer.pdf to ch2-potentiometer.svg
INFO    : converting ch2-circuit219figans1.tex to ch2-circuit219figans1.pdf
INFO    : cropping ch2-circuit219figans1.pdf to cropped-ch2-circuit219figans1.pdf
INFO    : renaming cropped-ch2-circuit219figans1.pdf to ch2-circuit219figans1.pdf
INFO    : converting ch2-circuit219figans1.pdf to ch2-circuit219figans1.svg
INFO    : converting ch2-circuit23figans3.tex to ch2-circuit23figans3.pdf
INFO    : cropping ch2-circuit23figans3.pdf to cropped-ch2-circuit23figans3.pdf
INFO    : renaming cropped-ch2-circuit23figans3.pdf to ch2-circuit23figans3.pdf
INFO    : converting ch2-circuit23figans3.pdf to ch2-circuit23figans3.svg
INFO    : converting ch1-exampletwoparallelcurrentsotherafter.tex to ch1-exampletwoparallelcurrentsotherafter.pdf
INFO    : cropping ch1-exampletwoparallelcurrentsotherafter.pdf to cropped-ch1-exampletwoparallelcurrentsotherafter.pdf
INFO    : renaming cropped-ch1-exampletwoparallelcurrentsotherafter.pdf to ch1-exampletwoparallelcurrentsotherafter.pdf
INFO    : converting ch1-exampletwoparallelcurrentsotherafter.pdf to ch1-exampletwoparallelcurrentsotherafter.svg
INFO    : converting ch1-circuit117exercise.tex to ch1-circuit117exercise.pdf
INFO    : cropping ch1-circuit117exercise.pdf to cropped-ch1-circuit117exercise.pdf
INFO    : renaming cropped-ch1-circuit117exercise.pdf to ch1-circuit117exercise.pdf
INFO    : converting ch1-circuit117exercise.pdf to ch1-circuit117exercise.svg
INFO    : converting ch3-circuit312fig.tex to ch3-circuit312fig.pdf
INFO    : cropping ch3-circuit312fig.pdf to cropped-ch3-circuit312fig.pdf
INFO    : renaming cropped-ch3-circuit312fig.pdf to ch3-circuit312fig.pdf
INFO    : converting ch3-circuit312fig.pdf to ch3-circuit312fig.svg
INFO    : converting ch2-wyedeltaexample3.tex to ch2-wyedeltaexample3.pdf
INFO    : cropping ch2-wyedeltaexample3.pdf to cropped-ch2-wyedeltaexample3.pdf
INFO    : renaming cropped-ch2-wyedeltaexample3.pdf to ch2-wyedeltaexample3.pdf
INFO    : converting ch2-wyedeltaexample3.pdf to ch2-wyedeltaexample3.svg
INFO    : converting ch3-maximumPowerFigureNorton.tex to ch3-maximumPowerFigureNorton.pdf
INFO    : cropping ch3-maximumPowerFigureNorton.pdf to cropped-ch3-maximumPowerFigureNorton.pdf
INFO    : renaming cropped-ch3-maximumPowerFigureNorton.pdf to ch3-maximumPowerFigureNorton.pdf
INFO    : converting ch3-maximumPowerFigureNorton.pdf to ch3-maximumPowerFigureNorton.svg
INFO    : converting ch2-circuit21fig.tex to ch2-circuit21fig.pdf
INFO    : cropping ch2-circuit21fig.pdf to cropped-ch2-circuit21fig.pdf
INFO    : renaming cropped-ch2-circuit21fig.pdf to ch2-circuit21fig.pdf
INFO    : converting ch2-circuit21fig.pdf to ch2-circuit21fig.svg
INFO    : converting ch3-nortonEquivalentCircuit.tex to ch3-nortonEquivalentCircuit.pdf
INFO    : cropping ch3-nortonEquivalentCircuit.pdf to cropped-ch3-nortonEquivalentCircuit.pdf
INFO    : renaming cropped-ch3-nortonEquivalentCircuit.pdf to ch3-nortonEquivalentCircuit.pdf
INFO    : converting ch3-nortonEquivalentCircuit.pdf to ch3-nortonEquivalentCircuit.svg
INFO    : converting ch3-superpositionExampleIndependentSource.tex to ch3-superpositionExampleIndependentSource.pdf
INFO    : cropping ch3-superpositionExampleIndependentSource.pdf to cropped-ch3-superpositionExampleIndependentSource.pdf
INFO    : renaming cropped-ch3-superpositionExampleIndependentSource.pdf to ch3-superpositionExampleIndependentSource.pdf
INFO    : converting ch3-superpositionExampleIndependentSource.pdf to ch3-superpositionExampleIndependentSource.svg
INFO    : converting ch5-dischargercexampledependent2.tex to ch5-dischargercexampledependent2.pdf
INFO    : cropping ch5-dischargercexampledependent2.pdf to cropped-ch5-dischargercexampledependent2.pdf
INFO    : renaming cropped-ch5-dischargercexampledependent2.pdf to ch5-dischargercexampledependent2.pdf
INFO    : converting ch5-dischargercexampledependent2.pdf to ch5-dischargercexampledependent2.svg
INFO    : converting ch4-voltagefollowerfig.tex to ch4-voltagefollowerfig.pdf
INFO    : cropping ch4-voltagefollowerfig.pdf to cropped-ch4-voltagefollowerfig.pdf
INFO    : renaming cropped-ch4-voltagefollowerfig.pdf to ch4-voltagefollowerfig.pdf
INFO    : converting ch4-voltagefollowerfig.pdf to ch4-voltagefollowerfig.svg
INFO    : converting ch2-circuit216.tex to ch2-circuit216.pdf
INFO    : cropping ch2-circuit216.pdf to cropped-ch2-circuit216.pdf
INFO    : renaming cropped-ch2-circuit216.pdf to ch2-circuit216.pdf
INFO    : converting ch2-circuit216.pdf to ch2-circuit216.svg
INFO    : converting ch5-dischargercexample2.tex to ch5-dischargercexample2.pdf
INFO    : cropping ch5-dischargercexample2.pdf to cropped-ch5-dischargercexample2.pdf
INFO    : renaming cropped-ch5-dischargercexample2.pdf to ch5-dischargercexample2.pdf
INFO    : converting ch5-dischargercexample2.pdf to ch5-dischargercexample2.svg
INFO    : converting ch2-circuit214.tex to ch2-circuit214.pdf
INFO    : cropping ch2-circuit214.pdf to cropped-ch2-circuit214.pdf
INFO    : renaming cropped-ch2-circuit214.pdf to ch2-circuit214.pdf
INFO    : converting ch2-circuit214.pdf to ch2-circuit214.svg
INFO    : converting ch3-circuit35figans4.tex to ch3-circuit35figans4.pdf
INFO    : cropping ch3-circuit35figans4.pdf to cropped-ch3-circuit35figans4.pdf
INFO    : renaming cropped-ch3-circuit35figans4.pdf to ch3-circuit35figans4.pdf
INFO    : converting ch3-circuit35figans4.pdf to ch3-circuit35figans4.svg
INFO    : converting ch4-examplecircuit47sol1.tex to ch4-examplecircuit47sol1.pdf
INFO    : cropping ch4-examplecircuit47sol1.pdf to cropped-ch4-examplecircuit47sol1.pdf
INFO    : renaming cropped-ch4-examplecircuit47sol1.pdf to ch4-examplecircuit47sol1.pdf
INFO    : converting ch4-examplecircuit47sol1.pdf to ch4-examplecircuit47sol1.svg
INFO    : converting ch2-wyedeltaexample1.tex to ch2-wyedeltaexample1.pdf
INFO    : cropping ch2-wyedeltaexample1.pdf to cropped-ch2-wyedeltaexample1.pdf
INFO    : renaming cropped-ch2-wyedeltaexample1.pdf to ch2-wyedeltaexample1.pdf
INFO    : converting ch2-wyedeltaexample1.pdf to ch2-wyedeltaexample1.svg
INFO    : converting ch2-meshanalysisex1.tex to ch2-meshanalysisex1.pdf
INFO    : cropping ch2-meshanalysisex1.pdf to cropped-ch2-meshanalysisex1.pdf
INFO    : renaming cropped-ch2-meshanalysisex1.pdf to ch2-meshanalysisex1.pdf
INFO    : converting ch2-meshanalysisex1.pdf to ch2-meshanalysisex1.svg
INFO    : converting ch2-circuit23figans1.tex to ch2-circuit23figans1.pdf
INFO    : cropping ch2-circuit23figans1.pdf to cropped-ch2-circuit23figans1.pdf
INFO    : renaming cropped-ch2-circuit23figans1.pdf to ch2-circuit23figans1.pdf
INFO    : converting ch2-circuit23figans1.pdf to ch2-circuit23figans1.svg
INFO    : converting ch1-measuringcurrentseries.tex to ch1-measuringcurrentseries.pdf
INFO    : cropping ch1-measuringcurrentseries.pdf to cropped-ch1-measuringcurrentseries.pdf
INFO    : renaming cropped-ch1-measuringcurrentseries.pdf to ch1-measuringcurrentseries.pdf
INFO    : converting ch1-measuringcurrentseries.pdf to ch1-measuringcurrentseries.svg
INFO    : converting ch3-superpositionExampleFigure.tex to ch3-superpositionExampleFigure.pdf
INFO    : cropping ch3-superpositionExampleFigure.pdf to cropped-ch3-superpositionExampleFigure.pdf
INFO    : renaming cropped-ch3-superpositionExampleFigure.pdf to ch3-superpositionExampleFigure.pdf
INFO    : converting ch3-superpositionExampleFigure.pdf to ch3-superpositionExampleFigure.svg
INFO    : converting ch3-equivalentCircuits.tex to ch3-equivalentCircuits.pdf
INFO    : cropping ch3-equivalentCircuits.pdf to cropped-ch3-equivalentCircuits.pdf
INFO    : renaming cropped-ch3-equivalentCircuits.pdf to ch3-equivalentCircuits.pdf
INFO    : converting ch3-equivalentCircuits.pdf to ch3-equivalentCircuits.svg
INFO    : converting ch3-circuit315figans.tex to ch3-circuit315figans.pdf
INFO    : cropping ch3-circuit315figans.pdf to cropped-ch3-circuit315figans.pdf
INFO    : renaming cropped-ch3-circuit315figans.pdf to ch3-circuit315figans.pdf
INFO    : converting ch3-circuit315figans.pdf to ch3-circuit315figans.svg
INFO    : converting ch3-circuit315figans2.tex to ch3-circuit315figans2.pdf
INFO    : cropping ch3-circuit315figans2.pdf to cropped-ch3-circuit315figans2.pdf
INFO    : renaming cropped-ch3-circuit315figans2.pdf to ch3-circuit315figans2.pdf
INFO    : converting ch3-circuit315figans2.pdf to ch3-circuit315figans2.svg
INFO    : converting ch4-opampcircuitmodel.tex to ch4-opampcircuitmodel.pdf
INFO    : cropping ch4-opampcircuitmodel.pdf to cropped-ch4-opampcircuitmodel.pdf
INFO    : renaming cropped-ch4-opampcircuitmodel.pdf to ch4-opampcircuitmodel.pdf
INFO    : converting ch4-opampcircuitmodel.pdf to ch4-opampcircuitmodel.svg
INFO    : converting ch2-kclkvlexfig.tex to ch2-kclkvlexfig.pdf
INFO    : cropping ch2-kclkvlexfig.pdf to cropped-ch2-kclkvlexfig.pdf
INFO    : renaming cropped-ch2-kclkvlexfig.pdf to ch2-kclkvlexfig.pdf
INFO    : converting ch2-kclkvlexfig.pdf to ch2-kclkvlexfig.svg
INFO    : converting ch1-ammeter.tex to ch1-ammeter.pdf
INFO    : cropping ch1-ammeter.pdf to cropped-ch1-ammeter.pdf
INFO    : renaming cropped-ch1-ammeter.pdf to ch1-ammeter.pdf
INFO    : converting ch1-ammeter.pdf to ch1-ammeter.svg
INFO    : converting ch2-circuit210fig.tex to ch2-circuit210fig.pdf
INFO    : cropping ch2-circuit210fig.pdf to cropped-ch2-circuit210fig.pdf
INFO    : renaming cropped-ch2-circuit210fig.pdf to ch2-circuit210fig.pdf
INFO    : converting ch2-circuit210fig.pdf to ch2-circuit210fig.svg
INFO    : converting ch1-sinusoidwave19exercise.tex to ch1-sinusoidwave19exercise.pdf
INFO    : cropping ch1-sinusoidwave19exercise.pdf to cropped-ch1-sinusoidwave19exercise.pdf
INFO    : renaming cropped-ch1-sinusoidwave19exercise.pdf to ch1-sinusoidwave19exercise.pdf
INFO    : converting ch1-sinusoidwave19exercise.pdf to ch1-sinusoidwave19exercise.svg
INFO    : converting ch5-dischargercexampledependent1.tex to ch5-dischargercexampledependent1.pdf
INFO    : cropping ch5-dischargercexampledependent1.pdf to cropped-ch5-dischargercexampledependent1.pdf
INFO    : renaming cropped-ch5-dischargercexampledependent1.pdf to ch5-dischargercexampledependent1.pdf
INFO    : converting ch5-dischargercexampledependent1.pdf to ch5-dischargercexampledependent1.svg
INFO    : converting ch2-ohmmeter.tex to ch2-ohmmeter.pdf
INFO    : cropping ch2-ohmmeter.pdf to cropped-ch2-ohmmeter.pdf
INFO    : renaming cropped-ch2-ohmmeter.pdf to ch2-ohmmeter.pdf
INFO    : converting ch2-ohmmeter.pdf to ch2-ohmmeter.svg
INFO    : converting ch3-circuit35fig.tex to ch3-circuit35fig.pdf
INFO    : cropping ch3-circuit35fig.pdf to cropped-ch3-circuit35fig.pdf
INFO    : renaming cropped-ch3-circuit35fig.pdf to ch3-circuit35fig.pdf
INFO    : converting ch3-circuit35fig.pdf to ch3-circuit35fig.svg
INFO    : converting ch5-dischargercexample1.tex to ch5-dischargercexample1.pdf
INFO    : cropping ch5-dischargercexample1.pdf to cropped-ch5-dischargercexample1.pdf
INFO    : renaming cropped-ch5-dischargercexample1.pdf to ch5-dischargercexample1.pdf
INFO    : converting ch5-dischargercexample1.pdf to ch5-dischargercexample1.svg
INFO    : converting elementarysignals118exercise-2-1-2.tex to elementarysignals118exercise-2-1-2.pdf
INFO    : cropping elementarysignals118exercise-2-1-2.pdf to cropped-elementarysignals118exercise-2-1-2.pdf
INFO    : renaming cropped-elementarysignals118exercise-2-1-2.pdf to elementarysignals118exercise-2-1-2.pdf
INFO    : converting elementarysignals118exercise-2-1-2.pdf to elementarysignals118exercise-2-1-2.svg
INFO    : converting ch2-circuit215.tex to ch2-circuit215.pdf
INFO    : cropping ch2-circuit215.pdf to cropped-ch2-circuit215.pdf
INFO    : renaming cropped-ch2-circuit215.pdf to ch2-circuit215.pdf
INFO    : converting ch2-circuit215.pdf to ch2-circuit215.svg
INFO    : converting ch5-dischargercexample5.tex to ch5-dischargercexample5.pdf
INFO    : cropping ch5-dischargercexample5.pdf to cropped-ch5-dischargercexample5.pdf
INFO    : renaming cropped-ch5-dischargercexample5.pdf to ch5-dischargercexample5.pdf
INFO    : converting ch5-dischargercexample5.pdf to ch5-dischargercexample5.svg
INFO    : converting ch3-circuit35figans1.tex to ch3-circuit35figans1.pdf
INFO    : cropping ch3-circuit35figans1.pdf to cropped-ch3-circuit35figans1.pdf
INFO    : renaming cropped-ch3-circuit35figans1.pdf to ch3-circuit35figans1.pdf
INFO    : converting ch3-circuit35figans1.pdf to ch3-circuit35figans1.svg
INFO    : converting ch5-dischargercexampledependent5.tex to ch5-dischargercexampledependent5.pdf
INFO    : cropping ch5-dischargercexampledependent5.pdf to cropped-ch5-dischargercexampledependent5.pdf
INFO    : renaming cropped-ch5-dischargercexampledependent5.pdf to ch5-dischargercexampledependent5.pdf
INFO    : converting ch5-dischargercexampledependent5.pdf to ch5-dischargercexampledependent5.svg
INFO    : converting ch3-voltageTransformToCurrent.tex to ch3-voltageTransformToCurrent.pdf
INFO    : cropping ch3-voltageTransformToCurrent.pdf to cropped-ch3-voltageTransformToCurrent.pdf
INFO    : renaming cropped-ch3-voltageTransformToCurrent.pdf to ch3-voltageTransformToCurrent.pdf
INFO    : converting ch3-voltageTransformToCurrent.pdf to ch3-voltageTransformToCurrent.svg
INFO    : converting ch3-circuit310figans2.tex to ch3-circuit310figans2.pdf
INFO    : cropping ch3-circuit310figans2.pdf to cropped-ch3-circuit310figans2.pdf
INFO    : renaming cropped-ch3-circuit310figans2.pdf to ch3-circuit310figans2.pdf
INFO    : converting ch3-circuit310figans2.pdf to ch3-circuit310figans2.svg
INFO    : converting ch2-circuit23figans4.tex to ch2-circuit23figans4.pdf
INFO    : cropping ch2-circuit23figans4.pdf to cropped-ch2-circuit23figans4.pdf
INFO    : renaming cropped-ch2-circuit23figans4.pdf to ch2-circuit23figans4.pdf
INFO    : converting ch2-circuit23figans4.pdf to ch2-circuit23figans4.svg
INFO    : converting ch3-circuit38figans2.tex to ch3-circuit38figans2.pdf
INFO    : cropping ch3-circuit38figans2.pdf to cropped-ch3-circuit38figans2.pdf
INFO    : renaming cropped-ch3-circuit38figans2.pdf to ch3-circuit38figans2.pdf
INFO    : converting ch3-circuit38figans2.pdf to ch3-circuit38figans2.svg
INFO    : converting ch3-circuit38figans3.tex to ch3-circuit38figans3.pdf
INFO    : cropping ch3-circuit38figans3.pdf to cropped-ch3-circuit38figans3.pdf
INFO    : renaming cropped-ch3-circuit38figans3.pdf to ch3-circuit38figans3.pdf
INFO    : converting ch3-circuit38figans3.pdf to ch3-circuit38figans3.svg
INFO    : converting ch2-potvoltagedivider.tex to ch2-potvoltagedivider.pdf
INFO    : cropping ch2-potvoltagedivider.pdf to cropped-ch2-potvoltagedivider.pdf
INFO    : renaming cropped-ch2-potvoltagedivider.pdf to ch2-potvoltagedivider.pdf
INFO    : converting ch2-potvoltagedivider.pdf to ch2-potvoltagedivider.svg
INFO    : converting ch1-exampletwoseriescurrents.tex to ch1-exampletwoseriescurrents.pdf
INFO    : cropping ch1-exampletwoseriescurrents.pdf to cropped-ch1-exampletwoseriescurrents.pdf
INFO    : renaming cropped-ch1-exampletwoseriescurrents.pdf to ch1-exampletwoseriescurrents.pdf
INFO    : converting ch1-exampletwoseriescurrents.pdf to ch1-exampletwoseriescurrents.svg
INFO    : converting ch1-dcpowersources.tex to ch1-dcpowersources.pdf
INFO    : cropping ch1-dcpowersources.pdf to cropped-ch1-dcpowersources.pdf
INFO    : renaming cropped-ch1-dcpowersources.pdf to ch1-dcpowersources.pdf
INFO    : converting ch1-dcpowersources.pdf to ch1-dcpowersources.svg
INFO    : converting ch2-circuit23figans5.tex to ch2-circuit23figans5.pdf
INFO    : cropping ch2-circuit23figans5.pdf to cropped-ch2-circuit23figans5.pdf
INFO    : renaming cropped-ch2-circuit23figans5.pdf to ch2-circuit23figans5.pdf
INFO    : converting ch2-circuit23figans5.pdf to ch2-circuit23figans5.svg
INFO    : converting ch2-wheatstonebridgefig.tex to ch2-wheatstonebridgefig.pdf
INFO    : cropping ch2-wheatstonebridgefig.pdf to cropped-ch2-wheatstonebridgefig.pdf
INFO    : renaming cropped-ch2-wheatstonebridgefig.pdf to ch2-wheatstonebridgefig.pdf
INFO    : converting ch2-wheatstonebridgefig.pdf to ch2-wheatstonebridgefig.svg
INFO    : converting ch3-currentTransformToVoltage.tex to ch3-currentTransformToVoltage.pdf
INFO    : cropping ch3-currentTransformToVoltage.pdf to cropped-ch3-currentTransformToVoltage.pdf
INFO    : renaming cropped-ch3-currentTransformToVoltage.pdf to ch3-currentTransformToVoltage.pdf
INFO    : converting ch3-currentTransformToVoltage.pdf to ch3-currentTransformToVoltage.svg
INFO    : converting ch2-circuit212fig.tex to ch2-circuit212fig.pdf
INFO    : cropping ch2-circuit212fig.pdf to cropped-ch2-circuit212fig.pdf
INFO    : renaming cropped-ch2-circuit212fig.pdf to ch2-circuit212fig.pdf
INFO    : converting ch2-circuit212fig.pdf to ch2-circuit212fig.svg
INFO    : converting ch3-circuit310figans3.tex to ch3-circuit310figans3.pdf
INFO    : cropping ch3-circuit310figans3.pdf to cropped-ch3-circuit310figans3.pdf
INFO    : renaming cropped-ch3-circuit310figans3.pdf to ch3-circuit310figans3.pdf
INFO    : converting ch3-circuit310figans3.pdf to ch3-circuit310figans3.svg
INFO    : converting ch5-dischargercexampledependent4.tex to ch5-dischargercexampledependent4.pdf
INFO    : cropping ch5-dischargercexampledependent4.pdf to cropped-ch5-dischargercexampledependent4.pdf
INFO    : renaming cropped-ch5-dischargercexampledependent4.pdf to ch5-dischargercexampledependent4.pdf
INFO    : converting ch5-dischargercexampledependent4.pdf to ch5-dischargercexampledependent4.svg
INFO    : converting ch1-circuit11exercise.tex to ch1-circuit11exercise.pdf
INFO    : cropping ch1-circuit11exercise.pdf to cropped-ch1-circuit11exercise.pdf
INFO    : renaming cropped-ch1-circuit11exercise.pdf to ch1-circuit11exercise.pdf
INFO    : converting ch1-circuit11exercise.pdf to ch1-circuit11exercise.svg
INFO    : converting ch2-potcartoon.tex to ch2-potcartoon.pdf
INFO    : cropping ch2-potcartoon.pdf to cropped-ch2-potcartoon.pdf
INFO    : renaming cropped-ch2-potcartoon.pdf to ch2-potcartoon.pdf
INFO    : converting ch2-potcartoon.pdf to ch2-potcartoon.svg
INFO    : converting ch5-dischargercexample4.tex to ch5-dischargercexample4.pdf
INFO    : cropping ch5-dischargercexample4.pdf to cropped-ch5-dischargercexample4.pdf
INFO    : renaming cropped-ch5-dischargercexample4.pdf to ch5-dischargercexample4.pdf
INFO    : converting ch5-dischargercexample4.pdf to ch5-dischargercexample4.svg
INFO    : converting ch2-circuit22figanswer.tex to ch2-circuit22figanswer.pdf
INFO    : cropping ch2-circuit22figanswer.pdf to cropped-ch2-circuit22figanswer.pdf
INFO    : renaming cropped-ch2-circuit22figanswer.pdf to ch2-circuit22figanswer.pdf
INFO    : converting ch2-circuit22figanswer.pdf to ch2-circuit22figanswer.svg
INFO    : converting ch4-voltagefollowercurrentfigure.tex to ch4-voltagefollowercurrentfigure.pdf
INFO    : cropping ch4-voltagefollowercurrentfigure.pdf to cropped-ch4-voltagefollowercurrentfigure.pdf
INFO    : renaming cropped-ch4-voltagefollowercurrentfigure.pdf to ch4-voltagefollowercurrentfigure.pdf
INFO    : converting ch4-voltagefollowercurrentfigure.pdf to ch4-voltagefollowercurrentfigure.svg
INFO    : converting ch5-dischargercexample6.tex to ch5-dischargercexample6.pdf
INFO    : cropping ch5-dischargercexample6.pdf to cropped-ch5-dischargercexample6.pdf
INFO    : renaming cropped-ch5-dischargercexample6.pdf to ch5-dischargercexample6.pdf
INFO    : converting ch5-dischargercexample6.pdf to ch5-dischargercexample6.svg
INFO    : converting ch3-circuit35figans2.tex to ch3-circuit35figans2.pdf
INFO    : cropping ch3-circuit35figans2.pdf to cropped-ch3-circuit35figans2.pdf
INFO    : renaming cropped-ch3-circuit35figans2.pdf to ch3-circuit35figans2.pdf
INFO    : converting ch3-circuit35figans2.pdf to ch3-circuit35figans2.svg
INFO    : converting ch3-circuit310figans1.tex to ch3-circuit310figans1.pdf
INFO    : cropping ch3-circuit310figans1.pdf to cropped-ch3-circuit310figans1.pdf
INFO    : renaming cropped-ch3-circuit310figans1.pdf to ch3-circuit310figans1.pdf
INFO    : converting ch3-circuit310figans1.pdf to ch3-circuit310figans1.svg
INFO    : converting ch2-resistorparallelarea.tex to ch2-resistorparallelarea.pdf
INFO    : cropping ch2-resistorparallelarea.pdf to cropped-ch2-resistorparallelarea.pdf
INFO    : renaming cropped-ch2-resistorparallelarea.pdf to ch2-resistorparallelarea.pdf
INFO    : converting ch2-resistorparallelarea.pdf to ch2-resistorparallelarea.svg
INFO    : converting ch4-examplecircuit412sol1.tex to ch4-examplecircuit412sol1.pdf
INFO    : cropping ch4-examplecircuit412sol1.pdf to cropped-ch4-examplecircuit412sol1.pdf
INFO    : renaming cropped-ch4-examplecircuit412sol1.pdf to ch4-examplecircuit412sol1.pdf
INFO    : converting ch4-examplecircuit412sol1.pdf to ch4-examplecircuit412sol1.svg
INFO    : converting ch3-circuit38figans1.tex to ch3-circuit38figans1.pdf
INFO    : cropping ch3-circuit38figans1.pdf to cropped-ch3-circuit38figans1.pdf
INFO    : renaming cropped-ch3-circuit38figans1.pdf to ch3-circuit38figans1.pdf
INFO    : converting ch3-circuit38figans1.pdf to ch3-circuit38figans1.svg
INFO    : converting ch4-comparatorfig.tex to ch4-comparatorfig.pdf
INFO    : cropping ch4-comparatorfig.pdf to cropped-ch4-comparatorfig.pdf
INFO    : renaming cropped-ch4-comparatorfig.pdf to ch4-comparatorfig.pdf
INFO    : converting ch4-comparatorfig.pdf to ch4-comparatorfig.svg
INFO    : converting ch1-stepfunctionfigure.tex to ch1-stepfunctionfigure.pdf
INFO    : cropping ch1-stepfunctionfigure.pdf to cropped-ch1-stepfunctionfigure.pdf
INFO    : renaming cropped-ch1-stepfunctionfigure.pdf to ch1-stepfunctionfigure.pdf
INFO    : converting ch1-stepfunctionfigure.pdf to ch1-stepfunctionfigure.svg
INFO    : converting ch2-circuit23fig.tex to ch2-circuit23fig.pdf
INFO    : cropping ch2-circuit23fig.pdf to cropped-ch2-circuit23fig.pdf
INFO    : renaming cropped-ch2-circuit23fig.pdf to ch2-circuit23fig.pdf
INFO    : converting ch2-circuit23fig.pdf to ch2-circuit23fig.svg
INFO    : converting ch3-circuit310fig.tex to ch3-circuit310fig.pdf
INFO    : cropping ch3-circuit310fig.pdf to cropped-ch3-circuit310fig.pdf
INFO    : renaming cropped-ch3-circuit310fig.pdf to ch3-circuit310fig.pdf
INFO    : converting ch3-circuit310fig.pdf to ch3-circuit310fig.svg
INFO    : converting ch2-minimumsaferesistorex1.tex to ch2-minimumsaferesistorex1.pdf
INFO    : cropping ch2-minimumsaferesistorex1.pdf to cropped-ch2-minimumsaferesistorex1.pdf
INFO    : renaming cropped-ch2-minimumsaferesistorex1.pdf to ch2-minimumsaferesistorex1.pdf
INFO    : converting ch2-minimumsaferesistorex1.pdf to ch2-minimumsaferesistorex1.svg
INFO    : converting ch2-circuit23figans6.tex to ch2-circuit23figans6.pdf
INFO    : cropping ch2-circuit23figans6.pdf to cropped-ch2-circuit23figans6.pdf
INFO    : renaming cropped-ch2-circuit23figans6.pdf to ch2-circuit23figans6.pdf
INFO    : converting ch2-circuit23figans6.pdf to ch2-circuit23figans6.svg
INFO    : converting ch1-circuit112exercise.tex to ch1-circuit112exercise.pdf
INFO    : cropping ch1-circuit112exercise.pdf to cropped-ch1-circuit112exercise.pdf
INFO    : renaming cropped-ch1-circuit112exercise.pdf to ch1-circuit112exercise.pdf
INFO    : converting ch1-circuit112exercise.pdf to ch1-circuit112exercise.svg
INFO    : converting ch4-flashadcfigure.tex to ch4-flashadcfigure.pdf
INFO    : cropping ch4-flashadcfigure.pdf to cropped-ch4-flashadcfigure.pdf
INFO    : renaming cropped-ch4-flashadcfigure.pdf to ch4-flashadcfigure.pdf
INFO    : converting ch4-flashadcfigure.pdf to ch4-flashadcfigure.svg
INFO    : converting ch3-theveninEquivalence.tex to ch3-theveninEquivalence.pdf
INFO    : cropping ch3-theveninEquivalence.pdf to cropped-ch3-theveninEquivalence.pdf
INFO    : renaming cropped-ch3-theveninEquivalence.pdf to ch3-theveninEquivalence.pdf
INFO    : converting ch3-theveninEquivalence.pdf to ch3-theveninEquivalence.svg
INFO    : converting ch4-pwmwavesfig.tex to ch4-pwmwavesfig.pdf
INFO    : cropping ch4-pwmwavesfig.pdf to cropped-ch4-pwmwavesfig.pdf
INFO    : renaming cropped-ch4-pwmwavesfig.pdf to ch4-pwmwavesfig.pdf
INFO    : converting ch4-pwmwavesfig.pdf to ch4-pwmwavesfig.svg
INFO    : converting ch1-circuit18exercise.tex to ch1-circuit18exercise.pdf
INFO    : cropping ch1-circuit18exercise.pdf to cropped-ch1-circuit18exercise.pdf
INFO    : renaming cropped-ch1-circuit18exercise.pdf to ch1-circuit18exercise.pdf
INFO    : converting ch1-circuit18exercise.pdf to ch1-circuit18exercise.svg
INFO    : converting ch3-circuit35figans3.tex to ch3-circuit35figans3.pdf
INFO    : cropping ch3-circuit35figans3.pdf to cropped-ch3-circuit35figans3.pdf
INFO    : renaming cropped-ch3-circuit35figans3.pdf to ch3-circuit35figans3.pdf
INFO    : converting ch3-circuit35figans3.pdf to ch3-circuit35figans3.svg
INFO    : converting ch1-rectpulseexamplegraph.tex to ch1-rectpulseexamplegraph.pdf
INFO    : cropping ch1-rectpulseexamplegraph.pdf to cropped-ch1-rectpulseexamplegraph.pdf
INFO    : renaming cropped-ch1-rectpulseexamplegraph.pdf to ch1-rectpulseexamplegraph.pdf
INFO    : converting ch1-rectpulseexamplegraph.pdf to ch1-rectpulseexamplegraph.svg
INFO    : converting ch3-circuit313figans.tex to ch3-circuit313figans.pdf
INFO    : cropping ch3-circuit313figans.pdf to cropped-ch3-circuit313figans.pdf
INFO    : renaming cropped-ch3-circuit313figans.pdf to ch3-circuit313figans.pdf
INFO    : converting ch3-circuit313figans.pdf to ch3-circuit313figans.svg
INFO    : converting ch1-triangularpulseexamplegraph.tex to ch1-triangularpulseexamplegraph.pdf
INFO    : cropping ch1-triangularpulseexamplegraph.pdf to cropped-ch1-triangularpulseexamplegraph.pdf
INFO    : renaming cropped-ch1-triangularpulseexamplegraph.pdf to ch1-triangularpulseexamplegraph.pdf
INFO    : converting ch1-triangularpulseexamplegraph.pdf to ch1-triangularpulseexamplegraph.svg
INFO    : converting elementarysignals119exercise-2-1-2.tex to elementarysignals119exercise-2-1-2.pdf
INFO    : cropping elementarysignals119exercise-2-1-2.pdf to cropped-elementarysignals119exercise-2-1-2.pdf
INFO    : renaming cropped-elementarysignals119exercise-2-1-2.pdf to elementarysignals119exercise-2-1-2.pdf
INFO    : converting elementarysignals119exercise-2-1-2.pdf to elementarysignals119exercise-2-1-2.svg
INFO    : converting ch5-dischargercexample7.tex to ch5-dischargercexample7.pdf
INFO    : cropping ch5-dischargercexample7.pdf to cropped-ch5-dischargercexample7.pdf
INFO    : renaming cropped-ch5-dischargercexample7.pdf to ch5-dischargercexample7.pdf
INFO    : converting ch5-dischargercexample7.pdf to ch5-dischargercexample7.svg
INFO    : converting ch4-noninvertingsummingopampcircuitdiagram.tex to ch4-noninvertingsummingopampcircuitdiagram.pdf
INFO    : cropping ch4-noninvertingsummingopampcircuitdiagram.pdf to cropped-ch4-noninvertingsummingopampcircuitdiagram.pdf
INFO    : renaming cropped-ch4-noninvertingsummingopampcircuitdiagram.pdf to ch4-noninvertingsummingopampcircuitdiagram.pdf
INFO    : converting ch4-noninvertingsummingopampcircuitdiagram.pdf to ch4-noninvertingsummingopampcircuitdiagram.svg
INFO    : Removing temporary directory /var/folders/71/k29x_9652hd1cgj7kgcqdk400000gn/T/ptx-nv_gzo_e
INFO    : Finished generating assets.

INFO    : Finished generating assets successfully.

INFO    : 
