INFO    : Building target web
INFO    : XSL conversion of /Users/ajp/Dropbox/COD/Engineering 2210 - Circuit Analysis 1/new-Textbook/source/main.ptx by /Users/ajp/.ptx/2.52.3/core/xsl/utilities/pretext-enhanced-source.xsl
INFO    : messages from the log for XSL processing (prefaced with a *):
WARNING : * PTX:DEPRECATE: (2026-07-30) the external directory is a property of your source, and is now declared with a "directories/@external" attribute within "docinfo".  The publication file entry "source/directories/@external" is honored meanwhile, but please relocate it.
INFO    : successful application of /Users/ajp/.ptx/2.52.3/core/xsl/utilities/pretext-enhanced-source.xsl
INFO    : discovering source file's directory name: /Users/ajp/Dropbox/COD/Engineering 2210 - Circuit Analysis 1/new-Textbook/source
WARNING : (2026-07-30) the external directory is a property of your source, and is now declared with a "directories/@external" attribute within "docinfo". The publisher file entry "source/directories/@external" is honored meanwhile, but please relocate it.
INFO    : verifying and expanding input directory: /Users/ajp/Dropbox/COD/Engineering 2210 - Circuit Analysis 1/new-Textbook/source/../assets
INFO    : input directory expanded to absolute path: /Users/ajp/Dropbox/COD/Engineering 2210 - Circuit Analysis 1/new-Textbook/assets
INFO    : Generating any needed assets.
WARNING : Now generating latex images
INFO    : converting latex-image pictures from /Users/ajp/Dropbox/COD/Engineering 2210 - Circuit Analysis 1/new-Textbook/source/main.ptx to svg graphics for placement in /Users/ajp/Dropbox/COD/Engineering 2210 - Circuit Analysis 1/new-Textbook/generated-assets/latex-image
INFO    : extracting latex-image pictures from /Users/ajp/Dropbox/COD/Engineering 2210 - Circuit Analysis 1/new-Textbook/source/main.ptx
INFO    : string parameters passed to extraction stylesheet: {'cli.version': '2.52', 'publisher': '/Users/ajp/Dropbox/COD/Engineering 2210 - Circuit Analysis 1/new-Textbook/publication/publication.ptx'}
INFO    : discovering source file's directory name: /Users/ajp/Dropbox/COD/Engineering 2210 - Circuit Analysis 1/new-Textbook/source
WARNING : (2026-07-30) the external directory is a property of your source, and is now declared with a "directories/@external" attribute within "docinfo". The publisher file entry "source/directories/@external" is honored meanwhile, but please relocate it.
INFO    : verifying and expanding input directory: /Users/ajp/Dropbox/COD/Engineering 2210 - Circuit Analysis 1/new-Textbook/source/../assets
INFO    : input directory expanded to absolute path: /Users/ajp/Dropbox/COD/Engineering 2210 - Circuit Analysis 1/new-Textbook/assets
INFO    : discovering source file's directory name: /Users/ajp/Dropbox/COD/Engineering 2210 - Circuit Analysis 1/new-Textbook/source
INFO    : XSL conversion of /Users/ajp/Dropbox/COD/Engineering 2210 - Circuit Analysis 1/new-Textbook/source/main.ptx by /Users/ajp/.ptx/2.52.3/core/xsl/extract-latex-image.xsl
INFO    : messages from the log for XSL processing (prefaced with a *):
WARNING : * PTX:DEPRECATE: (2026-07-30) the external directory is a property of your source, and is now declared with a "directories/@external" attribute within "docinfo".  The publication file entry "source/directories/@external" is honored meanwhile, but please relocate it.
INFO    : successful application of /Users/ajp/.ptx/2.52.3/core/xsl/extract-latex-image.xsl
INFO    : converting ch9-complex-superposition-exercise3-figure3.tex to ch9-complex-superposition-exercise3-figure3.pdf
ERROR   : LaTeX compilation of ch9-complex-superposition-exercise3-figure3.tex failed.
Re-run, requesting "source" as the format, to analyze the image.
Likely creating the entire document as PDF will fail similarly.
The transcript of the LaTeX run follows.
WARNING : LaTeX compilation of ch9-complex-superposition-exercise3-figure3.tex failed
INFO    : converting ch3-circuit38figansnothelpful2.tex to ch3-circuit38figansnothelpful2.pdf
ERROR   : LaTeX compilation of ch3-circuit38figansnothelpful2.tex failed.
Re-run, requesting "source" as the format, to analyze the image.
Likely creating the entire document as PDF will fail similarly.
The transcript of the LaTeX run follows.
WARNING : LaTeX compilation of ch3-circuit38figansnothelpful2.tex failed
INFO    : converting ch9-active-firstorder-lpf-diagram1.tex to ch9-active-firstorder-lpf-diagram1.pdf
ERROR   : LaTeX compilation of ch9-active-firstorder-lpf-diagram1.tex failed.
Re-run, requesting "source" as the format, to analyze the image.
Likely creating the entire document as PDF will fail similarly.
The transcript of the LaTeX run follows.
WARNING : LaTeX compilation of ch9-active-firstorder-lpf-diagram1.tex failed
INFO    : converting ch5-equivalentcapexample1solution1.tex to ch5-equivalentcapexample1solution1.pdf
ERROR   : LaTeX compilation of ch5-equivalentcapexample1solution1.tex failed.
Re-run, requesting "source" as the format, to analyze the image.
Likely creating the entire document as PDF will fail similarly.
The transcript of the LaTeX run follows.
WARNING : LaTeX compilation of ch5-equivalentcapexample1solution1.tex failed
INFO    : converting ch7-series-rlc-example4-diagram.tex to ch7-series-rlc-example4-diagram.pdf
ERROR   : LaTeX compilation of ch7-series-rlc-example4-diagram.tex failed.
Re-run, requesting "source" as the format, to analyze the image.
Likely creating the entire document as PDF will fail similarly.
The transcript of the LaTeX run follows.
WARNING : LaTeX compilation of ch7-series-rlc-example4-diagram.tex failed
INFO    : converting ch6-equivalentinductance-example4-solution2.tex to ch6-equivalentinductance-example4-solution2.pdf
ERROR   : LaTeX compilation of ch6-equivalentinductance-example4-solution2.tex failed.
Re-run, requesting "source" as the format, to analyze the image.
Likely creating the entire document as PDF will fail similarly.
The transcript of the LaTeX run follows.
WARNING : LaTeX compilation of ch6-equivalentinductance-example4-solution2.tex failed
INFO    : converting ch5-capsymbol.tex to ch5-capsymbol.pdf
ERROR   : LaTeX compilation of ch5-capsymbol.tex failed.
Re-run, requesting "source" as the format, to analyze the image.
Likely creating the entire document as PDF will fail similarly.
The transcript of the LaTeX run follows.
WARNING : LaTeX compilation of ch5-capsymbol.tex failed
INFO    : converting ch2-voltagedividerexmeshesfig1.tex to ch2-voltagedividerexmeshesfig1.pdf
ERROR   : LaTeX compilation of ch2-voltagedividerexmeshesfig1.tex failed.
Re-run, requesting "source" as the format, to analyze the image.
Likely creating the entire document as PDF will fail similarly.
The transcript of the LaTeX run follows.
WARNING : LaTeX compilation of ch2-voltagedividerexmeshesfig1.tex failed
INFO    : converting ch9-complex-norton-exercise5-figure2.tex to ch9-complex-norton-exercise5-figure2.pdf
ERROR   : LaTeX compilation of ch9-complex-norton-exercise5-figure2.tex failed.
Re-run, requesting "source" as the format, to analyze the image.
Likely creating the entire document as PDF will fail similarly.
The transcript of the LaTeX run follows.
WARNING : LaTeX compilation of ch9-complex-norton-exercise5-figure2.tex failed
INFO    : converting ch5-homogeneousrcexample1solution4.tex to ch5-homogeneousrcexample1solution4.pdf
ERROR   : LaTeX compilation of ch5-homogeneousrcexample1solution4.tex failed.
Re-run, requesting "source" as the format, to analyze the image.
Likely creating the entire document as PDF will fail similarly.
The transcript of the LaTeX run follows.
WARNING : LaTeX compilation of ch5-homogeneousrcexample1solution4.tex failed
INFO    : converting ch3-maxPowerFigure4.tex to ch3-maxPowerFigure4.pdf
ERROR   : LaTeX compilation of ch3-maxPowerFigure4.tex failed.
Re-run, requesting "source" as the format, to analyze the image.
Likely creating the entire document as PDF will fail similarly.
The transcript of the LaTeX run follows.
WARNING : LaTeX compilation of ch3-maxPowerFigure4.tex failed
INFO    : converting ch6-generalexample2fig15.tex to ch6-generalexample2fig15.pdf
ERROR   : LaTeX compilation of ch6-generalexample2fig15.tex failed.
Re-run, requesting "source" as the format, to analyze the image.
Likely creating the entire document as PDF will fail similarly.
The transcript of the LaTeX run follows.
WARNING : LaTeX compilation of ch6-generalexample2fig15.tex failed
INFO    : converting ch9-complex-mesh-analysis-exercise2-figure1.tex to ch9-complex-mesh-analysis-exercise2-figure1.pdf
ERROR   : LaTeX compilation of ch9-complex-mesh-analysis-exercise2-figure1.tex failed.
Re-run, requesting "source" as the format, to analyze the image.
Likely creating the entire document as PDF will fail similarly.
The transcript of the LaTeX run follows.
WARNING : LaTeX compilation of ch9-complex-mesh-analysis-exercise2-figure1.tex failed
INFO    : converting ch6-chargingrl-example5-solution4.tex to ch6-chargingrl-example5-solution4.pdf
ERROR   : LaTeX compilation of ch6-chargingrl-example5-solution4.tex failed.
Re-run, requesting "source" as the format, to analyze the image.
Likely creating the entire document as PDF will fail similarly.
The transcript of the LaTeX run follows.
WARNING : LaTeX compilation of ch6-chargingrl-example5-solution4.tex failed
INFO    : converting ch5-measuringcapacitance.tex to ch5-measuringcapacitance.pdf
ERROR   : LaTeX compilation of ch5-measuringcapacitance.tex failed.
Re-run, requesting "source" as the format, to analyze the image.
Likely creating the entire document as PDF will fail similarly.
The transcript of the LaTeX run follows.
WARNING : LaTeX compilation of ch5-measuringcapacitance.tex failed
INFO    : converting ch9-unstable-poles-real-roots.tex to ch9-unstable-poles-real-roots.pdf
ERROR   : LaTeX compilation of ch9-unstable-poles-real-roots.tex failed.
Re-run, requesting "source" as the format, to analyze the image.
Likely creating the entire document as PDF will fail similarly.
The transcript of the LaTeX run follows.
WARNING : LaTeX compilation of ch9-unstable-poles-real-roots.tex failed
INFO    : converting ch6-homogeneousrl-example5-solution5.tex to ch6-homogeneousrl-example5-solution5.pdf
ERROR   : LaTeX compilation of ch6-homogeneousrl-example5-solution5.tex failed.
Re-run, requesting "source" as the format, to analyze the image.
Likely creating the entire document as PDF will fail similarly.
The transcript of the LaTeX run follows.
WARNING : LaTeX compilation of ch6-homogeneousrl-example5-solution5.tex failed
INFO    : converting ch5-generaltransientresistorexample7.tex to ch5-generaltransientresistorexample7.pdf
ERROR   : LaTeX compilation of ch5-generaltransientresistorexample7.tex failed.
Re-run, requesting "source" as the format, to analyze the image.
Likely creating the entire document as PDF will fail similarly.
The transcript of the LaTeX run follows.
WARNING : LaTeX compilation of ch5-generaltransientresistorexample7.tex failed
INFO    : converting ch2-circuit225figans1.tex to ch2-circuit225figans1.pdf
ERROR   : LaTeX compilation of ch2-circuit225figans1.tex failed.
Re-run, requesting "source" as the format, to analyze the image.
Likely creating the entire document as PDF will fail similarly.
The transcript of the LaTeX run follows.
WARNING : LaTeX compilation of ch2-circuit225figans1.tex failed
INFO    : converting ch7-const-non-homogeneous-example1-figure3.tex to ch7-const-non-homogeneous-example1-figure3.pdf
ERROR   : LaTeX compilation of ch7-const-non-homogeneous-example1-figure3.tex failed.
Re-run, requesting "source" as the format, to analyze the image.
Likely creating the entire document as PDF will fail similarly.
The transcript of the LaTeX run follows.
WARNING : LaTeX compilation of ch7-const-non-homogeneous-example1-figure3.tex failed
INFO    : converting ch9-complex-kcl-kvl-exercise1-figure1.tex to ch9-complex-kcl-kvl-exercise1-figure1.pdf
ERROR   : LaTeX compilation of ch9-complex-kcl-kvl-exercise1-figure1.tex failed.
Re-run, requesting "source" as the format, to analyze the image.
Likely creating the entire document as PDF will fail similarly.
The transcript of the LaTeX run follows.
WARNING : LaTeX compilation of ch9-complex-kcl-kvl-exercise1-figure1.tex failed
INFO    : converting ch7-homogeneous-parallelrlc-example-fig5.tex to ch7-homogeneous-parallelrlc-example-fig5.pdf
ERROR   : LaTeX compilation of ch7-homogeneous-parallelrlc-example-fig5.tex failed.
Re-run, requesting "source" as the format, to analyze the image.
Likely creating the entire document as PDF will fail similarly.
The transcript of the LaTeX run follows.
WARNING : LaTeX compilation of ch7-homogeneous-parallelrlc-example-fig5.tex failed
INFO    : converting ch9-complex-source-transformation-exercise4-figure2.tex to ch9-complex-source-transformation-exercise4-figure2.pdf
ERROR   : LaTeX compilation of ch9-complex-source-transformation-exercise4-figure2.tex failed.
Re-run, requesting "source" as the format, to analyze the image.
Likely creating the entire document as PDF will fail similarly.
The transcript of the LaTeX run follows.
WARNING : LaTeX compilation of ch9-complex-source-transformation-exercise4-figure2.tex failed
INFO    : converting ch2-circuitMeshes.tex to ch2-circuitMeshes.pdf
ERROR   : LaTeX compilation of ch2-circuitMeshes.tex failed.
Re-run, requesting "source" as the format, to analyze the image.
Likely creating the entire document as PDF will fail similarly.
The transcript of the LaTeX run follows.
WARNING : LaTeX compilation of ch2-circuitMeshes.tex failed
INFO    : converting ch11-sdomain-example3-figure2.tex to ch11-sdomain-example3-figure2.pdf
ERROR   : LaTeX compilation of ch11-sdomain-example3-figure2.tex failed.
Re-run, requesting "source" as the format, to analyze the image.
Likely creating the entire document as PDF will fail similarly.
The transcript of the LaTeX run follows.
WARNING : LaTeX compilation of ch11-sdomain-example3-figure2.tex failed
INFO    : converting ch6-homogeneous-example2-solution2.tex to ch6-homogeneous-example2-solution2.pdf
ERROR   : LaTeX compilation of ch6-homogeneous-example2-solution2.tex failed.
Re-run, requesting "source" as the format, to analyze the image.
Likely creating the entire document as PDF will fail similarly.
The transcript of the LaTeX run follows.
WARNING : LaTeX compilation of ch6-homogeneous-example2-solution2.tex failed
INFO    : converting ch5-dischargercexampledependentdiffeq1.tex to ch5-dischargercexampledependentdiffeq1.pdf
ERROR   : LaTeX compilation of ch5-dischargercexampledependentdiffeq1.tex failed.
Re-run, requesting "source" as the format, to analyze the image.
Likely creating the entire document as PDF will fail similarly.
The transcript of the LaTeX run follows.
WARNING : LaTeX compilation of ch5-dischargercexampledependentdiffeq1.tex failed
INFO    : converting ch7-homogeneous-example5-figure3.tex to ch7-homogeneous-example5-figure3.pdf
ERROR   : LaTeX compilation of ch7-homogeneous-example5-figure3.tex failed.
Re-run, requesting "source" as the format, to analyze the image.
Likely creating the entire document as PDF will fail similarly.
The transcript of the LaTeX run follows.
WARNING : LaTeX compilation of ch7-homogeneous-example5-figure3.tex failed
INFO    : converting ch6-dischargingrlexamplefig1.tex to ch6-dischargingrlexamplefig1.pdf
ERROR   : LaTeX compilation of ch6-dischargingrlexamplefig1.tex failed.
Re-run, requesting "source" as the format, to analyze the image.
Likely creating the entire document as PDF will fail similarly.
The transcript of the LaTeX run follows.
WARNING : LaTeX compilation of ch6-dischargingrlexamplefig1.tex failed
INFO    : converting ch3-nortonExampleFigure2.tex to ch3-nortonExampleFigure2.pdf
ERROR   : LaTeX compilation of ch3-nortonExampleFigure2.tex failed.
Re-run, requesting "source" as the format, to analyze the image.
Likely creating the entire document as PDF will fail similarly.
The transcript of the LaTeX run follows.
WARNING : LaTeX compilation of ch3-nortonExampleFigure2.tex failed
INFO    : converting ch7-homogeneous-seriesrlc-example-fig1.tex to ch7-homogeneous-seriesrlc-example-fig1.pdf
ERROR   : LaTeX compilation of ch7-homogeneous-seriesrlc-example-fig1.tex failed.
Re-run, requesting "source" as the format, to analyze the image.
Likely creating the entire document as PDF will fail similarly.
The transcript of the LaTeX run follows.
WARNING : LaTeX compilation of ch7-homogeneous-seriesrlc-example-fig1.tex failed
INFO    : converting ch2-eqresistancecktef3.tex to ch2-eqresistancecktef3.pdf
ERROR   : LaTeX compilation of ch2-eqresistancecktef3.tex failed.
Re-run, requesting "source" as the format, to analyze the image.
Likely creating the entire document as PDF will fail similarly.
The transcript of the LaTeX run follows.
WARNING : LaTeX compilation of ch2-eqresistancecktef3.tex failed
INFO    : converting ch6-chargingfromzeroexample2fig3.tex to ch6-chargingfromzeroexample2fig3.pdf
ERROR   : LaTeX compilation of ch6-chargingfromzeroexample2fig3.tex failed.
Re-run, requesting "source" as the format, to analyze the image.
Likely creating the entire document as PDF will fail similarly.
The transcript of the LaTeX run follows.
WARNING : LaTeX compilation of ch6-chargingfromzeroexample2fig3.tex failed
INFO    : converting ch5-generalrcexample2solution8.tex to ch5-generalrcexample2solution8.pdf
ERROR   : LaTeX compilation of ch5-generalrcexample2solution8.tex failed.
Re-run, requesting "source" as the format, to analyze the image.
Likely creating the entire document as PDF will fail similarly.
The transcript of the LaTeX run follows.
WARNING : LaTeX compilation of ch5-generalrcexample2solution8.tex failed
INFO    : converting ch2-circuit23figansdelta1.tex to ch2-circuit23figansdelta1.pdf
ERROR   : LaTeX compilation of ch2-circuit23figansdelta1.tex failed.
Re-run, requesting "source" as the format, to analyze the image.
Likely creating the entire document as PDF will fail similarly.
The transcript of the LaTeX run follows.
WARNING : LaTeX compilation of ch2-circuit23figansdelta1.tex failed
INFO    : converting sources14exercise-2-1-2.tex to sources14exercise-2-1-2.pdf
ERROR   : LaTeX compilation of sources14exercise-2-1-2.tex failed.
Re-run, requesting "source" as the format, to analyze the image.
Likely creating the entire document as PDF will fail similarly.
The transcript of the LaTeX run follows.
WARNING : LaTeX compilation of sources14exercise-2-1-2.tex failed
INFO    : converting ch6-chargingfromzeroexample2fig2.tex to ch6-chargingfromzeroexample2fig2.pdf
ERROR   : LaTeX compilation of ch6-chargingfromzeroexample2fig2.tex failed.
Re-run, requesting "source" as the format, to analyze the image.
Likely creating the entire document as PDF will fail similarly.
The transcript of the LaTeX run follows.
WARNING : LaTeX compilation of ch6-chargingfromzeroexample2fig2.tex failed
INFO    : converting ch2-eqresistancecktef2.tex to ch2-eqresistancecktef2.pdf
ERROR   : LaTeX compilation of ch2-eqresistancecktef2.tex failed.
Re-run, requesting "source" as the format, to analyze the image.
Likely creating the entire document as PDF will fail similarly.
The transcript of the LaTeX run follows.
WARNING : LaTeX compilation of ch2-eqresistancecktef2.tex failed
INFO    : converting ch5-generalrcexample2solution9.tex to ch5-generalrcexample2solution9.pdf
ERROR   : LaTeX compilation of ch5-generalrcexample2solution9.tex failed.
Re-run, requesting "source" as the format, to analyze the image.
Likely creating the entire document as PDF will fail similarly.
The transcript of the LaTeX run follows.
WARNING : LaTeX compilation of ch5-generalrcexample2solution9.tex failed
INFO    : converting ch3-circuit33figans4.tex to ch3-circuit33figans4.pdf
ERROR   : LaTeX compilation of ch3-circuit33figans4.tex failed.
Re-run, requesting "source" as the format, to analyze the image.
Likely creating the entire document as PDF will fail similarly.
The transcript of the LaTeX run follows.
WARNING : LaTeX compilation of ch3-circuit33figans4.tex failed
INFO    : converting ch3-nortonExampleFigure3.tex to ch3-nortonExampleFigure3.pdf
ERROR   : LaTeX compilation of ch3-nortonExampleFigure3.tex failed.
Re-run, requesting "source" as the format, to analyze the image.
Likely creating the entire document as PDF will fail similarly.
The transcript of the LaTeX run follows.
WARNING : LaTeX compilation of ch3-nortonExampleFigure3.tex failed
INFO    : converting ch5-homogeneousrccircuitfigure.tex to ch5-homogeneousrccircuitfigure.pdf
ERROR   : LaTeX compilation of ch5-homogeneousrccircuitfigure.tex failed.
Re-run, requesting "source" as the format, to analyze the image.
Likely creating the entire document as PDF will fail similarly.
The transcript of the LaTeX run follows.
WARNING : LaTeX compilation of ch5-homogeneousrccircuitfigure.tex failed
INFO    : converting ch6-equivalentinductance-example4-solution10.tex to ch6-equivalentinductance-example4-solution10.pdf
ERROR   : LaTeX compilation of ch6-equivalentinductance-example4-solution10.tex failed.
Re-run, requesting "source" as the format, to analyze the image.
Likely creating the entire document as PDF will fail similarly.
The transcript of the LaTeX run follows.
WARNING : LaTeX compilation of ch6-equivalentinductance-example4-solution10.tex failed
INFO    : converting ch5-rchomogeneousexample1.tex to ch5-rchomogeneousexample1.pdf
ERROR   : LaTeX compilation of ch5-rchomogeneousexample1.tex failed.
Re-run, requesting "source" as the format, to analyze the image.
Likely creating the entire document as PDF will fail similarly.
The transcript of the LaTeX run follows.
WARNING : LaTeX compilation of ch5-rchomogeneousexample1.tex failed
INFO    : converting ch7-homogeneous-example5-figure2.tex to ch7-homogeneous-example5-figure2.pdf
ERROR   : LaTeX compilation of ch7-homogeneous-example5-figure2.tex failed.
Re-run, requesting "source" as the format, to analyze the image.
Likely creating the entire document as PDF will fail similarly.
The transcript of the LaTeX run follows.
WARNING : LaTeX compilation of ch7-homogeneous-example5-figure2.tex failed
INFO    : converting ch6-homogeneous-example2-solution3.tex to ch6-homogeneous-example2-solution3.pdf
ERROR   : LaTeX compilation of ch6-homogeneous-example2-solution3.tex failed.
Re-run, requesting "source" as the format, to analyze the image.
Likely creating the entire document as PDF will fail similarly.
The transcript of the LaTeX run follows.
WARNING : LaTeX compilation of ch6-homogeneous-example2-solution3.tex failed
INFO    : converting ch11-sdomain-example3-figure3.tex to ch11-sdomain-example3-figure3.pdf
ERROR   : LaTeX compilation of ch11-sdomain-example3-figure3.tex failed.
Re-run, requesting "source" as the format, to analyze the image.
Likely creating the entire document as PDF will fail similarly.
The transcript of the LaTeX run follows.
WARNING : LaTeX compilation of ch11-sdomain-example3-figure3.tex failed
INFO    : converting ch9-complex-source-transformation-exercise4-figure3.tex to ch9-complex-source-transformation-exercise4-figure3.pdf
ERROR   : LaTeX compilation of ch9-complex-source-transformation-exercise4-figure3.tex failed.
Re-run, requesting "source" as the format, to analyze the image.
Likely creating the entire document as PDF will fail similarly.
The transcript of the LaTeX run follows.
WARNING : LaTeX compilation of ch9-complex-source-transformation-exercise4-figure3.tex failed
INFO    : converting ch12-555timermonostablecharging.tex to ch12-555timermonostablecharging.pdf
ERROR   : LaTeX compilation of ch12-555timermonostablecharging.tex failed.
Re-run, requesting "source" as the format, to analyze the image.
Likely creating the entire document as PDF will fail similarly.
The transcript of the LaTeX run follows.
WARNING : LaTeX compilation of ch12-555timermonostablecharging.tex failed
INFO    : converting ch9-complex-kcl-kvl-exercise4-diagram.tex to ch9-complex-kcl-kvl-exercise4-diagram.pdf
ERROR   : LaTeX compilation of ch9-complex-kcl-kvl-exercise4-diagram.tex failed.
Re-run, requesting "source" as the format, to analyze the image.
Likely creating the entire document as PDF will fail similarly.
The transcript of the LaTeX run follows.
WARNING : LaTeX compilation of ch9-complex-kcl-kvl-exercise4-diagram.tex failed
INFO    : converting ch9-filters-exercise5-diagram.tex to ch9-filters-exercise5-diagram.pdf
ERROR   : LaTeX compilation of ch9-filters-exercise5-diagram.tex failed.
Re-run, requesting "source" as the format, to analyze the image.
Likely creating the entire document as PDF will fail similarly.
The transcript of the LaTeX run follows.
WARNING : LaTeX compilation of ch9-filters-exercise5-diagram.tex failed
INFO    : converting ch7-homogeneous-parallelrlc-example-fig4.tex to ch7-homogeneous-parallelrlc-example-fig4.pdf
ERROR   : LaTeX compilation of ch7-homogeneous-parallelrlc-example-fig4.tex failed.
Re-run, requesting "source" as the format, to analyze the image.
Likely creating the entire document as PDF will fail similarly.
The transcript of the LaTeX run follows.
WARNING : LaTeX compilation of ch7-homogeneous-parallelrlc-example-fig4.tex failed
INFO    : converting ch1-circuit115exercise.tex to ch1-circuit115exercise.pdf
ERROR   : LaTeX compilation of ch1-circuit115exercise.tex failed.
Re-run, requesting "source" as the format, to analyze the image.
Likely creating the entire document as PDF will fail similarly.
The transcript of the LaTeX run follows.
WARNING : LaTeX compilation of ch1-circuit115exercise.tex failed
INFO    : converting ch7-const-non-homogeneous-example1-figure2.tex to ch7-const-non-homogeneous-example1-figure2.pdf
ERROR   : LaTeX compilation of ch7-const-non-homogeneous-example1-figure2.tex failed.
Re-run, requesting "source" as the format, to analyze the image.
Likely creating the entire document as PDF will fail similarly.
The transcript of the LaTeX run follows.
WARNING : LaTeX compilation of ch7-const-non-homogeneous-example1-figure2.tex failed
INFO    : converting ch9-active-bsf-example-diagram.tex to ch9-active-bsf-example-diagram.pdf
ERROR   : LaTeX compilation of ch9-active-bsf-example-diagram.tex failed.
Re-run, requesting "source" as the format, to analyze the image.
Likely creating the entire document as PDF will fail similarly.
The transcript of the LaTeX run follows.
WARNING : LaTeX compilation of ch9-active-bsf-example-diagram.tex failed
INFO    : converting ch6-homogeneousrl-example5-solution4.tex to ch6-homogeneousrl-example5-solution4.pdf
ERROR   : LaTeX compilation of ch6-homogeneousrl-example5-solution4.tex failed.
Re-run, requesting "source" as the format, to analyze the image.
Likely creating the entire document as PDF will fail similarly.
The transcript of the LaTeX run follows.
WARNING : LaTeX compilation of ch6-homogeneousrl-example5-solution4.tex failed
INFO    : converting ch5-generaltransientresistorexample6.tex to ch5-generaltransientresistorexample6.pdf
ERROR   : LaTeX compilation of ch5-generaltransientresistorexample6.tex failed.
Re-run, requesting "source" as the format, to analyze the image.
Likely creating the entire document as PDF will fail similarly.
The transcript of the LaTeX run follows.
WARNING : LaTeX compilation of ch5-generaltransientresistorexample6.tex failed
INFO    : converting ch6-chargingrl-example2-solution1.tex to ch6-chargingrl-example2-solution1.pdf
ERROR   : LaTeX compilation of ch6-chargingrl-example2-solution1.tex failed.
Re-run, requesting "source" as the format, to analyze the image.
Likely creating the entire document as PDF will fail similarly.
The transcript of the LaTeX run follows.
WARNING : LaTeX compilation of ch6-chargingrl-example2-solution1.tex failed
INFO    : converting ch3-circuit315fig.tex to ch3-circuit315fig.pdf
ERROR   : LaTeX compilation of ch3-circuit315fig.tex failed.
Re-run, requesting "source" as the format, to analyze the image.
Likely creating the entire document as PDF will fail similarly.
The transcript of the LaTeX run follows.
WARNING : LaTeX compilation of ch3-circuit315fig.tex failed
INFO    : converting ch6-chargingrl-example5-solution5.tex to ch6-chargingrl-example5-solution5.pdf
ERROR   : LaTeX compilation of ch6-chargingrl-example5-solution5.tex failed.
Re-run, requesting "source" as the format, to analyze the image.
Likely creating the entire document as PDF will fail similarly.
The transcript of the LaTeX run follows.
WARNING : LaTeX compilation of ch6-chargingrl-example5-solution5.tex failed
INFO    : converting ch6-generalexample2fig14.tex to ch6-generalexample2fig14.pdf
ERROR   : LaTeX compilation of ch6-generalexample2fig14.tex failed.
Re-run, requesting "source" as the format, to analyze the image.
Likely creating the entire document as PDF will fail similarly.
The transcript of the LaTeX run follows.
WARNING : LaTeX compilation of ch6-generalexample2fig14.tex failed
INFO    : converting ch9-complex-thevenin-exercise1-figure1.tex to ch9-complex-thevenin-exercise1-figure1.pdf
ERROR   : LaTeX compilation of ch9-complex-thevenin-exercise1-figure1.tex failed.
Re-run, requesting "source" as the format, to analyze the image.
Likely creating the entire document as PDF will fail similarly.
The transcript of the LaTeX run follows.
WARNING : LaTeX compilation of ch9-complex-thevenin-exercise1-figure1.tex failed
INFO    : converting ch3-maxPowerFigure5.tex to ch3-maxPowerFigure5.pdf
ERROR   : LaTeX compilation of ch3-maxPowerFigure5.tex failed.
Re-run, requesting "source" as the format, to analyze the image.
Likely creating the entire document as PDF will fail similarly.
The transcript of the LaTeX run follows.
WARNING : LaTeX compilation of ch3-maxPowerFigure5.tex failed
INFO    : converting ch3-theveninExampleDependent1.tex to ch3-theveninExampleDependent1.pdf
ERROR   : LaTeX compilation of ch3-theveninExampleDependent1.tex failed.
Re-run, requesting "source" as the format, to analyze the image.
Likely creating the entire document as PDF will fail similarly.
The transcript of the LaTeX run follows.
WARNING : LaTeX compilation of ch3-theveninExampleDependent1.tex failed
INFO    : converting ch2-kclexample1.tex to ch2-kclexample1.pdf
ERROR   : LaTeX compilation of ch2-kclexample1.tex failed.
Re-run, requesting "source" as the format, to analyze the image.
Likely creating the entire document as PDF will fail similarly.
The transcript of the LaTeX run follows.
WARNING : LaTeX compilation of ch2-kclexample1.tex failed
INFO    : converting ch3-circuit36figans1.tex to ch3-circuit36figans1.pdf
ERROR   : LaTeX compilation of ch3-circuit36figans1.tex failed.
Re-run, requesting "source" as the format, to analyze the image.
Likely creating the entire document as PDF will fail similarly.
The transcript of the LaTeX run follows.
WARNING : LaTeX compilation of ch3-circuit36figans1.tex failed
INFO    : converting ch2-circuit25figans1.tex to ch2-circuit25figans1.pdf
ERROR   : LaTeX compilation of ch2-circuit25figans1.tex failed.
Re-run, requesting "source" as the format, to analyze the image.
Likely creating the entire document as PDF will fail similarly.
The transcript of the LaTeX run follows.
WARNING : LaTeX compilation of ch2-circuit25figans1.tex failed
INFO    : converting ch9-transfer-function-example3-figure2.tex to ch9-transfer-function-example3-figure2.pdf
ERROR   : LaTeX compilation of ch9-transfer-function-example3-figure2.tex failed.
Re-run, requesting "source" as the format, to analyze the image.
Likely creating the entire document as PDF will fail similarly.
The transcript of the LaTeX run follows.
WARNING : LaTeX compilation of ch9-transfer-function-example3-figure2.tex failed
INFO    : converting ch1-rampfunctiongraph.tex to ch1-rampfunctiongraph.pdf
ERROR   : LaTeX compilation of ch1-rampfunctiongraph.tex failed.
Re-run, requesting "source" as the format, to analyze the image.
Likely creating the entire document as PDF will fail similarly.
The transcript of the LaTeX run follows.
WARNING : LaTeX compilation of ch1-rampfunctiongraph.tex failed
INFO    : converting ch6-equivalentinductance-example4-solution3.tex to ch6-equivalentinductance-example4-solution3.pdf
ERROR   : LaTeX compilation of ch6-equivalentinductance-example4-solution3.tex failed.
Re-run, requesting "source" as the format, to analyze the image.
Likely creating the entire document as PDF will fail similarly.
The transcript of the LaTeX run follows.
WARNING : LaTeX compilation of ch6-equivalentinductance-example4-solution3.tex failed
INFO    : converting ch7-non-homogeneous-example2-diagram.tex to ch7-non-homogeneous-example2-diagram.pdf
ERROR   : LaTeX compilation of ch7-non-homogeneous-example2-diagram.tex failed.
Re-run, requesting "source" as the format, to analyze the image.
Likely creating the entire document as PDF will fail similarly.
The transcript of the LaTeX run follows.
WARNING : LaTeX compilation of ch7-non-homogeneous-example2-diagram.tex failed
INFO    : converting ch5generalrcexample1solution1.tex to ch5generalrcexample1solution1.pdf
ERROR   : LaTeX compilation of ch5generalrcexample1solution1.tex failed.
Re-run, requesting "source" as the format, to analyze the image.
Likely creating the entire document as PDF will fail similarly.
The transcript of the LaTeX run follows.
WARNING : LaTeX compilation of ch5generalrcexample1solution1.tex failed
INFO    : converting ch8-equivimpedance-ex5-figure4.tex to ch8-equivimpedance-ex5-figure4.pdf
ERROR   : LaTeX compilation of ch8-equivimpedance-ex5-figure4.tex failed.
Re-run, requesting "source" as the format, to analyze the image.
Likely creating the entire document as PDF will fail similarly.
The transcript of the LaTeX run follows.
WARNING : LaTeX compilation of ch8-equivimpedance-ex5-figure4.tex failed
INFO    : converting ch2-circuit26fig.tex to ch2-circuit26fig.pdf
ERROR   : LaTeX compilation of ch2-circuit26fig.tex failed.
Re-run, requesting "source" as the format, to analyze the image.
Likely creating the entire document as PDF will fail similarly.
The transcript of the LaTeX run follows.
WARNING : LaTeX compilation of ch2-circuit26fig.tex failed
INFO    : converting ch6-generalexample1fig1.tex to ch6-generalexample1fig1.pdf
ERROR   : LaTeX compilation of ch6-generalexample1fig1.tex failed.
Re-run, requesting "source" as the format, to analyze the image.
Likely creating the entire document as PDF will fail similarly.
The transcript of the LaTeX run follows.
WARNING : LaTeX compilation of ch6-generalexample1fig1.tex failed
INFO    : converting ch9-transfer-functions-exercise5-diagram.tex to ch9-transfer-functions-exercise5-diagram.pdf
ERROR   : LaTeX compilation of ch9-transfer-functions-exercise5-diagram.tex failed.
Re-run, requesting "source" as the format, to analyze the image.
Likely creating the entire document as PDF will fail similarly.
The transcript of the LaTeX run follows.
WARNING : LaTeX compilation of ch9-transfer-functions-exercise5-diagram.tex failed
INFO    : converting ch7-homogeneous-parallelrlc-parasitic-diagram-t0plus.tex to ch7-homogeneous-parallelrlc-parasitic-diagram-t0plus.pdf
ERROR   : LaTeX compilation of ch7-homogeneous-parallelrlc-parasitic-diagram-t0plus.tex failed.
Re-run, requesting "source" as the format, to analyze the image.
Likely creating the entire document as PDF will fail similarly.
The transcript of the LaTeX run follows.
WARNING : LaTeX compilation of ch7-homogeneous-parallelrlc-parasitic-diagram-t0plus.tex failed
INFO    : converting ch9-complex-superposition-exercise3-figure2.tex to ch9-complex-superposition-exercise3-figure2.pdf
ERROR   : LaTeX compilation of ch9-complex-superposition-exercise3-figure2.tex failed.
Re-run, requesting "source" as the format, to analyze the image.
Likely creating the entire document as PDF will fail similarly.
The transcript of the LaTeX run follows.
WARNING : LaTeX compilation of ch9-complex-superposition-exercise3-figure2.tex failed
INFO    : converting ch3-circuit313figans2.tex to ch3-circuit313figans2.pdf
ERROR   : LaTeX compilation of ch3-circuit313figans2.tex failed.
Re-run, requesting "source" as the format, to analyze the image.
Likely creating the entire document as PDF will fail similarly.
The transcript of the LaTeX run follows.
WARNING : LaTeX compilation of ch3-circuit313figans2.tex failed
INFO    : converting ch1-exponentialdecaygraph.tex to ch1-exponentialdecaygraph.pdf
ERROR   : LaTeX compilation of ch1-exponentialdecaygraph.tex failed.
Re-run, requesting "source" as the format, to analyze the image.
Likely creating the entire document as PDF will fail similarly.
The transcript of the LaTeX run follows.
WARNING : LaTeX compilation of ch1-exponentialdecaygraph.tex failed
INFO    : converting ch3-circuit38figansnothelpful1.tex to ch3-circuit38figansnothelpful1.pdf
ERROR   : LaTeX compilation of ch3-circuit38figansnothelpful1.tex failed.
Re-run, requesting "source" as the format, to analyze the image.
Likely creating the entire document as PDF will fail similarly.
The transcript of the LaTeX run follows.
WARNING : LaTeX compilation of ch3-circuit38figansnothelpful1.tex failed
INFO    : converting ch6-generalexample1fig3.tex to ch6-generalexample1fig3.pdf
ERROR   : LaTeX compilation of ch6-generalexample1fig3.tex failed.
Re-run, requesting "source" as the format, to analyze the image.
Likely creating the entire document as PDF will fail similarly.
The transcript of the LaTeX run follows.
WARNING : LaTeX compilation of ch6-generalexample1fig3.tex failed
INFO    : converting ch9-active-firstorder-lpf-diagram2.tex to ch9-active-firstorder-lpf-diagram2.pdf
ERROR   : LaTeX compilation of ch9-active-firstorder-lpf-diagram2.tex failed.
Re-run, requesting "source" as the format, to analyze the image.
Likely creating the entire document as PDF will fail similarly.
The transcript of the LaTeX run follows.
WARNING : LaTeX compilation of ch9-active-firstorder-lpf-diagram2.tex failed
INFO    : converting ch5-equivalentcapexample1solution2.tex to ch5-equivalentcapexample1solution2.pdf
ERROR   : LaTeX compilation of ch5-equivalentcapexample1solution2.tex failed.
Re-run, requesting "source" as the format, to analyze the image.
Likely creating the entire document as PDF will fail similarly.
The transcript of the LaTeX run follows.
WARNING : LaTeX compilation of ch5-equivalentcapexample1solution2.tex failed
INFO    : converting ch9-complex-norton-exercise5-answer.tex to ch9-complex-norton-exercise5-answer.pdf
ERROR   : LaTeX compilation of ch9-complex-norton-exercise5-answer.tex failed.
Re-run, requesting "source" as the format, to analyze the image.
Likely creating the entire document as PDF will fail similarly.
The transcript of the LaTeX run follows.
WARNING : LaTeX compilation of ch9-complex-norton-exercise5-answer.tex failed
INFO    : converting ch5generalrcexample1solution3.tex to ch5generalrcexample1solution3.pdf
ERROR   : LaTeX compilation of ch5generalrcexample1solution3.tex failed.
Re-run, requesting "source" as the format, to analyze the image.
Likely creating the entire document as PDF will fail similarly.
The transcript of the LaTeX run follows.
WARNING : LaTeX compilation of ch5generalrcexample1solution3.tex failed
INFO    : converting ch5-actualchargingrcexample4solution4.tex to ch5-actualchargingrcexample4solution4.pdf
ERROR   : LaTeX compilation of ch5-actualchargingrcexample4solution4.tex failed.
Re-run, requesting "source" as the format, to analyze the image.
Likely creating the entire document as PDF will fail similarly.
The transcript of the LaTeX run follows.
WARNING : LaTeX compilation of ch5-actualchargingrcexample4solution4.tex failed
INFO    : converting ch6-equivalentinductance-example4-solution1.tex to ch6-equivalentinductance-example4-solution1.pdf
ERROR   : LaTeX compilation of ch6-equivalentinductance-example4-solution1.tex failed.
Re-run, requesting "source" as the format, to analyze the image.
Likely creating the entire document as PDF will fail similarly.
The transcript of the LaTeX run follows.
WARNING : LaTeX compilation of ch6-equivalentinductance-example4-solution1.tex failed
INFO    : converting ch7-homogeneous-seriesrlc-diagram-t0plus.tex to ch7-homogeneous-seriesrlc-diagram-t0plus.pdf
ERROR   : LaTeX compilation of ch7-homogeneous-seriesrlc-diagram-t0plus.tex failed.
Re-run, requesting "source" as the format, to analyze the image.
Likely creating the entire document as PDF will fail similarly.
The transcript of the LaTeX run follows.
WARNING : LaTeX compilation of ch7-homogeneous-seriesrlc-diagram-t0plus.tex failed
INFO    : converting ch9-equivalent-AC-circuits.tex to ch9-equivalent-AC-circuits.pdf
ERROR   : LaTeX compilation of ch9-equivalent-AC-circuits.tex failed.
Re-run, requesting "source" as the format, to analyze the image.
Likely creating the entire document as PDF will fail similarly.
The transcript of the LaTeX run follows.
WARNING : LaTeX compilation of ch9-equivalent-AC-circuits.tex failed
INFO    : converting ch9-complex-source-transformation-exercise1-figure4.tex to ch9-complex-source-transformation-exercise1-figure4.pdf
ERROR   : LaTeX compilation of ch9-complex-source-transformation-exercise1-figure4.tex failed.
Re-run, requesting "source" as the format, to analyze the image.
Likely creating the entire document as PDF will fail similarly.
The transcript of the LaTeX run follows.
WARNING : LaTeX compilation of ch9-complex-source-transformation-exercise1-figure4.tex failed
INFO    : converting ch2-circuit25figans3.tex to ch2-circuit25figans3.pdf
ERROR   : LaTeX compilation of ch2-circuit25figans3.tex failed.
Re-run, requesting "source" as the format, to analyze the image.
Likely creating the entire document as PDF will fail similarly.
The transcript of the LaTeX run follows.
WARNING : LaTeX compilation of ch2-circuit25figans3.tex failed
INFO    : converting ch2-voltagedividerexmeshesfig2.tex to ch2-voltagedividerexmeshesfig2.pdf
ERROR   : LaTeX compilation of ch2-voltagedividerexmeshesfig2.tex failed.
Re-run, requesting "source" as the format, to analyze the image.
Likely creating the entire document as PDF will fail similarly.
The transcript of the LaTeX run follows.
WARNING : LaTeX compilation of ch2-voltagedividerexmeshesfig2.tex failed
INFO    : converting ch9-complex-norton-exercise5-figure1.tex to ch9-complex-norton-exercise5-figure1.pdf
ERROR   : LaTeX compilation of ch9-complex-norton-exercise5-figure1.tex failed.
Re-run, requesting "source" as the format, to analyze the image.
Likely creating the entire document as PDF will fail similarly.
The transcript of the LaTeX run follows.
WARNING : LaTeX compilation of ch9-complex-norton-exercise5-figure1.tex failed
INFO    : converting ch8-equivalent-impedance-exercise5-diagram.tex to ch8-equivalent-impedance-exercise5-diagram.pdf
ERROR   : LaTeX compilation of ch8-equivalent-impedance-exercise5-diagram.tex failed.
Re-run, requesting "source" as the format, to analyze the image.
Likely creating the entire document as PDF will fail similarly.
The transcript of the LaTeX run follows.
WARNING : LaTeX compilation of ch8-equivalent-impedance-exercise5-diagram.tex failed
INFO    : converting ch3-passiveShort.tex to ch3-passiveShort.pdf
ERROR   : LaTeX compilation of ch3-passiveShort.tex failed.
Re-run, requesting "source" as the format, to analyze the image.
Likely creating the entire document as PDF will fail similarly.
The transcript of the LaTeX run follows.
WARNING : LaTeX compilation of ch3-passiveShort.tex failed
INFO    : converting ch3-theveninExampleDependent3.tex to ch3-theveninExampleDependent3.pdf
ERROR   : LaTeX compilation of ch3-theveninExampleDependent3.tex failed.
Re-run, requesting "source" as the format, to analyze the image.
Likely creating the entire document as PDF will fail similarly.
The transcript of the LaTeX run follows.
WARNING : LaTeX compilation of ch3-theveninExampleDependent3.tex failed
INFO    : converting ch5-nonhomogeneousrccircuitfigureswitch.tex to ch5-nonhomogeneousrccircuitfigureswitch.pdf
ERROR   : LaTeX compilation of ch5-nonhomogeneousrccircuitfigureswitch.tex failed.
Re-run, requesting "source" as the format, to analyze the image.
Likely creating the entire document as PDF will fail similarly.
The transcript of the LaTeX run follows.
WARNING : LaTeX compilation of ch5-nonhomogeneousrccircuitfigureswitch.tex failed
INFO    : converting ch4-differentialamplifierfigure.tex to ch4-differentialamplifierfigure.pdf
ERROR   : LaTeX compilation of ch4-differentialamplifierfigure.tex failed.
Re-run, requesting "source" as the format, to analyze the image.
Likely creating the entire document as PDF will fail similarly.
The transcript of the LaTeX run follows.
WARNING : LaTeX compilation of ch4-differentialamplifierfigure.tex failed
INFO    : converting ch6-chargingrl-example5-solution7.tex to ch6-chargingrl-example5-solution7.pdf
ERROR   : LaTeX compilation of ch6-chargingrl-example5-solution7.tex failed.
Re-run, requesting "source" as the format, to analyze the image.
Likely creating the entire document as PDF will fail similarly.
The transcript of the LaTeX run follows.
WARNING : LaTeX compilation of ch6-chargingrl-example5-solution7.tex failed
INFO    : converting ch6-generalexample2fig16.tex to ch6-generalexample2fig16.pdf
ERROR   : LaTeX compilation of ch6-generalexample2fig16.tex failed.
Re-run, requesting "source" as the format, to analyze the image.
Likely creating the entire document as PDF will fail similarly.
The transcript of the LaTeX run follows.
WARNING : LaTeX compilation of ch6-generalexample2fig16.tex failed
INFO    : converting ch9-complex-mesh-analysis-exercise2-figure2.tex to ch9-complex-mesh-analysis-exercise2-figure2.pdf
ERROR   : LaTeX compilation of ch9-complex-mesh-analysis-exercise2-figure2.tex failed.
Re-run, requesting "source" as the format, to analyze the image.
Likely creating the entire document as PDF will fail similarly.
The transcript of the LaTeX run follows.
WARNING : LaTeX compilation of ch9-complex-mesh-analysis-exercise2-figure2.tex failed
INFO    : converting ch6-general-rl-example2-diagram.tex to ch6-general-rl-example2-diagram.pdf
ERROR   : LaTeX compilation of ch6-general-rl-example2-diagram.tex failed.
Re-run, requesting "source" as the format, to analyze the image.
Likely creating the entire document as PDF will fail similarly.
The transcript of the LaTeX run follows.
WARNING : LaTeX compilation of ch6-general-rl-example2-diagram.tex failed
INFO    : converting ch5-generaltransientresistorexample4.tex to ch5-generaltransientresistorexample4.pdf
ERROR   : LaTeX compilation of ch5-generaltransientresistorexample4.tex failed.
Re-run, requesting "source" as the format, to analyze the image.
Likely creating the entire document as PDF will fail similarly.
The transcript of the LaTeX run follows.
WARNING : LaTeX compilation of ch5-generaltransientresistorexample4.tex failed
INFO    : converting ch6-homogeneousrl-example5-solution6.tex to ch6-homogeneousrl-example5-solution6.pdf
ERROR   : LaTeX compilation of ch6-homogeneousrl-example5-solution6.tex failed.
Re-run, requesting "source" as the format, to analyze the image.
Likely creating the entire document as PDF will fail similarly.
The transcript of the LaTeX run follows.
WARNING : LaTeX compilation of ch6-homogeneousrl-example5-solution6.tex failed
INFO    : converting ch6-chargingrl-example2-solution3.tex to ch6-chargingrl-example2-solution3.pdf
ERROR   : LaTeX compilation of ch6-chargingrl-example2-solution3.tex failed.
Re-run, requesting "source" as the format, to analyze the image.
Likely creating the entire document as PDF will fail similarly.
The transcript of the LaTeX run follows.
WARNING : LaTeX compilation of ch6-chargingrl-example2-solution3.tex failed
INFO    : converting ch2-potasvr.tex to ch2-potasvr.pdf
ERROR   : LaTeX compilation of ch2-potasvr.tex failed.
Re-run, requesting "source" as the format, to analyze the image.
Likely creating the entire document as PDF will fail similarly.
The transcript of the LaTeX run follows.
WARNING : LaTeX compilation of ch2-potasvr.tex failed
INFO    : converting ch7-challenge-second-example3-diagram.tex to ch7-challenge-second-example3-diagram.pdf
ERROR   : LaTeX compilation of ch7-challenge-second-example3-diagram.tex failed.
Re-run, requesting "source" as the format, to analyze the image.
Likely creating the entire document as PDF will fail similarly.
The transcript of the LaTeX run follows.
WARNING : LaTeX compilation of ch7-challenge-second-example3-diagram.tex failed
INFO    : converting ch9-complex-source-transformation-exercise4-figure1.tex to ch9-complex-source-transformation-exercise4-figure1.pdf
ERROR   : LaTeX compilation of ch9-complex-source-transformation-exercise4-figure1.tex failed.
Re-run, requesting "source" as the format, to analyze the image.
Likely creating the entire document as PDF will fail similarly.
The transcript of the LaTeX run follows.
WARNING : LaTeX compilation of ch9-complex-source-transformation-exercise4-figure1.tex failed
INFO    : converting ch10-complex-power-exercise4-diagram.tex to ch10-complex-power-exercise4-diagram.pdf
ERROR   : LaTeX compilation of ch10-complex-power-exercise4-diagram.tex failed.
Re-run, requesting "source" as the format, to analyze the image.
Likely creating the entire document as PDF will fail similarly.
The transcript of the LaTeX run follows.
WARNING : LaTeX compilation of ch10-complex-power-exercise4-diagram.tex failed
INFO    : converting ch11-sdomain-example3-figure1.tex to ch11-sdomain-example3-figure1.pdf
ERROR   : LaTeX compilation of ch11-sdomain-example3-figure1.tex failed.
Re-run, requesting "source" as the format, to analyze the image.
Likely creating the entire document as PDF will fail similarly.
The transcript of the LaTeX run follows.
WARNING : LaTeX compilation of ch11-sdomain-example3-figure1.tex failed
INFO    : converting ch2-circuit221fig.tex to ch2-circuit221fig.pdf
ERROR   : LaTeX compilation of ch2-circuit221fig.tex failed.
Re-run, requesting "source" as the format, to analyze the image.
Likely creating the entire document as PDF will fail similarly.
The transcript of the LaTeX run follows.
WARNING : LaTeX compilation of ch2-circuit221fig.tex failed
INFO    : converting ch6-dischargingrlexamplefig2.tex to ch6-dischargingrlexamplefig2.pdf
ERROR   : LaTeX compilation of ch6-dischargingrlexamplefig2.tex failed.
Re-run, requesting "source" as the format, to analyze the image.
Likely creating the entire document as PDF will fail similarly.
The transcript of the LaTeX run follows.
WARNING : LaTeX compilation of ch6-dischargingrlexamplefig2.tex failed
INFO    : converting ch6-equivalentinductance-example1-diagram.tex to ch6-equivalentinductance-example1-diagram.pdf
ERROR   : LaTeX compilation of ch6-equivalentinductance-example1-diagram.tex failed.
Re-run, requesting "source" as the format, to analyze the image.
Likely creating the entire document as PDF will fail similarly.
The transcript of the LaTeX run follows.
WARNING : LaTeX compilation of ch6-equivalentinductance-example1-diagram.tex failed
INFO    : converting ch6-homogeneous-example2-solution1.tex to ch6-homogeneous-example2-solution1.pdf
ERROR   : LaTeX compilation of ch6-homogeneous-example2-solution1.tex failed.
Re-run, requesting "source" as the format, to analyze the image.
Likely creating the entire document as PDF will fail similarly.
The transcript of the LaTeX run follows.
WARNING : LaTeX compilation of ch6-homogeneous-example2-solution1.tex failed
INFO    : converting ch10-power-factor-correction-exercise4-diagram.tex to ch10-power-factor-correction-exercise4-diagram.pdf
ERROR   : LaTeX compilation of ch10-power-factor-correction-exercise4-diagram.tex failed.
Re-run, requesting "source" as the format, to analyze the image.
Likely creating the entire document as PDF will fail similarly.
The transcript of the LaTeX run follows.
WARNING : LaTeX compilation of ch10-power-factor-correction-exercise4-diagram.tex failed
INFO    : converting ch7-homogeneous-seriesrlc-example-fig2.tex to ch7-homogeneous-seriesrlc-example-fig2.pdf
ERROR   : LaTeX compilation of ch7-homogeneous-seriesrlc-example-fig2.tex failed.
Re-run, requesting "source" as the format, to analyze the image.
Likely creating the entire document as PDF will fail similarly.
The transcript of the LaTeX run follows.
WARNING : LaTeX compilation of ch7-homogeneous-seriesrlc-example-fig2.tex failed
INFO    : converting ch3-nortonExampleFigure1.tex to ch3-nortonExampleFigure1.pdf
ERROR   : LaTeX compilation of ch3-nortonExampleFigure1.tex failed.
Re-run, requesting "source" as the format, to analyze the image.
Likely creating the entire document as PDF will fail similarly.
The transcript of the LaTeX run follows.
WARNING : LaTeX compilation of ch3-nortonExampleFigure1.tex failed
INFO    : converting ch1-exampletwoseriescurrentsafter.tex to ch1-exampletwoseriescurrentsafter.pdf
ERROR   : LaTeX compilation of ch1-exampletwoseriescurrentsafter.tex failed.
Re-run, requesting "source" as the format, to analyze the image.
Likely creating the entire document as PDF will fail similarly.
The transcript of the LaTeX run follows.
WARNING : LaTeX compilation of ch1-exampletwoseriescurrentsafter.tex failed
INFO    : converting ch2-circuit23figansdelta2.tex to ch2-circuit23figansdelta2.pdf
ERROR   : LaTeX compilation of ch2-circuit23figansdelta2.tex failed.
Re-run, requesting "source" as the format, to analyze the image.
Likely creating the entire document as PDF will fail similarly.
The transcript of the LaTeX run follows.
WARNING : LaTeX compilation of ch2-circuit23figansdelta2.tex failed
INFO    : converting ch6-inductorsymbol.tex to ch6-inductorsymbol.pdf
ERROR   : LaTeX compilation of ch6-inductorsymbol.tex failed.
Re-run, requesting "source" as the format, to analyze the image.
Likely creating the entire document as PDF will fail similarly.
The transcript of the LaTeX run follows.
WARNING : LaTeX compilation of ch6-inductorsymbol.tex failed
INFO    : converting ch10-power-factor-correction-exercise1-figure1.tex to ch10-power-factor-correction-exercise1-figure1.pdf
ERROR   : LaTeX compilation of ch10-power-factor-correction-exercise1-figure1.tex failed.
Re-run, requesting "source" as the format, to analyze the image.
Likely creating the entire document as PDF will fail similarly.
The transcript of the LaTeX run follows.
WARNING : LaTeX compilation of ch10-power-factor-correction-exercise1-figure1.tex failed
INFO    : converting ch6-chargingfromzeroexample2fig1.tex to ch6-chargingfromzeroexample2fig1.pdf
ERROR   : LaTeX compilation of ch6-chargingfromzeroexample2fig1.tex failed.
Re-run, requesting "source" as the format, to analyze the image.
Likely creating the entire document as PDF will fail similarly.
The transcript of the LaTeX run follows.
WARNING : LaTeX compilation of ch6-chargingfromzeroexample2fig1.tex failed
INFO    : converting ch2-eqresistancecktab.tex to ch2-eqresistancecktab.pdf
ERROR   : LaTeX compilation of ch2-eqresistancecktab.tex failed.
Re-run, requesting "source" as the format, to analyze the image.
Likely creating the entire document as PDF will fail similarly.
The transcript of the LaTeX run follows.
WARNING : LaTeX compilation of ch2-eqresistancecktab.tex failed
INFO    : converting ch7-homogeneous-seriesrlc-example-fig3.tex to ch7-homogeneous-seriesrlc-example-fig3.pdf
ERROR   : LaTeX compilation of ch7-homogeneous-seriesrlc-example-fig3.tex failed.
Re-run, requesting "source" as the format, to analyze the image.
Likely creating the entire document as PDF will fail similarly.
The transcript of the LaTeX run follows.
WARNING : LaTeX compilation of ch7-homogeneous-seriesrlc-example-fig3.tex failed
INFO    : converting ch7-homogeneous-example5-figure1.tex to ch7-homogeneous-example5-figure1.pdf
ERROR   : LaTeX compilation of ch7-homogeneous-example5-figure1.tex failed.
Re-run, requesting "source" as the format, to analyze the image.
Likely creating the entire document as PDF will fail similarly.
The transcript of the LaTeX run follows.
WARNING : LaTeX compilation of ch7-homogeneous-example5-figure1.tex failed
INFO    : converting ch6-dischargingrlexamplefig3.tex to ch6-dischargingrlexamplefig3.pdf
ERROR   : LaTeX compilation of ch6-dischargingrlexamplefig3.tex failed.
Re-run, requesting "source" as the format, to analyze the image.
Likely creating the entire document as PDF will fail similarly.
The transcript of the LaTeX run follows.
WARNING : LaTeX compilation of ch6-dischargingrlexamplefig3.tex failed
INFO    : converting ch11-fig-s-domain-inductor.tex to ch11-fig-s-domain-inductor.pdf
ERROR   : LaTeX compilation of ch11-fig-s-domain-inductor.tex failed.
Re-run, requesting "source" as the format, to analyze the image.
Likely creating the entire document as PDF will fail similarly.
The transcript of the LaTeX run follows.
WARNING : LaTeX compilation of ch11-fig-s-domain-inductor.tex failed
INFO    : converting ch4-tnetworkcircuit.tex to ch4-tnetworkcircuit.pdf
ERROR   : LaTeX compilation of ch4-tnetworkcircuit.tex failed.
Re-run, requesting "source" as the format, to analyze the image.
Likely creating the entire document as PDF will fail similarly.
The transcript of the LaTeX run follows.
WARNING : LaTeX compilation of ch4-tnetworkcircuit.tex failed
INFO    : converting ch2-circuit217fig.tex to ch2-circuit217fig.pdf
ERROR   : LaTeX compilation of ch2-circuit217fig.tex failed.
Re-run, requesting "source" as the format, to analyze the image.
Likely creating the entire document as PDF will fail similarly.
The transcript of the LaTeX run follows.
WARNING : LaTeX compilation of ch2-circuit217fig.tex failed
INFO    : converting ch1-voltage-current-plus-signs.tex to ch1-voltage-current-plus-signs.pdf
ERROR   : LaTeX compilation of ch1-voltage-current-plus-signs.tex failed.
Re-run, requesting "source" as the format, to analyze the image.
Likely creating the entire document as PDF will fail similarly.
The transcript of the LaTeX run follows.
WARNING : LaTeX compilation of ch1-voltage-current-plus-signs.tex failed
INFO    : converting ch6-homogeneousrlcircuit-example2-diagram.tex to ch6-homogeneousrlcircuit-example2-diagram.pdf
ERROR   : LaTeX compilation of ch6-homogeneousrlcircuit-example2-diagram.tex failed.
Re-run, requesting "source" as the format, to analyze the image.
Likely creating the entire document as PDF will fail similarly.
The transcript of the LaTeX run follows.
WARNING : LaTeX compilation of ch6-homogeneousrlcircuit-example2-diagram.tex failed
INFO    : converting ch1-gravitationalpotential.tex to ch1-gravitationalpotential.pdf
ERROR   : LaTeX compilation of ch1-gravitationalpotential.tex failed.
Re-run, requesting "source" as the format, to analyze the image.
Likely creating the entire document as PDF will fail similarly.
The transcript of the LaTeX run follows.
WARNING : LaTeX compilation of ch1-gravitationalpotential.tex failed
INFO    : converting ch7-const-non-homogeneous-example1-figure1.tex to ch7-const-non-homogeneous-example1-figure1.pdf
ERROR   : LaTeX compilation of ch7-const-non-homogeneous-example1-figure1.tex failed.
Re-run, requesting "source" as the format, to analyze the image.
Likely creating the entire document as PDF will fail similarly.
The transcript of the LaTeX run follows.
WARNING : LaTeX compilation of ch7-const-non-homogeneous-example1-figure1.tex failed
INFO    : converting ch10-complex-power-exercise1-figure1.tex to ch10-complex-power-exercise1-figure1.pdf
ERROR   : LaTeX compilation of ch10-complex-power-exercise1-figure1.tex failed.
Re-run, requesting "source" as the format, to analyze the image.
Likely creating the entire document as PDF will fail similarly.
The transcript of the LaTeX run follows.
WARNING : LaTeX compilation of ch10-complex-power-exercise1-figure1.tex failed
INFO    : converting ch2-figresistorseries.tex to ch2-figresistorseries.pdf
ERROR   : LaTeX compilation of ch2-figresistorseries.tex failed.
Re-run, requesting "source" as the format, to analyze the image.
Likely creating the entire document as PDF will fail similarly.
The transcript of the LaTeX run follows.
WARNING : LaTeX compilation of ch2-figresistorseries.tex failed
INFO    : converting ch9-bpf-analysis-example.tex to ch9-bpf-analysis-example.pdf
ERROR   : LaTeX compilation of ch9-bpf-analysis-example.tex failed.
Re-run, requesting "source" as the format, to analyze the image.
Likely creating the entire document as PDF will fail similarly.
The transcript of the LaTeX run follows.
WARNING : LaTeX compilation of ch9-bpf-analysis-example.tex failed
INFO    : converting ch6-chargingrl-example2-solution2.tex to ch6-chargingrl-example2-solution2.pdf
ERROR   : LaTeX compilation of ch6-chargingrl-example2-solution2.tex failed.
Re-run, requesting "source" as the format, to analyze the image.
Likely creating the entire document as PDF will fail similarly.
The transcript of the LaTeX run follows.
WARNING : LaTeX compilation of ch6-chargingrl-example2-solution2.tex failed
INFO    : converting ch5-generaltransientresistorexample5.tex to ch5-generaltransientresistorexample5.pdf
ERROR   : LaTeX compilation of ch5-generaltransientresistorexample5.tex failed.
Re-run, requesting "source" as the format, to analyze the image.
Likely creating the entire document as PDF will fail similarly.
The transcript of the LaTeX run follows.
WARNING : LaTeX compilation of ch5-generaltransientresistorexample5.tex failed
INFO    : converting ch6-homogeneousrl-example5-solution7.tex to ch6-homogeneousrl-example5-solution7.pdf
ERROR   : LaTeX compilation of ch6-homogeneousrl-example5-solution7.tex failed.
Re-run, requesting "source" as the format, to analyze the image.
Likely creating the entire document as PDF will fail similarly.
The transcript of the LaTeX run follows.
WARNING : LaTeX compilation of ch6-homogeneousrl-example5-solution7.tex failed
INFO    : converting ch6-generalexample2fig17.tex to ch6-generalexample2fig17.pdf
ERROR   : LaTeX compilation of ch6-generalexample2fig17.tex failed.
Re-run, requesting "source" as the format, to analyze the image.
Likely creating the entire document as PDF will fail similarly.
The transcript of the LaTeX run follows.
WARNING : LaTeX compilation of ch6-generalexample2fig17.tex failed
INFO    : converting ch6-chargingrl-example5-solution6.tex to ch6-chargingrl-example5-solution6.pdf
ERROR   : LaTeX compilation of ch6-chargingrl-example5-solution6.tex failed.
Re-run, requesting "source" as the format, to analyze the image.
Likely creating the entire document as PDF will fail similarly.
The transcript of the LaTeX run follows.
WARNING : LaTeX compilation of ch6-chargingrl-example5-solution6.tex failed
INFO    : converting ch11-sdomain-analysis-exercise3-diagram.tex to ch11-sdomain-analysis-exercise3-diagram.pdf
ERROR   : LaTeX compilation of ch11-sdomain-analysis-exercise3-diagram.tex failed.
Re-run, requesting "source" as the format, to analyze the image.
Likely creating the entire document as PDF will fail similarly.
The transcript of the LaTeX run follows.
WARNING : LaTeX compilation of ch11-sdomain-analysis-exercise3-diagram.tex failed
INFO    : converting ch3-theveninExampleDependent2.tex to ch3-theveninExampleDependent2.pdf
ERROR   : LaTeX compilation of ch3-theveninExampleDependent2.tex failed.
Re-run, requesting "source" as the format, to analyze the image.
Likely creating the entire document as PDF will fail similarly.
The transcript of the LaTeX run follows.
WARNING : LaTeX compilation of ch3-theveninExampleDependent2.tex failed
INFO    : converting ch7-parallelrlc-diagram.tex to ch7-parallelrlc-diagram.pdf
ERROR   : LaTeX compilation of ch7-parallelrlc-diagram.tex failed.
Re-run, requesting "source" as the format, to analyze the image.
Likely creating the entire document as PDF will fail similarly.
The transcript of the LaTeX run follows.
WARNING : LaTeX compilation of ch7-parallelrlc-diagram.tex failed
INFO    : converting ch9-hpf-analysis-example.tex to ch9-hpf-analysis-example.pdf
ERROR   : LaTeX compilation of ch9-hpf-analysis-example.tex failed.
Re-run, requesting "source" as the format, to analyze the image.
Likely creating the entire document as PDF will fail similarly.
The transcript of the LaTeX run follows.
WARNING : LaTeX compilation of ch9-hpf-analysis-example.tex failed
INFO    : converting ch2-circuit25figans2.tex to ch2-circuit25figans2.pdf
ERROR   : LaTeX compilation of ch2-circuit25figans2.tex failed.
Re-run, requesting "source" as the format, to analyze the image.
Likely creating the entire document as PDF will fail similarly.
The transcript of the LaTeX run follows.
WARNING : LaTeX compilation of ch2-circuit25figans2.tex failed
INFO    : converting ch3-circuit36figans2.tex to ch3-circuit36figans2.pdf
ERROR   : LaTeX compilation of ch3-circuit36figans2.tex failed.
Re-run, requesting "source" as the format, to analyze the image.
Likely creating the entire document as PDF will fail similarly.
The transcript of the LaTeX run follows.
WARNING : LaTeX compilation of ch3-circuit36figans2.tex failed
INFO    : converting ch9-transfer-function-example3-figure1.tex to ch9-transfer-function-example3-figure1.pdf
ERROR   : LaTeX compilation of ch9-transfer-function-example3-figure1.tex failed.
Re-run, requesting "source" as the format, to analyze the image.
Likely creating the entire document as PDF will fail similarly.
The transcript of the LaTeX run follows.
WARNING : LaTeX compilation of ch9-transfer-function-example3-figure1.tex failed
INFO    : converting ch9-bsf-magnitude-response.tex to ch9-bsf-magnitude-response.pdf
ERROR   : LaTeX compilation of ch9-bsf-magnitude-response.tex failed.
Re-run, requesting "source" as the format, to analyze the image.
Likely creating the entire document as PDF will fail similarly.
The transcript of the LaTeX run follows.
WARNING : LaTeX compilation of ch9-bsf-magnitude-response.tex failed
INFO    : converting ch5generalrcexample1solution2.tex to ch5generalrcexample1solution2.pdf
ERROR   : LaTeX compilation of ch5generalrcexample1solution2.tex failed.
Re-run, requesting "source" as the format, to analyze the image.
Likely creating the entire document as PDF will fail similarly.
The transcript of the LaTeX run follows.
WARNING : LaTeX compilation of ch5generalrcexample1solution2.tex failed
INFO    : converting ch5-equivalentcapexample1solution3.tex to ch5-equivalentcapexample1solution3.pdf
ERROR   : LaTeX compilation of ch5-equivalentcapexample1solution3.tex failed.
Re-run, requesting "source" as the format, to analyze the image.
Likely creating the entire document as PDF will fail similarly.
The transcript of the LaTeX run follows.
WARNING : LaTeX compilation of ch5-equivalentcapexample1solution3.tex failed
INFO    : converting ch9-active-firstorder-lpf-diagram3.tex to ch9-active-firstorder-lpf-diagram3.pdf
ERROR   : LaTeX compilation of ch9-active-firstorder-lpf-diagram3.tex failed.
Re-run, requesting "source" as the format, to analyze the image.
Likely creating the entire document as PDF will fail similarly.
The transcript of the LaTeX run follows.
WARNING : LaTeX compilation of ch9-active-firstorder-lpf-diagram3.tex failed
INFO    : converting ch5-dischargercexample8.tex to ch5-dischargercexample8.pdf
ERROR   : LaTeX compilation of ch5-dischargercexample8.tex failed.
Re-run, requesting "source" as the format, to analyze the image.
Likely creating the entire document as PDF will fail similarly.
The transcript of the LaTeX run follows.
WARNING : LaTeX compilation of ch5-dischargercexample8.tex failed
INFO    : converting ch6-generalexample1fig2.tex to ch6-generalexample1fig2.pdf
ERROR   : LaTeX compilation of ch6-generalexample1fig2.tex failed.
Re-run, requesting "source" as the format, to analyze the image.
Likely creating the entire document as PDF will fail similarly.
The transcript of the LaTeX run follows.
WARNING : LaTeX compilation of ch6-generalexample1fig2.tex failed
INFO    : converting ch3-circuit313figans1.tex to ch3-circuit313figans1.pdf
ERROR   : LaTeX compilation of ch3-circuit313figans1.tex failed.
Re-run, requesting "source" as the format, to analyze the image.
Likely creating the entire document as PDF will fail similarly.
The transcript of the LaTeX run follows.
WARNING : LaTeX compilation of ch3-circuit313figans1.tex failed
INFO    : converting ch4-differenceampcircuitdiagram.tex to ch4-differenceampcircuitdiagram.pdf
ERROR   : LaTeX compilation of ch4-differenceampcircuitdiagram.tex failed.
Re-run, requesting "source" as the format, to analyze the image.
Likely creating the entire document as PDF will fail similarly.
The transcript of the LaTeX run follows.
WARNING : LaTeX compilation of ch4-differenceampcircuitdiagram.tex failed
INFO    : converting ch9-complex-superposition-exercise3-figure1.tex to ch9-complex-superposition-exercise3-figure1.pdf
ERROR   : LaTeX compilation of ch9-complex-superposition-exercise3-figure1.tex failed.
Re-run, requesting "source" as the format, to analyze the image.
Likely creating the entire document as PDF will fail similarly.
The transcript of the LaTeX run follows.
WARNING : LaTeX compilation of ch9-complex-superposition-exercise3-figure1.tex failed
INFO    : converting ch3-circuit32fig.tex to ch3-circuit32fig.pdf
ERROR   : LaTeX compilation of ch3-circuit32fig.tex failed.
Re-run, requesting "source" as the format, to analyze the image.
Likely creating the entire document as PDF will fail similarly.
The transcript of the LaTeX run follows.
WARNING : LaTeX compilation of ch3-circuit32fig.tex failed
INFO    : converting ch6-generalexample1fig6.tex to ch6-generalexample1fig6.pdf
ERROR   : LaTeX compilation of ch6-generalexample1fig6.tex failed.
Re-run, requesting "source" as the format, to analyze the image.
Likely creating the entire document as PDF will fail similarly.
The transcript of the LaTeX run follows.
WARNING : LaTeX compilation of ch6-generalexample1fig6.tex failed
INFO    : converting ch2-circuit223fig.tex to ch2-circuit223fig.pdf
ERROR   : LaTeX compilation of ch2-circuit223fig.tex failed.
Re-run, requesting "source" as the format, to analyze the image.
Likely creating the entire document as PDF will fail similarly.
The transcript of the LaTeX run follows.
WARNING : LaTeX compilation of ch2-circuit223fig.tex failed
INFO    : converting ch10-power-factor-correction-exercise1-diagram.tex to ch10-power-factor-correction-exercise1-diagram.pdf
ERROR   : LaTeX compilation of ch10-power-factor-correction-exercise1-diagram.tex failed.
Re-run, requesting "source" as the format, to analyze the image.
Likely creating the entire document as PDF will fail similarly.
The transcript of the LaTeX run follows.
WARNING : LaTeX compilation of ch10-power-factor-correction-exercise1-diagram.tex failed
INFO    : converting ch5-equivalentcapexample1solution7.tex to ch5-equivalentcapexample1solution7.pdf
ERROR   : LaTeX compilation of ch5-equivalentcapexample1solution7.tex failed.
Re-run, requesting "source" as the format, to analyze the image.
Likely creating the entire document as PDF will fail similarly.
The transcript of the LaTeX run follows.
WARNING : LaTeX compilation of ch5-equivalentcapexample1solution7.tex failed
INFO    : converting ch5-actualchargingrcexample4solution1.tex to ch5-actualchargingrcexample4solution1.pdf
ERROR   : LaTeX compilation of ch5-actualchargingrcexample4solution1.tex failed.
Re-run, requesting "source" as the format, to analyze the image.
Likely creating the entire document as PDF will fail similarly.
The transcript of the LaTeX run follows.
WARNING : LaTeX compilation of ch5-actualchargingrcexample4solution1.tex failed
INFO    : converting ch1-measuringvoltagefig.tex to ch1-measuringvoltagefig.pdf
ERROR   : LaTeX compilation of ch1-measuringvoltagefig.tex failed.
Re-run, requesting "source" as the format, to analyze the image.
Likely creating the entire document as PDF will fail similarly.
The transcript of the LaTeX run follows.
WARNING : LaTeX compilation of ch1-measuringvoltagefig.tex failed
INFO    : converting ch6-equivalentinductance-example4-solution4.tex to ch6-equivalentinductance-example4-solution4.pdf
ERROR   : LaTeX compilation of ch6-equivalentinductance-example4-solution4.tex failed.
Re-run, requesting "source" as the format, to analyze the image.
Likely creating the entire document as PDF will fail similarly.
The transcript of the LaTeX run follows.
WARNING : LaTeX compilation of ch6-equivalentinductance-example4-solution4.tex failed
INFO    : converting ch8-equivimpedance-ex5-figure3.tex to ch8-equivimpedance-ex5-figure3.pdf
ERROR   : LaTeX compilation of ch8-equivimpedance-ex5-figure3.tex failed.
Re-run, requesting "source" as the format, to analyze the image.
Likely creating the entire document as PDF will fail similarly.
The transcript of the LaTeX run follows.
WARNING : LaTeX compilation of ch8-equivimpedance-ex5-figure3.tex failed
INFO    : converting ch5generalrcexample1solution6.tex to ch5generalrcexample1solution6.pdf
ERROR   : LaTeX compilation of ch5generalrcexample1solution6.tex failed.
Re-run, requesting "source" as the format, to analyze the image.
Likely creating the entire document as PDF will fail similarly.
The transcript of the LaTeX run follows.
WARNING : LaTeX compilation of ch5generalrcexample1solution6.tex failed
INFO    : converting ch6-equivalentinductance-example4-diagram.tex to ch6-equivalentinductance-example4-diagram.pdf
ERROR   : LaTeX compilation of ch6-equivalentinductance-example4-diagram.tex failed.
Re-run, requesting "source" as the format, to analyze the image.
Likely creating the entire document as PDF will fail similarly.
The transcript of the LaTeX run follows.
WARNING : LaTeX compilation of ch6-equivalentinductance-example4-diagram.tex failed
INFO    : converting ch7-homogeneous-general-symbolic-example-fig2.tex to ch7-homogeneous-general-symbolic-example-fig2.pdf
ERROR   : LaTeX compilation of ch7-homogeneous-general-symbolic-example-fig2.tex failed.
Re-run, requesting "source" as the format, to analyze the image.
Likely creating the entire document as PDF will fail similarly.
The transcript of the LaTeX run follows.
WARNING : LaTeX compilation of ch7-homogeneous-general-symbolic-example-fig2.tex failed
INFO    : converting ch2-short-circuit-voltage-zero.tex to ch2-short-circuit-voltage-zero.pdf
ERROR   : LaTeX compilation of ch2-short-circuit-voltage-zero.tex failed.
Re-run, requesting "source" as the format, to analyze the image.
Likely creating the entire document as PDF will fail similarly.
The transcript of the LaTeX run follows.
WARNING : LaTeX compilation of ch2-short-circuit-voltage-zero.tex failed
INFO    : converting ch3-maxPowerFigure2.tex to ch3-maxPowerFigure2.pdf
ERROR   : LaTeX compilation of ch3-maxPowerFigure2.tex failed.
Re-run, requesting "source" as the format, to analyze the image.
Likely creating the entire document as PDF will fail similarly.
The transcript of the LaTeX run follows.
WARNING : LaTeX compilation of ch3-maxPowerFigure2.tex failed
INFO    : converting ch9-filters-exercise5-figure2.tex to ch9-filters-exercise5-figure2.pdf
ERROR   : LaTeX compilation of ch9-filters-exercise5-figure2.tex failed.
Re-run, requesting "source" as the format, to analyze the image.
Likely creating the entire document as PDF will fail similarly.
The transcript of the LaTeX run follows.
WARNING : LaTeX compilation of ch9-filters-exercise5-figure2.tex failed
INFO    : converting ch6-rldischarging.tex to ch6-rldischarging.pdf
ERROR   : LaTeX compilation of ch6-rldischarging.tex failed.
Re-run, requesting "source" as the format, to analyze the image.
Likely creating the entire document as PDF will fail similarly.
The transcript of the LaTeX run follows.
WARNING : LaTeX compilation of ch6-rldischarging.tex failed
INFO    : converting ch9-cplx-kclkvl-example-figure3.tex to ch9-cplx-kclkvl-example-figure3.pdf
ERROR   : LaTeX compilation of ch9-cplx-kclkvl-example-figure3.tex failed.
Re-run, requesting "source" as the format, to analyze the image.
Likely creating the entire document as PDF will fail similarly.
The transcript of the LaTeX run follows.
WARNING : LaTeX compilation of ch9-cplx-kclkvl-example-figure3.tex failed
INFO    : converting ch9-complex-source-transformation-exercise1-figure1.tex to ch9-complex-source-transformation-exercise1-figure1.pdf
ERROR   : LaTeX compilation of ch9-complex-source-transformation-exercise1-figure1.tex failed.
Re-run, requesting "source" as the format, to analyze the image.
Likely creating the entire document as PDF will fail similarly.
The transcript of the LaTeX run follows.
WARNING : LaTeX compilation of ch9-complex-source-transformation-exercise1-figure1.tex failed
INFO    : converting ch5-homogeneousrcexample1solution2.tex to ch5-homogeneousrcexample1solution2.pdf
ERROR   : LaTeX compilation of ch5-homogeneousrcexample1solution2.tex failed.
Re-run, requesting "source" as the format, to analyze the image.
Likely creating the entire document as PDF will fail similarly.
The transcript of the LaTeX run follows.
WARNING : LaTeX compilation of ch5-homogeneousrcexample1solution2.tex failed
INFO    : converting ch2-circuit25figans6.tex to ch2-circuit25figans6.pdf
ERROR   : LaTeX compilation of ch2-circuit25figans6.tex failed.
Re-run, requesting "source" as the format, to analyze the image.
Likely creating the entire document as PDF will fail similarly.
The transcript of the LaTeX run follows.
WARNING : LaTeX compilation of ch2-circuit25figans6.tex failed
INFO    : converting ch10-complex-power-exercise1-diagram.tex to ch10-complex-power-exercise1-diagram.pdf
ERROR   : LaTeX compilation of ch10-complex-power-exercise1-diagram.tex failed.
Re-run, requesting "source" as the format, to analyze the image.
Likely creating the entire document as PDF will fail similarly.
The transcript of the LaTeX run follows.
WARNING : LaTeX compilation of ch10-complex-power-exercise1-diagram.tex failed
INFO    : converting ch6-chargingrl-example5-solution2.tex to ch6-chargingrl-example5-solution2.pdf
ERROR   : LaTeX compilation of ch6-chargingrl-example5-solution2.tex failed.
Re-run, requesting "source" as the format, to analyze the image.
Likely creating the entire document as PDF will fail similarly.
The transcript of the LaTeX run follows.
WARNING : LaTeX compilation of ch6-chargingrl-example5-solution2.tex failed
INFO    : converting ch6-generalexample2fig13.tex to ch6-generalexample2fig13.pdf
ERROR   : LaTeX compilation of ch6-generalexample2fig13.tex failed.
Re-run, requesting "source" as the format, to analyze the image.
Likely creating the entire document as PDF will fail similarly.
The transcript of the LaTeX run follows.
WARNING : LaTeX compilation of ch6-generalexample2fig13.tex failed
INFO    : converting ch9-voltage-current-div-exercise5-figure1.tex to ch9-voltage-current-div-exercise5-figure1.pdf
ERROR   : LaTeX compilation of ch9-voltage-current-div-exercise5-figure1.tex failed.
Re-run, requesting "source" as the format, to analyze the image.
Likely creating the entire document as PDF will fail similarly.
The transcript of the LaTeX run follows.
WARNING : LaTeX compilation of ch9-voltage-current-div-exercise5-figure1.tex failed
INFO    : converting ch6-homogeneousrl-example5-solution3.tex to ch6-homogeneousrl-example5-solution3.pdf
ERROR   : LaTeX compilation of ch6-homogeneousrl-example5-solution3.tex failed.
Re-run, requesting "source" as the format, to analyze the image.
Likely creating the entire document as PDF will fail similarly.
The transcript of the LaTeX run follows.
WARNING : LaTeX compilation of ch6-homogeneousrl-example5-solution3.tex failed
INFO    : converting ch5-generaltransientresistorexample1.tex to ch5-generaltransientresistorexample1.pdf
ERROR   : LaTeX compilation of ch5-generaltransientresistorexample1.tex failed.
Re-run, requesting "source" as the format, to analyze the image.
Likely creating the entire document as PDF will fail similarly.
The transcript of the LaTeX run follows.
WARNING : LaTeX compilation of ch5-generaltransientresistorexample1.tex failed
INFO    : converting ch11-sdomain-analysis-exercise3-figure1.tex to ch11-sdomain-analysis-exercise3-figure1.pdf
ERROR   : LaTeX compilation of ch11-sdomain-analysis-exercise3-figure1.tex failed.
Re-run, requesting "source" as the format, to analyze the image.
Likely creating the entire document as PDF will fail similarly.
The transcript of the LaTeX run follows.
WARNING : LaTeX compilation of ch11-sdomain-analysis-exercise3-figure1.tex failed
INFO    : converting ch9-complex-source-transformation-exercise4-figure4.tex to ch9-complex-source-transformation-exercise4-figure4.pdf
ERROR   : LaTeX compilation of ch9-complex-source-transformation-exercise4-figure4.tex failed.
Re-run, requesting "source" as the format, to analyze the image.
Likely creating the entire document as PDF will fail similarly.
The transcript of the LaTeX run follows.
WARNING : LaTeX compilation of ch9-complex-source-transformation-exercise4-figure4.tex failed
INFO    : converting ch7-homogeneous-parallelrlc-example-fig3.tex to ch7-homogeneous-parallelrlc-example-fig3.pdf
ERROR   : LaTeX compilation of ch7-homogeneous-parallelrlc-example-fig3.tex failed.
Re-run, requesting "source" as the format, to analyze the image.
Likely creating the entire document as PDF will fail similarly.
The transcript of the LaTeX run follows.
WARNING : LaTeX compilation of ch7-homogeneous-parallelrlc-example-fig3.tex failed
INFO    : converting ch7-const-non-homogeneous-example1-figure5.tex to ch7-const-non-homogeneous-example1-figure5.pdf
ERROR   : LaTeX compilation of ch7-const-non-homogeneous-example1-figure5.tex failed.
Re-run, requesting "source" as the format, to analyze the image.
Likely creating the entire document as PDF will fail similarly.
The transcript of the LaTeX run follows.
WARNING : LaTeX compilation of ch7-const-non-homogeneous-example1-figure5.tex failed
INFO    : converting ch1-diracdeltafunctionexample.tex to ch1-diracdeltafunctionexample.pdf
ERROR   : LaTeX compilation of ch1-diracdeltafunctionexample.tex failed.
Re-run, requesting "source" as the format, to analyze the image.
Likely creating the entire document as PDF will fail similarly.
The transcript of the LaTeX run follows.
WARNING : LaTeX compilation of ch1-diracdeltafunctionexample.tex failed
INFO    : converting ch5-tantalumcapdiagram.tex to ch5-tantalumcapdiagram.pdf
ERROR   : LaTeX compilation of ch5-tantalumcapdiagram.tex failed.
Re-run, requesting "source" as the format, to analyze the image.
Likely creating the entire document as PDF will fail similarly.
The transcript of the LaTeX run follows.
WARNING : LaTeX compilation of ch5-tantalumcapdiagram.tex failed
INFO    : converting ch6-homogeneous-example2-solution4.tex to ch6-homogeneous-example2-solution4.pdf
ERROR   : LaTeX compilation of ch6-homogeneous-example2-solution4.tex failed.
Re-run, requesting "source" as the format, to analyze the image.
Likely creating the entire document as PDF will fail similarly.
The transcript of the LaTeX run follows.
WARNING : LaTeX compilation of ch6-homogeneous-example2-solution4.tex failed
INFO    : converting ch9-bsf-magnitude-response-highq-and-lowq.tex to ch9-bsf-magnitude-response-highq-and-lowq.pdf
ERROR   : LaTeX compilation of ch9-bsf-magnitude-response-highq-and-lowq.tex failed.
Re-run, requesting "source" as the format, to analyze the image.
Likely creating the entire document as PDF will fail similarly.
The transcript of the LaTeX run follows.
WARNING : LaTeX compilation of ch9-bsf-magnitude-response-highq-and-lowq.tex failed
INFO    : converting ch6-rl-charging-example1-diagram.tex to ch6-rl-charging-example1-diagram.pdf
ERROR   : LaTeX compilation of ch6-rl-charging-example1-diagram.tex failed.
Re-run, requesting "source" as the format, to analyze the image.
Likely creating the entire document as PDF will fail similarly.
The transcript of the LaTeX run follows.
WARNING : LaTeX compilation of ch6-rl-charging-example1-diagram.tex failed
INFO    : converting ch7-non-homogeneous-example2-figure2.tex to ch7-non-homogeneous-example2-figure2.pdf
ERROR   : LaTeX compilation of ch7-non-homogeneous-example2-figure2.tex failed.
Re-run, requesting "source" as the format, to analyze the image.
Likely creating the entire document as PDF will fail similarly.
The transcript of the LaTeX run follows.
WARNING : LaTeX compilation of ch7-non-homogeneous-example2-figure2.tex failed
INFO    : converting sources15exercise-2-1-2.tex to sources15exercise-2-1-2.pdf
ERROR   : LaTeX compilation of sources15exercise-2-1-2.tex failed.
Re-run, requesting "source" as the format, to analyze the image.
Likely creating the entire document as PDF will fail similarly.
The transcript of the LaTeX run follows.
WARNING : LaTeX compilation of sources15exercise-2-1-2.tex failed
INFO    : converting ch9-transfer-functions-exercise5-figure2.tex to ch9-transfer-functions-exercise5-figure2.pdf
ERROR   : LaTeX compilation of ch9-transfer-functions-exercise5-figure2.tex failed.
Re-run, requesting "source" as the format, to analyze the image.
Likely creating the entire document as PDF will fail similarly.
The transcript of the LaTeX run follows.
WARNING : LaTeX compilation of ch9-transfer-functions-exercise5-figure2.tex failed
INFO    : converting ch11-fig-s-domain-closing-switch.tex to ch11-fig-s-domain-closing-switch.pdf
ERROR   : LaTeX compilation of ch11-fig-s-domain-closing-switch.tex failed.
Re-run, requesting "source" as the format, to analyze the image.
Likely creating the entire document as PDF will fail similarly.
The transcript of the LaTeX run follows.
WARNING : LaTeX compilation of ch11-fig-s-domain-closing-switch.tex failed
INFO    : converting ch2-eqresistancecktef5.tex to ch2-eqresistancecktef5.pdf
ERROR   : LaTeX compilation of ch2-eqresistancecktef5.tex failed.
Re-run, requesting "source" as the format, to analyze the image.
Likely creating the entire document as PDF will fail similarly.
The transcript of the LaTeX run follows.
WARNING : LaTeX compilation of ch2-eqresistancecktef5.tex failed
INFO    : converting ch6-chargingfromzeroexample2fig5.tex to ch6-chargingfromzeroexample2fig5.pdf
ERROR   : LaTeX compilation of ch6-chargingfromzeroexample2fig5.tex failed.
Re-run, requesting "source" as the format, to analyze the image.
Likely creating the entire document as PDF will fail similarly.
The transcript of the LaTeX run follows.
WARNING : LaTeX compilation of ch6-chargingfromzeroexample2fig5.tex failed
INFO    : converting ch9-cplx-current-voltage-divider-example2-diagram.tex to ch9-cplx-current-voltage-divider-example2-diagram.pdf
ERROR   : LaTeX compilation of ch9-cplx-current-voltage-divider-example2-diagram.tex failed.
Re-run, requesting "source" as the format, to analyze the image.
Likely creating the entire document as PDF will fail similarly.
The transcript of the LaTeX run follows.
WARNING : LaTeX compilation of ch9-cplx-current-voltage-divider-example2-diagram.tex failed
INFO    : converting ch3-circuit33figans3.tex to ch3-circuit33figans3.pdf
ERROR   : LaTeX compilation of ch3-circuit33figans3.tex failed.
Re-run, requesting "source" as the format, to analyze the image.
Likely creating the entire document as PDF will fail similarly.
The transcript of the LaTeX run follows.
WARNING : LaTeX compilation of ch3-circuit33figans3.tex failed
INFO    : converting ch3-openCircuitVoltageCircuit.tex to ch3-openCircuitVoltageCircuit.pdf
ERROR   : LaTeX compilation of ch3-openCircuitVoltageCircuit.tex failed.
Re-run, requesting "source" as the format, to analyze the image.
Likely creating the entire document as PDF will fail similarly.
The transcript of the LaTeX run follows.
WARNING : LaTeX compilation of ch3-openCircuitVoltageCircuit.tex failed
INFO    : converting ch9-complex-superposition-exercise3-diagram.tex to ch9-complex-superposition-exercise3-diagram.pdf
ERROR   : LaTeX compilation of ch9-complex-superposition-exercise3-diagram.tex failed.
Re-run, requesting "source" as the format, to analyze the image.
Likely creating the entire document as PDF will fail similarly.
The transcript of the LaTeX run follows.
WARNING : LaTeX compilation of ch9-complex-superposition-exercise3-diagram.tex failed
INFO    : converting ch6-chargingrl-example1-solution3.tex to ch6-chargingrl-example1-solution3.pdf
ERROR   : LaTeX compilation of ch6-chargingrl-example1-solution3.tex failed.
Re-run, requesting "source" as the format, to analyze the image.
Likely creating the entire document as PDF will fail similarly.
The transcript of the LaTeX run follows.
WARNING : LaTeX compilation of ch6-chargingrl-example1-solution3.tex failed
INFO    : converting ch6-chargingrl-example1-solution2.tex to ch6-chargingrl-example1-solution2.pdf
ERROR   : LaTeX compilation of ch6-chargingrl-example1-solution2.tex failed.
Re-run, requesting "source" as the format, to analyze the image.
Likely creating the entire document as PDF will fail similarly.
The transcript of the LaTeX run follows.
WARNING : LaTeX compilation of ch6-chargingrl-example1-solution2.tex failed
INFO    : converting ch4-cascadedblockfigure.tex to ch4-cascadedblockfigure.pdf
ERROR   : LaTeX compilation of ch4-cascadedblockfigure.tex failed.
Re-run, requesting "source" as the format, to analyze the image.
Likely creating the entire document as PDF will fail similarly.
The transcript of the LaTeX run follows.
WARNING : LaTeX compilation of ch4-cascadedblockfigure.tex failed
INFO    : converting ch3-circuit33figans2.tex to ch3-circuit33figans2.pdf
ERROR   : LaTeX compilation of ch3-circuit33figans2.tex failed.
Re-run, requesting "source" as the format, to analyze the image.
Likely creating the entire document as PDF will fail similarly.
The transcript of the LaTeX run follows.
WARNING : LaTeX compilation of ch3-circuit33figans2.tex failed
INFO    : converting ch7-homogeneous-seriesrlc-example-fig6.tex to ch7-homogeneous-seriesrlc-example-fig6.pdf
ERROR   : LaTeX compilation of ch7-homogeneous-seriesrlc-example-fig6.tex failed.
Re-run, requesting "source" as the format, to analyze the image.
Likely creating the entire document as PDF will fail similarly.
The transcript of the LaTeX run follows.
WARNING : LaTeX compilation of ch7-homogeneous-seriesrlc-example-fig6.tex failed
INFO    : converting ch6-chargingfromzeroexample2fig4.tex to ch6-chargingfromzeroexample2fig4.pdf
ERROR   : LaTeX compilation of ch6-chargingfromzeroexample2fig4.tex failed.
Re-run, requesting "source" as the format, to analyze the image.
Likely creating the entire document as PDF will fail similarly.
The transcript of the LaTeX run follows.
WARNING : LaTeX compilation of ch6-chargingfromzeroexample2fig4.tex failed
INFO    : converting ch2-eqresistancecktef4.tex to ch2-eqresistancecktef4.pdf
ERROR   : LaTeX compilation of ch2-eqresistancecktef4.tex failed.
Re-run, requesting "source" as the format, to analyze the image.
Likely creating the entire document as PDF will fail similarly.
The transcript of the LaTeX run follows.
WARNING : LaTeX compilation of ch2-eqresistancecktef4.tex failed
INFO    : converting ch1-circuit13exercise.tex to ch1-circuit13exercise.pdf
ERROR   : LaTeX compilation of ch1-circuit13exercise.tex failed.
Re-run, requesting "source" as the format, to analyze the image.
Likely creating the entire document as PDF will fail similarly.
The transcript of the LaTeX run follows.
WARNING : LaTeX compilation of ch1-circuit13exercise.tex failed
INFO    : converting ch7-non-homogeneous-example2-figure3.tex to ch7-non-homogeneous-example2-figure3.pdf
ERROR   : LaTeX compilation of ch7-non-homogeneous-example2-figure3.tex failed.
Re-run, requesting "source" as the format, to analyze the image.
Likely creating the entire document as PDF will fail similarly.
The transcript of the LaTeX run follows.
WARNING : LaTeX compilation of ch7-non-homogeneous-example2-figure3.tex failed
INFO    : converting ch8-equivalent-deltawye-exercise2-answer.tex to ch8-equivalent-deltawye-exercise2-answer.pdf
ERROR   : LaTeX compilation of ch8-equivalent-deltawye-exercise2-answer.tex failed.
Re-run, requesting "source" as the format, to analyze the image.
Likely creating the entire document as PDF will fail similarly.
The transcript of the LaTeX run follows.
WARNING : LaTeX compilation of ch8-equivalent-deltawye-exercise2-answer.tex failed
INFO    : converting ch7-homogeneous-example5-figure4.tex to ch7-homogeneous-example5-figure4.pdf
ERROR   : LaTeX compilation of ch7-homogeneous-example5-figure4.tex failed.
Re-run, requesting "source" as the format, to analyze the image.
Likely creating the entire document as PDF will fail similarly.
The transcript of the LaTeX run follows.
WARNING : LaTeX compilation of ch7-homogeneous-example5-figure4.tex failed
INFO    : converting ch10-max-power-exercise2-diagram.tex to ch10-max-power-exercise2-diagram.pdf
ERROR   : LaTeX compilation of ch10-max-power-exercise2-diagram.tex failed.
Re-run, requesting "source" as the format, to analyze the image.
Likely creating the entire document as PDF will fail similarly.
The transcript of the LaTeX run follows.
WARNING : LaTeX compilation of ch10-max-power-exercise2-diagram.tex failed
INFO    : converting ch2-highlowcurrent.tex to ch2-highlowcurrent.pdf
ERROR   : LaTeX compilation of ch2-highlowcurrent.tex failed.
Re-run, requesting "source" as the format, to analyze the image.
Likely creating the entire document as PDF will fail similarly.
The transcript of the LaTeX run follows.
WARNING : LaTeX compilation of ch2-highlowcurrent.tex failed
INFO    : converting ch7-const-non-homogeneous-example1-figure4.tex to ch7-const-non-homogeneous-example1-figure4.pdf
ERROR   : LaTeX compilation of ch7-const-non-homogeneous-example1-figure4.tex failed.
Re-run, requesting "source" as the format, to analyze the image.
Likely creating the entire document as PDF will fail similarly.
The transcript of the LaTeX run follows.
WARNING : LaTeX compilation of ch7-const-non-homogeneous-example1-figure4.tex failed
INFO    : converting ch2-circuit219fig.tex to ch2-circuit219fig.pdf
ERROR   : LaTeX compilation of ch2-circuit219fig.tex failed.
Re-run, requesting "source" as the format, to analyze the image.
Likely creating the entire document as PDF will fail similarly.
The transcript of the LaTeX run follows.
WARNING : LaTeX compilation of ch2-circuit219fig.tex failed
INFO    : converting ch9-complex-norton-exercise5-diagram.tex to ch9-complex-norton-exercise5-diagram.pdf
ERROR   : LaTeX compilation of ch9-complex-norton-exercise5-diagram.tex failed.
Re-run, requesting "source" as the format, to analyze the image.
Likely creating the entire document as PDF will fail similarly.
The transcript of the LaTeX run follows.
WARNING : LaTeX compilation of ch9-complex-norton-exercise5-diagram.tex failed
INFO    : converting ch10-maximum-power-diagram-ac.tex to ch10-maximum-power-diagram-ac.pdf
ERROR   : LaTeX compilation of ch10-maximum-power-diagram-ac.tex failed.
Re-run, requesting "source" as the format, to analyze the image.
Likely creating the entire document as PDF will fail similarly.
The transcript of the LaTeX run follows.
WARNING : LaTeX compilation of ch10-maximum-power-diagram-ac.tex failed
INFO    : converting ch7-homogeneous-parallelrlc-example-fig2.tex to ch7-homogeneous-parallelrlc-example-fig2.pdf
ERROR   : LaTeX compilation of ch7-homogeneous-parallelrlc-example-fig2.tex failed.
Re-run, requesting "source" as the format, to analyze the image.
Likely creating the entire document as PDF will fail similarly.
The transcript of the LaTeX run follows.
WARNING : LaTeX compilation of ch7-homogeneous-parallelrlc-example-fig2.tex failed
INFO    : converting ch9-complex-source-transformation-exercise4-figure5.tex to ch9-complex-source-transformation-exercise4-figure5.pdf
ERROR   : LaTeX compilation of ch9-complex-source-transformation-exercise4-figure5.tex failed.
Re-run, requesting "source" as the format, to analyze the image.
Likely creating the entire document as PDF will fail similarly.
The transcript of the LaTeX run follows.
WARNING : LaTeX compilation of ch9-complex-source-transformation-exercise4-figure5.tex failed
INFO    : converting ch1-voltage-sources-that-cannot-be-combined-possibility2.tex to ch1-voltage-sources-that-cannot-be-combined-possibility2.pdf
ERROR   : LaTeX compilation of ch1-voltage-sources-that-cannot-be-combined-possibility2.tex failed.
Re-run, requesting "source" as the format, to analyze the image.
Likely creating the entire document as PDF will fail similarly.
The transcript of the LaTeX run follows.
WARNING : LaTeX compilation of ch1-voltage-sources-that-cannot-be-combined-possibility2.tex failed
INFO    : converting ch6-homogeneousrl-example5-solution2.tex to ch6-homogeneousrl-example5-solution2.pdf
ERROR   : LaTeX compilation of ch6-homogeneousrl-example5-solution2.tex failed.
Re-run, requesting "source" as the format, to analyze the image.
Likely creating the entire document as PDF will fail similarly.
The transcript of the LaTeX run follows.
WARNING : LaTeX compilation of ch6-homogeneousrl-example5-solution2.tex failed
INFO    : converting ch9-unity-gain-sallen-key-filter.tex to ch9-unity-gain-sallen-key-filter.pdf
ERROR   : LaTeX compilation of ch9-unity-gain-sallen-key-filter.tex failed.
Re-run, requesting "source" as the format, to analyze the image.
Likely creating the entire document as PDF will fail similarly.
The transcript of the LaTeX run follows.
WARNING : LaTeX compilation of ch9-unity-gain-sallen-key-filter.tex failed
INFO    : converting ch6-generalexample2fig12.tex to ch6-generalexample2fig12.pdf
ERROR   : LaTeX compilation of ch6-generalexample2fig12.tex failed.
Re-run, requesting "source" as the format, to analyze the image.
Likely creating the entire document as PDF will fail similarly.
The transcript of the LaTeX run follows.
WARNING : LaTeX compilation of ch6-generalexample2fig12.tex failed
INFO    : converting ch6-chargingrl-example5-solution3.tex to ch6-chargingrl-example5-solution3.pdf
ERROR   : LaTeX compilation of ch6-chargingrl-example5-solution3.tex failed.
Re-run, requesting "source" as the format, to analyze the image.
Likely creating the entire document as PDF will fail similarly.
The transcript of the LaTeX run follows.
WARNING : LaTeX compilation of ch6-chargingrl-example5-solution3.tex failed
INFO    : converting ch9-complex-thevenin-equivalent-circuit.tex to ch9-complex-thevenin-equivalent-circuit.pdf
ERROR   : LaTeX compilation of ch9-complex-thevenin-equivalent-circuit.tex failed.
Re-run, requesting "source" as the format, to analyze the image.
Likely creating the entire document as PDF will fail similarly.
The transcript of the LaTeX run follows.
WARNING : LaTeX compilation of ch9-complex-thevenin-equivalent-circuit.tex failed
INFO    : converting ch6-generalrl-example1-solution8.tex to ch6-generalrl-example1-solution8.pdf
ERROR   : LaTeX compilation of ch6-generalrl-example1-solution8.tex failed.
Re-run, requesting "source" as the format, to analyze the image.
Likely creating the entire document as PDF will fail similarly.
The transcript of the LaTeX run follows.
WARNING : LaTeX compilation of ch6-generalrl-example1-solution8.tex failed
INFO    : converting ch10-phase-rms-exercise5-diagram.tex to ch10-phase-rms-exercise5-diagram.pdf
ERROR   : LaTeX compilation of ch10-phase-rms-exercise5-diagram.tex failed.
Re-run, requesting "source" as the format, to analyze the image.
Likely creating the entire document as PDF will fail similarly.
The transcript of the LaTeX run follows.
WARNING : LaTeX compilation of ch10-phase-rms-exercise5-diagram.tex failed
INFO    : converting ch9-cplx-kclkvl-example-figure2.tex to ch9-cplx-kclkvl-example-figure2.pdf
ERROR   : LaTeX compilation of ch9-cplx-kclkvl-example-figure2.tex failed.
Re-run, requesting "source" as the format, to analyze the image.
Likely creating the entire document as PDF will fail similarly.
The transcript of the LaTeX run follows.
WARNING : LaTeX compilation of ch9-cplx-kclkvl-example-figure2.tex failed
INFO    : converting ch5-homogeneousrcexample1solution3.tex to ch5-homogeneousrcexample1solution3.pdf
ERROR   : LaTeX compilation of ch5-homogeneousrcexample1solution3.tex failed.
Re-run, requesting "source" as the format, to analyze the image.
Likely creating the entire document as PDF will fail similarly.
The transcript of the LaTeX run follows.
WARNING : LaTeX compilation of ch5-homogeneousrcexample1solution3.tex failed
INFO    : converting ch9-complex-source-transformation-exercise4-diagram.tex to ch9-complex-source-transformation-exercise4-diagram.pdf
ERROR   : LaTeX compilation of ch9-complex-source-transformation-exercise4-diagram.tex failed.
Re-run, requesting "source" as the format, to analyze the image.
Likely creating the entire document as PDF will fail similarly.
The transcript of the LaTeX run follows.
WARNING : LaTeX compilation of ch9-complex-source-transformation-exercise4-diagram.tex failed
INFO    : converting ch10-complex-power-exercise4-figure1.tex to ch10-complex-power-exercise4-figure1.pdf
ERROR   : LaTeX compilation of ch10-complex-power-exercise4-figure1.tex failed.
Re-run, requesting "source" as the format, to analyze the image.
Likely creating the entire document as PDF will fail similarly.
The transcript of the LaTeX run follows.
WARNING : LaTeX compilation of ch10-complex-power-exercise4-figure1.tex failed
INFO    : converting ch3-maxPowerFigure3.tex to ch3-maxPowerFigure3.pdf
ERROR   : LaTeX compilation of ch3-maxPowerFigure3.tex failed.
Re-run, requesting "source" as the format, to analyze the image.
Likely creating the entire document as PDF will fail similarly.
The transcript of the LaTeX run follows.
WARNING : LaTeX compilation of ch3-maxPowerFigure3.tex failed
INFO    : converting ch5generalrcexample1solution7.tex to ch5generalrcexample1solution7.pdf
ERROR   : LaTeX compilation of ch5generalrcexample1solution7.tex failed.
Re-run, requesting "source" as the format, to analyze the image.
Likely creating the entire document as PDF will fail similarly.
The transcript of the LaTeX run follows.
WARNING : LaTeX compilation of ch5generalrcexample1solution7.tex failed
INFO    : converting ch8-equivimpedance-ex5-figure2.tex to ch8-equivimpedance-ex5-figure2.pdf
ERROR   : LaTeX compilation of ch8-equivimpedance-ex5-figure2.tex failed.
Re-run, requesting "source" as the format, to analyze the image.
Likely creating the entire document as PDF will fail similarly.
The transcript of the LaTeX run follows.
WARNING : LaTeX compilation of ch8-equivimpedance-ex5-figure2.tex failed
INFO    : converting ch9-complex-superposition-exercise4-figure8.tex to ch9-complex-superposition-exercise4-figure8.pdf
ERROR   : LaTeX compilation of ch9-complex-superposition-exercise4-figure8.tex failed.
Re-run, requesting "source" as the format, to analyze the image.
Likely creating the entire document as PDF will fail similarly.
The transcript of the LaTeX run follows.
WARNING : LaTeX compilation of ch9-complex-superposition-exercise4-figure8.tex failed
INFO    : converting ch7-homogeneous-general-symbolic-example-fig3.tex to ch7-homogeneous-general-symbolic-example-fig3.pdf
ERROR   : LaTeX compilation of ch7-homogeneous-general-symbolic-example-fig3.tex failed.
Re-run, requesting "source" as the format, to analyze the image.
Likely creating the entire document as PDF will fail similarly.
The transcript of the LaTeX run follows.
WARNING : LaTeX compilation of ch7-homogeneous-general-symbolic-example-fig3.tex failed
INFO    : converting ch5-measuringinductance.tex to ch5-measuringinductance.pdf
ERROR   : LaTeX compilation of ch5-measuringinductance.tex failed.
Re-run, requesting "source" as the format, to analyze the image.
Likely creating the entire document as PDF will fail similarly.
The transcript of the LaTeX run follows.
WARNING : LaTeX compilation of ch5-measuringinductance.tex failed
INFO    : converting ch2-currentdividerexmeshesfig1.tex to ch2-currentdividerexmeshesfig1.pdf
ERROR   : LaTeX compilation of ch2-currentdividerexmeshesfig1.tex failed.
Re-run, requesting "source" as the format, to analyze the image.
Likely creating the entire document as PDF will fail similarly.
The transcript of the LaTeX run follows.
WARNING : LaTeX compilation of ch2-currentdividerexmeshesfig1.tex failed
INFO    : converting ch6-equivalentinductance-example4-solution5.tex to ch6-equivalentinductance-example4-solution5.pdf
ERROR   : LaTeX compilation of ch6-equivalentinductance-example4-solution5.tex failed.
Re-run, requesting "source" as the format, to analyze the image.
Likely creating the entire document as PDF will fail similarly.
The transcript of the LaTeX run follows.
WARNING : LaTeX compilation of ch6-equivalentinductance-example4-solution5.tex failed
INFO    : converting ch7-series-parallel-example3-figure2.tex to ch7-series-parallel-example3-figure2.pdf
ERROR   : LaTeX compilation of ch7-series-parallel-example3-figure2.tex failed.
Re-run, requesting "source" as the format, to analyze the image.
Likely creating the entire document as PDF will fail similarly.
The transcript of the LaTeX run follows.
WARNING : LaTeX compilation of ch7-series-parallel-example3-figure2.tex failed
INFO    : converting ch10-power-factor-correction-exercise4-figure1.tex to ch10-power-factor-correction-exercise4-figure1.pdf
ERROR   : LaTeX compilation of ch10-power-factor-correction-exercise4-figure1.tex failed.
Re-run, requesting "source" as the format, to analyze the image.
Likely creating the entire document as PDF will fail similarly.
The transcript of the LaTeX run follows.
WARNING : LaTeX compilation of ch10-power-factor-correction-exercise4-figure1.tex failed
INFO    : converting ch9-complex-superposition-exercise3-figure4.tex to ch9-complex-superposition-exercise3-figure4.pdf
ERROR   : LaTeX compilation of ch9-complex-superposition-exercise3-figure4.tex failed.
Re-run, requesting "source" as the format, to analyze the image.
Likely creating the entire document as PDF will fail similarly.
The transcript of the LaTeX run follows.
WARNING : LaTeX compilation of ch9-complex-superposition-exercise3-figure4.tex failed
INFO    : converting ch7-challenge-example2-figure1.tex to ch7-challenge-example2-figure1.pdf
ERROR   : LaTeX compilation of ch7-challenge-example2-figure1.tex failed.
Re-run, requesting "source" as the format, to analyze the image.
Likely creating the entire document as PDF will fail similarly.
The transcript of the LaTeX run follows.
WARNING : LaTeX compilation of ch7-challenge-example2-figure1.tex failed
INFO    : converting ch8-equivalent-deltawye-exercise3-diagram.tex to ch8-equivalent-deltawye-exercise3-diagram.pdf
ERROR   : LaTeX compilation of ch8-equivalent-deltawye-exercise3-diagram.tex failed.
Re-run, requesting "source" as the format, to analyze the image.
Likely creating the entire document as PDF will fail similarly.
The transcript of the LaTeX run follows.
WARNING : LaTeX compilation of ch8-equivalent-deltawye-exercise3-diagram.tex failed
INFO    : converting ch5-equivalentcapexample1solution6.tex to ch5-equivalentcapexample1solution6.pdf
ERROR   : LaTeX compilation of ch5-equivalentcapexample1solution6.tex failed.
Re-run, requesting "source" as the format, to analyze the image.
Likely creating the entire document as PDF will fail similarly.
The transcript of the LaTeX run follows.
WARNING : LaTeX compilation of ch5-equivalentcapexample1solution6.tex failed
INFO    : converting ch6-generalexample1fig7.tex to ch6-generalexample1fig7.pdf
ERROR   : LaTeX compilation of ch6-generalexample1fig7.tex failed.
Re-run, requesting "source" as the format, to analyze the image.
Likely creating the entire document as PDF will fail similarly.
The transcript of the LaTeX run follows.
WARNING : LaTeX compilation of ch6-generalexample1fig7.tex failed
INFO    : converting ch5-equivalentcapexample1solution4.tex to ch5-equivalentcapexample1solution4.pdf
ERROR   : LaTeX compilation of ch5-equivalentcapexample1solution4.tex failed.
Re-run, requesting "source" as the format, to analyze the image.
Likely creating the entire document as PDF will fail similarly.
The transcript of the LaTeX run follows.
WARNING : LaTeX compilation of ch5-equivalentcapexample1solution4.tex failed
INFO    : converting ch9-lpf-magnitude-response-first-and-second.tex to ch9-lpf-magnitude-response-first-and-second.pdf
ERROR   : LaTeX compilation of ch9-lpf-magnitude-response-first-and-second.tex failed.
Re-run, requesting "source" as the format, to analyze the image.
Likely creating the entire document as PDF will fail similarly.
The transcript of the LaTeX run follows.
WARNING : LaTeX compilation of ch9-lpf-magnitude-response-first-and-second.tex failed
INFO    : converting ch6-generalexample1fig5.tex to ch6-generalexample1fig5.pdf
ERROR   : LaTeX compilation of ch6-generalexample1fig5.tex failed.
Re-run, requesting "source" as the format, to analyze the image.
Likely creating the entire document as PDF will fail similarly.
The transcript of the LaTeX run follows.
WARNING : LaTeX compilation of ch6-generalexample1fig5.tex failed
INFO    : converting elementarysignals117exercise-4-9-2.tex to elementarysignals117exercise-4-9-2.pdf
ERROR   : LaTeX compilation of elementarysignals117exercise-4-9-2.tex failed.
Re-run, requesting "source" as the format, to analyze the image.
Likely creating the entire document as PDF will fail similarly.
The transcript of the LaTeX run follows.
WARNING : LaTeX compilation of elementarysignals117exercise-4-9-2.tex failed
INFO    : converting ch2-resistorparallel.tex to ch2-resistorparallel.pdf
ERROR   : LaTeX compilation of ch2-resistorparallel.tex failed.
Re-run, requesting "source" as the format, to analyze the image.
Likely creating the entire document as PDF will fail similarly.
The transcript of the LaTeX run follows.
WARNING : LaTeX compilation of ch2-resistorparallel.tex failed
INFO    : converting elementarysignals120exercise-2-1-2.tex to elementarysignals120exercise-2-1-2.pdf
ERROR   : LaTeX compilation of elementarysignals120exercise-2-1-2.tex failed.
Re-run, requesting "source" as the format, to analyze the image.
Likely creating the entire document as PDF will fail similarly.
The transcript of the LaTeX run follows.
WARNING : LaTeX compilation of elementarysignals120exercise-2-1-2.tex failed
INFO    : converting ch6-equivalentinductance-example4-solution7.tex to ch6-equivalentinductance-example4-solution7.pdf
ERROR   : LaTeX compilation of ch6-equivalentinductance-example4-solution7.tex failed.
Re-run, requesting "source" as the format, to analyze the image.
Likely creating the entire document as PDF will fail similarly.
The transcript of the LaTeX run follows.
WARNING : LaTeX compilation of ch6-equivalentinductance-example4-solution7.tex failed
INFO    : converting ch2-circuit220figans1.tex to ch2-circuit220figans1.pdf
ERROR   : LaTeX compilation of ch2-circuit220figans1.tex failed.
Re-run, requesting "source" as the format, to analyze the image.
Likely creating the entire document as PDF will fail similarly.
The transcript of the LaTeX run follows.
WARNING : LaTeX compilation of ch2-circuit220figans1.tex failed
INFO    : converting ch7-seriesrlc-diagram.tex to ch7-seriesrlc-diagram.pdf
ERROR   : LaTeX compilation of ch7-seriesrlc-diagram.tex failed.
Re-run, requesting "source" as the format, to analyze the image.
Likely creating the entire document as PDF will fail similarly.
The transcript of the LaTeX run follows.
WARNING : LaTeX compilation of ch7-seriesrlc-diagram.tex failed
INFO    : converting ch5-actualchargingrcexample4solution2.tex to ch5-actualchargingrcexample4solution2.pdf
ERROR   : LaTeX compilation of ch5-actualchargingrcexample4solution2.tex failed.
Re-run, requesting "source" as the format, to analyze the image.
Likely creating the entire document as PDF will fail similarly.
The transcript of the LaTeX run follows.
WARNING : LaTeX compilation of ch5-actualchargingrcexample4solution2.tex failed
INFO    : converting ch7-homogeneous-general-symbolic-example-fig1.tex to ch7-homogeneous-general-symbolic-example-fig1.pdf
ERROR   : LaTeX compilation of ch7-homogeneous-general-symbolic-example-fig1.tex failed.
Re-run, requesting "source" as the format, to analyze the image.
Likely creating the entire document as PDF will fail similarly.
The transcript of the LaTeX run follows.
WARNING : LaTeX compilation of ch7-homogeneous-general-symbolic-example-fig1.tex failed
INFO    : converting ch5generalrcexample1solution5.tex to ch5generalrcexample1solution5.pdf
ERROR   : LaTeX compilation of ch5generalrcexample1solution5.tex failed.
Re-run, requesting "source" as the format, to analyze the image.
Likely creating the entire document as PDF will fail similarly.
The transcript of the LaTeX run follows.
WARNING : LaTeX compilation of ch5generalrcexample1solution5.tex failed
INFO    : converting ch9-complex-kcl-kvl-exercise4-figure1.tex to ch9-complex-kcl-kvl-exercise4-figure1.pdf
ERROR   : LaTeX compilation of ch9-complex-kcl-kvl-exercise4-figure1.tex failed.
Re-run, requesting "source" as the format, to analyze the image.
Likely creating the entire document as PDF will fail similarly.
The transcript of the LaTeX run follows.
WARNING : LaTeX compilation of ch9-complex-kcl-kvl-exercise4-figure1.tex failed
INFO    : converting ch2-resistancefromviex1.tex to ch2-resistancefromviex1.pdf
ERROR   : LaTeX compilation of ch2-resistancefromviex1.tex failed.
Re-run, requesting "source" as the format, to analyze the image.
Likely creating the entire document as PDF will fail similarly.
The transcript of the LaTeX run follows.
WARNING : LaTeX compilation of ch2-resistancefromviex1.tex failed
INFO    : converting ch3-maxPowerFigure1.tex to ch3-maxPowerFigure1.pdf
ERROR   : LaTeX compilation of ch3-maxPowerFigure1.tex failed.
Re-run, requesting "source" as the format, to analyze the image.
Likely creating the entire document as PDF will fail similarly.
The transcript of the LaTeX run follows.
WARNING : LaTeX compilation of ch3-maxPowerFigure1.tex failed
INFO    : converting ch9-filters-exercise5-figure1.tex to ch9-filters-exercise5-figure1.pdf
ERROR   : LaTeX compilation of ch9-filters-exercise5-figure1.tex failed.
Re-run, requesting "source" as the format, to analyze the image.
Likely creating the entire document as PDF will fail similarly.
The transcript of the LaTeX run follows.
WARNING : LaTeX compilation of ch9-filters-exercise5-figure1.tex failed
INFO    : converting ch2-circuit25figans5.tex to ch2-circuit25figans5.pdf
ERROR   : LaTeX compilation of ch2-circuit25figans5.tex failed.
Re-run, requesting "source" as the format, to analyze the image.
Likely creating the entire document as PDF will fail similarly.
The transcript of the LaTeX run follows.
WARNING : LaTeX compilation of ch2-circuit25figans5.tex failed
INFO    : converting ch5-homogeneousrcexample1solution1.tex to ch5-homogeneousrcexample1solution1.pdf
ERROR   : LaTeX compilation of ch5-homogeneousrcexample1solution1.tex failed.
Re-run, requesting "source" as the format, to analyze the image.
Likely creating the entire document as PDF will fail similarly.
The transcript of the LaTeX run follows.
WARNING : LaTeX compilation of ch5-homogeneousrcexample1solution1.tex failed
INFO    : converting ch9-complex-source-transformation-exercise1-figure2.tex to ch9-complex-source-transformation-exercise1-figure2.pdf
ERROR   : LaTeX compilation of ch9-complex-source-transformation-exercise1-figure2.tex failed.
Re-run, requesting "source" as the format, to analyze the image.
Likely creating the entire document as PDF will fail similarly.
The transcript of the LaTeX run follows.
WARNING : LaTeX compilation of ch9-complex-source-transformation-exercise1-figure2.tex failed
INFO    : converting ch6-generalexample2fig10.tex to ch6-generalexample2fig10.pdf
ERROR   : LaTeX compilation of ch6-generalexample2fig10.tex failed.
Re-run, requesting "source" as the format, to analyze the image.
Likely creating the entire document as PDF will fail similarly.
The transcript of the LaTeX run follows.
WARNING : LaTeX compilation of ch6-generalexample2fig10.tex failed
INFO    : converting ch6-chargingrl-example5-solution1.tex to ch6-chargingrl-example5-solution1.pdf
ERROR   : LaTeX compilation of ch6-chargingrl-example5-solution1.tex failed.
Re-run, requesting "source" as the format, to analyze the image.
Likely creating the entire document as PDF will fail similarly.
The transcript of the LaTeX run follows.
WARNING : LaTeX compilation of ch6-chargingrl-example5-solution1.tex failed
INFO    : converting ch11-sdomain-analysis-exercise3-figure2.tex to ch11-sdomain-analysis-exercise3-figure2.pdf
ERROR   : LaTeX compilation of ch11-sdomain-analysis-exercise3-figure2.tex failed.
Re-run, requesting "source" as the format, to analyze the image.
Likely creating the entire document as PDF will fail similarly.
The transcript of the LaTeX run follows.
WARNING : LaTeX compilation of ch11-sdomain-analysis-exercise3-figure2.tex failed
INFO    : converting ch5-generaltransientresistorexample2.tex to ch5-generaltransientresistorexample2.pdf
ERROR   : LaTeX compilation of ch5-generaltransientresistorexample2.tex failed.
Re-run, requesting "source" as the format, to analyze the image.
Likely creating the entire document as PDF will fail similarly.
The transcript of the LaTeX run follows.
WARNING : LaTeX compilation of ch5-generaltransientresistorexample2.tex failed
INFO    : converting ch9-complex-thevenin-exercise1-diagram.tex to ch9-complex-thevenin-exercise1-diagram.pdf
ERROR   : LaTeX compilation of ch9-complex-thevenin-exercise1-diagram.tex failed.
Re-run, requesting "source" as the format, to analyze the image.
Likely creating the entire document as PDF will fail similarly.
The transcript of the LaTeX run follows.
WARNING : LaTeX compilation of ch9-complex-thevenin-exercise1-diagram.tex failed
INFO    : converting ch7-const-non-homogeneous-example1-figure6.tex to ch7-const-non-homogeneous-example1-figure6.pdf
ERROR   : LaTeX compilation of ch7-const-non-homogeneous-example1-figure6.tex failed.
Re-run, requesting "source" as the format, to analyze the image.
Likely creating the entire document as PDF will fail similarly.
The transcript of the LaTeX run follows.
WARNING : LaTeX compilation of ch7-const-non-homogeneous-example1-figure6.tex failed
INFO    : converting ch6-dischargingrlexamplefig4.tex to ch6-dischargingrlexamplefig4.pdf
ERROR   : LaTeX compilation of ch6-dischargingrlexamplefig4.tex failed.
Re-run, requesting "source" as the format, to analyze the image.
Likely creating the entire document as PDF will fail similarly.
The transcript of the LaTeX run follows.
WARNING : LaTeX compilation of ch6-dischargingrlexamplefig4.tex failed
INFO    : converting ch7-series-rlc-example1-diagram.tex to ch7-series-rlc-example1-diagram.pdf
ERROR   : LaTeX compilation of ch7-series-rlc-example1-diagram.tex failed.
Re-run, requesting "source" as the format, to analyze the image.
Likely creating the entire document as PDF will fail similarly.
The transcript of the LaTeX run follows.
WARNING : LaTeX compilation of ch7-series-rlc-example1-diagram.tex failed
INFO    : converting ch7-non-homogeneous-example2-figure1.tex to ch7-non-homogeneous-example2-figure1.pdf
ERROR   : LaTeX compilation of ch7-non-homogeneous-example2-figure1.tex failed.
Re-run, requesting "source" as the format, to analyze the image.
Likely creating the entire document as PDF will fail similarly.
The transcript of the LaTeX run follows.
WARNING : LaTeX compilation of ch7-non-homogeneous-example2-figure1.tex failed
INFO    : converting ch4-summingampfigure.tex to ch4-summingampfigure.pdf
ERROR   : LaTeX compilation of ch4-summingampfigure.tex failed.
Re-run, requesting "source" as the format, to analyze the image.
Likely creating the entire document as PDF will fail similarly.
The transcript of the LaTeX run follows.
WARNING : LaTeX compilation of ch4-summingampfigure.tex failed
INFO    : converting ch2-eqresistancecktef6.tex to ch2-eqresistancecktef6.pdf
ERROR   : LaTeX compilation of ch2-eqresistancecktef6.tex failed.
Re-run, requesting "source" as the format, to analyze the image.
Likely creating the entire document as PDF will fail similarly.
The transcript of the LaTeX run follows.
WARNING : LaTeX compilation of ch2-eqresistancecktef6.tex failed
INFO    : converting ch9-transfer-functions-exercise5-figure1.tex to ch9-transfer-functions-exercise5-figure1.pdf
ERROR   : LaTeX compilation of ch9-transfer-functions-exercise5-figure1.tex failed.
Re-run, requesting "source" as the format, to analyze the image.
Likely creating the entire document as PDF will fail similarly.
The transcript of the LaTeX run follows.
WARNING : LaTeX compilation of ch9-transfer-functions-exercise5-figure1.tex failed
INFO    : converting ch2-voltagecalcex1.tex to ch2-voltagecalcex1.pdf
ERROR   : LaTeX compilation of ch2-voltagecalcex1.tex failed.
Re-run, requesting "source" as the format, to analyze the image.
Likely creating the entire document as PDF will fail similarly.
The transcript of the LaTeX run follows.
WARNING : LaTeX compilation of ch2-voltagecalcex1.tex failed
INFO    : converting ch9-complex-thevenin-exercise2-answer.tex to ch9-complex-thevenin-exercise2-answer.pdf
ERROR   : LaTeX compilation of ch9-complex-thevenin-exercise2-answer.tex failed.
Re-run, requesting "source" as the format, to analyze the image.
Likely creating the entire document as PDF will fail similarly.
The transcript of the LaTeX run follows.
WARNING : LaTeX compilation of ch9-complex-thevenin-exercise2-answer.tex failed
INFO    : converting ch2-eqresistancecktae.tex to ch2-eqresistancecktae.pdf
ERROR   : LaTeX compilation of ch2-eqresistancecktae.tex failed.
Re-run, requesting "source" as the format, to analyze the image.
Likely creating the entire document as PDF will fail similarly.
The transcript of the LaTeX run follows.
WARNING : LaTeX compilation of ch2-eqresistancecktae.tex failed
INFO    : converting ch7-homogeneous-seriesrlc-example-fig4.tex to ch7-homogeneous-seriesrlc-example-fig4.pdf
ERROR   : LaTeX compilation of ch7-homogeneous-seriesrlc-example-fig4.tex failed.
Re-run, requesting "source" as the format, to analyze the image.
Likely creating the entire document as PDF will fail similarly.
The transcript of the LaTeX run follows.
WARNING : LaTeX compilation of ch7-homogeneous-seriesrlc-example-fig4.tex failed
INFO    : converting ch3-circuit33figans1.tex to ch3-circuit33figans1.pdf
ERROR   : LaTeX compilation of ch3-circuit33figans1.tex failed.
Re-run, requesting "source" as the format, to analyze the image.
Likely creating the entire document as PDF will fail similarly.
The transcript of the LaTeX run follows.
WARNING : LaTeX compilation of ch3-circuit33figans1.tex failed
INFO    : converting ch2-meshvsbranchfig.tex to ch2-meshvsbranchfig.pdf
ERROR   : LaTeX compilation of ch2-meshvsbranchfig.tex failed.
Re-run, requesting "source" as the format, to analyze the image.
Likely creating the entire document as PDF will fail similarly.
The transcript of the LaTeX run follows.
WARNING : LaTeX compilation of ch2-meshvsbranchfig.tex failed
INFO    : converting ch7-homogeneous-second-example3-diagram.tex to ch7-homogeneous-second-example3-diagram.pdf
ERROR   : LaTeX compilation of ch7-homogeneous-second-example3-diagram.tex failed.
Re-run, requesting "source" as the format, to analyze the image.
Likely creating the entire document as PDF will fail similarly.
The transcript of the LaTeX run follows.
WARNING : LaTeX compilation of ch7-homogeneous-second-example3-diagram.tex failed
INFO    : converting ch7-homogeneous-seriesrlc-example-fig5.tex to ch7-homogeneous-seriesrlc-example-fig5.pdf
ERROR   : LaTeX compilation of ch7-homogeneous-seriesrlc-example-fig5.tex failed.
Re-run, requesting "source" as the format, to analyze the image.
Likely creating the entire document as PDF will fail similarly.
The transcript of the LaTeX run follows.
WARNING : LaTeX compilation of ch7-homogeneous-seriesrlc-example-fig5.tex failed
INFO    : converting ch6-chargingrl-example1-solution1.tex to ch6-chargingrl-example1-solution1.pdf
ERROR   : LaTeX compilation of ch6-chargingrl-example1-solution1.tex failed.
Re-run, requesting "source" as the format, to analyze the image.
Likely creating the entire document as PDF will fail similarly.
The transcript of the LaTeX run follows.
WARNING : LaTeX compilation of ch6-chargingrl-example1-solution1.tex failed
INFO    : converting ch9-bsf-example1-bode.tex to ch9-bsf-example1-bode.pdf
ERROR   : LaTeX compilation of ch9-bsf-example1-bode.tex failed.
Re-run, requesting "source" as the format, to analyze the image.
Likely creating the entire document as PDF will fail similarly.
The transcript of the LaTeX run follows.
WARNING : LaTeX compilation of ch9-bsf-example1-bode.tex failed
INFO    : converting ch1-voltmeter.tex to ch1-voltmeter.pdf
ERROR   : LaTeX compilation of ch1-voltmeter.tex failed.
Re-run, requesting "source" as the format, to analyze the image.
Likely creating the entire document as PDF will fail similarly.
The transcript of the LaTeX run follows.
WARNING : LaTeX compilation of ch1-voltmeter.tex failed
INFO    : converting ch6-dischargingrlexamplefig5.tex to ch6-dischargingrlexamplefig5.pdf
ERROR   : LaTeX compilation of ch6-dischargingrlexamplefig5.tex failed.
Re-run, requesting "source" as the format, to analyze the image.
Likely creating the entire document as PDF will fail similarly.
The transcript of the LaTeX run follows.
WARNING : LaTeX compilation of ch6-dischargingrlexamplefig5.tex failed
INFO    : converting ch1-voltage-sources-that-cannot-be-combined-possibility1.tex to ch1-voltage-sources-that-cannot-be-combined-possibility1.pdf
ERROR   : LaTeX compilation of ch1-voltage-sources-that-cannot-be-combined-possibility1.tex failed.
Re-run, requesting "source" as the format, to analyze the image.
Likely creating the entire document as PDF will fail similarly.
The transcript of the LaTeX run follows.
WARNING : LaTeX compilation of ch1-voltage-sources-that-cannot-be-combined-possibility1.tex failed
INFO    : converting ch5-polarizedcapsymbol.tex to ch5-polarizedcapsymbol.pdf
ERROR   : LaTeX compilation of ch5-polarizedcapsymbol.tex failed.
Re-run, requesting "source" as the format, to analyze the image.
Likely creating the entire document as PDF will fail similarly.
The transcript of the LaTeX run follows.
WARNING : LaTeX compilation of ch5-polarizedcapsymbol.tex failed
INFO    : converting ch7-homogeneous-parallelrlc-example-fig1.tex to ch7-homogeneous-parallelrlc-example-fig1.pdf
ERROR   : LaTeX compilation of ch7-homogeneous-parallelrlc-example-fig1.tex failed.
Re-run, requesting "source" as the format, to analyze the image.
Likely creating the entire document as PDF will fail similarly.
The transcript of the LaTeX run follows.
WARNING : LaTeX compilation of ch7-homogeneous-parallelrlc-example-fig1.tex failed
INFO    : converting ch7-non-homogeneous-parallelrlc-diagram-t0plus.tex to ch7-non-homogeneous-parallelrlc-diagram-t0plus.pdf
ERROR   : LaTeX compilation of ch7-non-homogeneous-parallelrlc-diagram-t0plus.tex failed.
Re-run, requesting "source" as the format, to analyze the image.
Likely creating the entire document as PDF will fail similarly.
The transcript of the LaTeX run follows.
WARNING : LaTeX compilation of ch7-non-homogeneous-parallelrlc-diagram-t0plus.tex failed
INFO    : converting ch5-generaltransientresistorexample3.tex to ch5-generaltransientresistorexample3.pdf
ERROR   : LaTeX compilation of ch5-generaltransientresistorexample3.tex failed.
Re-run, requesting "source" as the format, to analyze the image.
Likely creating the entire document as PDF will fail similarly.
The transcript of the LaTeX run follows.
WARNING : LaTeX compilation of ch5-generaltransientresistorexample3.tex failed
INFO    : converting ch9-complex-mesh-analysis-exercise2-diagram.tex to ch9-complex-mesh-analysis-exercise2-diagram.pdf
ERROR   : LaTeX compilation of ch9-complex-mesh-analysis-exercise2-diagram.tex failed.
Re-run, requesting "source" as the format, to analyze the image.
Likely creating the entire document as PDF will fail similarly.
The transcript of the LaTeX run follows.
WARNING : LaTeX compilation of ch9-complex-mesh-analysis-exercise2-diagram.tex failed
INFO    : converting ch6-homogeneousrl-example5-solution1.tex to ch6-homogeneousrl-example5-solution1.pdf
ERROR   : LaTeX compilation of ch6-homogeneousrl-example5-solution1.tex failed.
Re-run, requesting "source" as the format, to analyze the image.
Likely creating the entire document as PDF will fail similarly.
The transcript of the LaTeX run follows.
WARNING : LaTeX compilation of ch6-homogeneousrl-example5-solution1.tex failed
INFO    : converting ch4-dividedfeedbackfig.tex to ch4-dividedfeedbackfig.pdf
ERROR   : LaTeX compilation of ch4-dividedfeedbackfig.tex failed.
Re-run, requesting "source" as the format, to analyze the image.
Likely creating the entire document as PDF will fail similarly.
The transcript of the LaTeX run follows.
WARNING : LaTeX compilation of ch4-dividedfeedbackfig.tex failed
INFO    : converting ch2-powercalcex1.tex to ch2-powercalcex1.pdf
ERROR   : LaTeX compilation of ch2-powercalcex1.tex failed.
Re-run, requesting "source" as the format, to analyze the image.
Likely creating the entire document as PDF will fail similarly.
The transcript of the LaTeX run follows.
WARNING : LaTeX compilation of ch2-powercalcex1.tex failed
INFO    : converting ch7-non-homogeneous-seriesrlc-diagram-t0plus.tex to ch7-non-homogeneous-seriesrlc-diagram-t0plus.pdf
ERROR   : LaTeX compilation of ch7-non-homogeneous-seriesrlc-diagram-t0plus.tex failed.
Re-run, requesting "source" as the format, to analyze the image.
Likely creating the entire document as PDF will fail similarly.
The transcript of the LaTeX run follows.
WARNING : LaTeX compilation of ch7-non-homogeneous-seriesrlc-diagram-t0plus.tex failed
INFO    : converting ch6-generalexample2fig11.tex to ch6-generalexample2fig11.pdf
ERROR   : LaTeX compilation of ch6-generalexample2fig11.tex failed.
Re-run, requesting "source" as the format, to analyze the image.
Likely creating the entire document as PDF will fail similarly.
The transcript of the LaTeX run follows.
WARNING : LaTeX compilation of ch6-generalexample2fig11.tex failed
INFO    : converting ch9-bpf-magnitude-response-highq-and-lowq.tex to ch9-bpf-magnitude-response-highq-and-lowq.pdf
ERROR   : LaTeX compilation of ch9-bpf-magnitude-response-highq-and-lowq.tex failed.
Re-run, requesting "source" as the format, to analyze the image.
Likely creating the entire document as PDF will fail similarly.
The transcript of the LaTeX run follows.
WARNING : LaTeX compilation of ch9-bpf-magnitude-response-highq-and-lowq.tex failed
INFO    : converting ch9-complex-kcl-kvl-exercise1-diagram.tex to ch9-complex-kcl-kvl-exercise1-diagram.pdf
ERROR   : LaTeX compilation of ch9-complex-kcl-kvl-exercise1-diagram.tex failed.
Re-run, requesting "source" as the format, to analyze the image.
Likely creating the entire document as PDF will fail similarly.
The transcript of the LaTeX run follows.
WARNING : LaTeX compilation of ch9-complex-kcl-kvl-exercise1-diagram.tex failed
INFO    : converting ch9-complex-source-transformation-exercise1-figure3.tex to ch9-complex-source-transformation-exercise1-figure3.pdf
ERROR   : LaTeX compilation of ch9-complex-source-transformation-exercise1-figure3.tex failed.
Re-run, requesting "source" as the format, to analyze the image.
Likely creating the entire document as PDF will fail similarly.
The transcript of the LaTeX run follows.
WARNING : LaTeX compilation of ch9-complex-source-transformation-exercise1-figure3.tex failed
INFO    : converting ch9-cplx-kclkvl-example-figure1.tex to ch9-cplx-kclkvl-example-figure1.pdf
ERROR   : LaTeX compilation of ch9-cplx-kclkvl-example-figure1.tex failed.
Re-run, requesting "source" as the format, to analyze the image.
Likely creating the entire document as PDF will fail similarly.
The transcript of the LaTeX run follows.
WARNING : LaTeX compilation of ch9-cplx-kclkvl-example-figure1.tex failed
INFO    : converting ch2-circuit25figans4.tex to ch2-circuit25figans4.pdf
ERROR   : LaTeX compilation of ch2-circuit25figans4.tex failed.
Re-run, requesting "source" as the format, to analyze the image.
Likely creating the entire document as PDF will fail similarly.
The transcript of the LaTeX run follows.
WARNING : LaTeX compilation of ch2-circuit25figans4.tex failed
INFO    : converting ch1-rampfunctionexamplegraph.tex to ch1-rampfunctionexamplegraph.pdf
ERROR   : LaTeX compilation of ch1-rampfunctionexamplegraph.tex failed.
Re-run, requesting "source" as the format, to analyze the image.
Likely creating the entire document as PDF will fail similarly.
The transcript of the LaTeX run follows.
WARNING : LaTeX compilation of ch1-rampfunctionexamplegraph.tex failed
INFO    : converting ch4-comparatorgraphfig.tex to ch4-comparatorgraphfig.pdf
ERROR   : LaTeX compilation of ch4-comparatorgraphfig.tex failed.
Re-run, requesting "source" as the format, to analyze the image.
Likely creating the entire document as PDF will fail similarly.
The transcript of the LaTeX run follows.
WARNING : LaTeX compilation of ch4-comparatorgraphfig.tex failed
INFO    : converting ch10-complex-power-exercise4-figure2.tex to ch10-complex-power-exercise4-figure2.pdf
ERROR   : LaTeX compilation of ch10-complex-power-exercise4-figure2.tex failed.
Re-run, requesting "source" as the format, to analyze the image.
Likely creating the entire document as PDF will fail similarly.
The transcript of the LaTeX run follows.
WARNING : LaTeX compilation of ch10-complex-power-exercise4-figure2.tex failed
INFO    : converting ch3-shortCircuitCurrentFigure.tex to ch3-shortCircuitCurrentFigure.pdf
ERROR   : LaTeX compilation of ch3-shortCircuitCurrentFigure.tex failed.
Re-run, requesting "source" as the format, to analyze the image.
Likely creating the entire document as PDF will fail similarly.
The transcript of the LaTeX run follows.
WARNING : LaTeX compilation of ch3-shortCircuitCurrentFigure.tex failed
INFO    : converting ch5generalrcexample1solution4.tex to ch5generalrcexample1solution4.pdf
ERROR   : LaTeX compilation of ch5generalrcexample1solution4.tex failed.
Re-run, requesting "source" as the format, to analyze the image.
Likely creating the entire document as PDF will fail similarly.
The transcript of the LaTeX run follows.
WARNING : LaTeX compilation of ch5generalrcexample1solution4.tex failed
INFO    : converting ch8-equivimpedance-ex5-figure1.tex to ch8-equivimpedance-ex5-figure1.pdf
ERROR   : LaTeX compilation of ch8-equivimpedance-ex5-figure1.tex failed.
Re-run, requesting "source" as the format, to analyze the image.
Likely creating the entire document as PDF will fail similarly.
The transcript of the LaTeX run follows.
WARNING : LaTeX compilation of ch8-equivimpedance-ex5-figure1.tex failed
INFO    : converting ch2-circuit28fig.tex to ch2-circuit28fig.pdf
ERROR   : LaTeX compilation of ch2-circuit28fig.tex failed.
Re-run, requesting "source" as the format, to analyze the image.
Likely creating the entire document as PDF will fail similarly.
The transcript of the LaTeX run follows.
WARNING : LaTeX compilation of ch2-circuit28fig.tex failed
INFO    : converting ch5-actualchargingrcexample4solution3.tex to ch5-actualchargingrcexample4solution3.pdf
ERROR   : LaTeX compilation of ch5-actualchargingrcexample4solution3.tex failed.
Re-run, requesting "source" as the format, to analyze the image.
Likely creating the entire document as PDF will fail similarly.
The transcript of the LaTeX run follows.
WARNING : LaTeX compilation of ch5-actualchargingrcexample4solution3.tex failed
INFO    : converting ch6-equivalentinductance-example4-solution6.tex to ch6-equivalentinductance-example4-solution6.pdf
ERROR   : LaTeX compilation of ch6-equivalentinductance-example4-solution6.tex failed.
Re-run, requesting "source" as the format, to analyze the image.
Likely creating the entire document as PDF will fail similarly.
The transcript of the LaTeX run follows.
WARNING : LaTeX compilation of ch6-equivalentinductance-example4-solution6.tex failed
INFO    : converting ch7-series-parallel-example3-figure1.tex to ch7-series-parallel-example3-figure1.pdf
ERROR   : LaTeX compilation of ch7-series-parallel-example3-figure1.tex failed.
Re-run, requesting "source" as the format, to analyze the image.
Likely creating the entire document as PDF will fail similarly.
The transcript of the LaTeX run follows.
WARNING : LaTeX compilation of ch7-series-parallel-example3-figure1.tex failed
INFO    : converting ch2-currentdividerexmeshesfig2.tex to ch2-currentdividerexmeshesfig2.pdf
ERROR   : LaTeX compilation of ch2-currentdividerexmeshesfig2.tex failed.
Re-run, requesting "source" as the format, to analyze the image.
Likely creating the entire document as PDF will fail similarly.
The transcript of the LaTeX run follows.
WARNING : LaTeX compilation of ch2-currentdividerexmeshesfig2.tex failed
INFO    : converting ch7-challenge-example2-figure2.tex to ch7-challenge-example2-figure2.pdf
ERROR   : LaTeX compilation of ch7-challenge-example2-figure2.tex failed.
Re-run, requesting "source" as the format, to analyze the image.
Likely creating the entire document as PDF will fail similarly.
The transcript of the LaTeX run follows.
WARNING : LaTeX compilation of ch7-challenge-example2-figure2.tex failed
INFO    : converting ch5-ch5-discontinuouscurrent.tex to ch5-ch5-discontinuouscurrent.pdf
ERROR   : LaTeX compilation of ch5-ch5-discontinuouscurrent.tex failed.
Re-run, requesting "source" as the format, to analyze the image.
Likely creating the entire document as PDF will fail similarly.
The transcript of the LaTeX run follows.
WARNING : LaTeX compilation of ch5-ch5-discontinuouscurrent.tex failed
INFO    : converting ch6-equivalentinductance-example5-solution8.tex to ch6-equivalentinductance-example5-solution8.pdf
ERROR   : LaTeX compilation of ch6-equivalentinductance-example5-solution8.tex failed.
Re-run, requesting "source" as the format, to analyze the image.
Likely creating the entire document as PDF will fail similarly.
The transcript of the LaTeX run follows.
WARNING : LaTeX compilation of ch6-equivalentinductance-example5-solution8.tex failed
INFO    : converting ch6-generalexample1fig4.tex to ch6-generalexample1fig4.pdf
ERROR   : LaTeX compilation of ch6-generalexample1fig4.tex failed.
Re-run, requesting "source" as the format, to analyze the image.
Likely creating the entire document as PDF will fail similarly.
The transcript of the LaTeX run follows.
WARNING : LaTeX compilation of ch6-generalexample1fig4.tex failed
INFO    : converting ch5-equivalentcapexample1solution5.tex to ch5-equivalentcapexample1solution5.pdf
ERROR   : LaTeX compilation of ch5-equivalentcapexample1solution5.tex failed.
Re-run, requesting "source" as the format, to analyze the image.
Likely creating the entire document as PDF will fail similarly.
The transcript of the LaTeX run follows.
WARNING : LaTeX compilation of ch5-equivalentcapexample1solution5.tex failed
INFO    : converting ch1-circuit113exercise.tex to ch1-circuit113exercise.pdf
ERROR   : LaTeX compilation of ch1-circuit113exercise.tex failed.
Re-run, requesting "source" as the format, to analyze the image.
Likely creating the entire document as PDF will fail similarly.
The transcript of the LaTeX run follows.
WARNING : LaTeX compilation of ch1-circuit113exercise.tex failed
INFO    : converting ch9-active-firstorder-hpf-diagram3.tex to ch9-active-firstorder-hpf-diagram3.pdf
ERROR   : LaTeX compilation of ch9-active-firstorder-hpf-diagram3.tex failed.
Re-run, requesting "source" as the format, to analyze the image.
Likely creating the entire document as PDF will fail similarly.
The transcript of the LaTeX run follows.
WARNING : LaTeX compilation of ch9-active-firstorder-hpf-diagram3.tex failed
INFO    : converting ch3-theveninExample4.tex to ch3-theveninExample4.pdf
ERROR   : LaTeX compilation of ch3-theveninExample4.tex failed.
Re-run, requesting "source" as the format, to analyze the image.
Likely creating the entire document as PDF will fail similarly.
The transcript of the LaTeX run follows.
WARNING : LaTeX compilation of ch3-theveninExample4.tex failed
INFO    : converting ch9-complex-kcl-kvl-exercise2-diagram.tex to ch9-complex-kcl-kvl-exercise2-diagram.pdf
ERROR   : LaTeX compilation of ch9-complex-kcl-kvl-exercise2-diagram.tex failed.
Re-run, requesting "source" as the format, to analyze the image.
Likely creating the entire document as PDF will fail similarly.
The transcript of the LaTeX run follows.
WARNING : LaTeX compilation of ch9-complex-kcl-kvl-exercise2-diagram.tex failed
INFO    : converting ch6-equivalentinductanceexamplefig1.tex to ch6-equivalentinductanceexamplefig1.pdf
ERROR   : LaTeX compilation of ch6-equivalentinductanceexamplefig1.tex failed.
Re-run, requesting "source" as the format, to analyze the image.
Likely creating the entire document as PDF will fail similarly.
The transcript of the LaTeX run follows.
WARNING : LaTeX compilation of ch6-equivalentinductanceexamplefig1.tex failed
INFO    : converting ch9-filters-exercise3-diagram.tex to ch9-filters-exercise3-diagram.pdf
ERROR   : LaTeX compilation of ch9-filters-exercise3-diagram.tex failed.
Re-run, requesting "source" as the format, to analyze the image.
Likely creating the entire document as PDF will fail similarly.
The transcript of the LaTeX run follows.
WARNING : LaTeX compilation of ch9-filters-exercise3-diagram.tex failed
INFO    : converting ch5-opampintegratorfigure.tex to ch5-opampintegratorfigure.pdf
ERROR   : LaTeX compilation of ch5-opampintegratorfigure.tex failed.
Re-run, requesting "source" as the format, to analyze the image.
Likely creating the entire document as PDF will fail similarly.
The transcript of the LaTeX run follows.
WARNING : LaTeX compilation of ch5-opampintegratorfigure.tex failed
INFO    : converting ch2-circuit211fig.tex to ch2-circuit211fig.pdf
ERROR   : LaTeX compilation of ch2-circuit211fig.tex failed.
Re-run, requesting "source" as the format, to analyze the image.
Likely creating the entire document as PDF will fail similarly.
The transcript of the LaTeX run follows.
WARNING : LaTeX compilation of ch2-circuit211fig.tex failed
INFO    : converting ch9-cplx-norton-example-figure4.tex to ch9-cplx-norton-example-figure4.pdf
ERROR   : LaTeX compilation of ch9-cplx-norton-example-figure4.tex failed.
Re-run, requesting "source" as the format, to analyze the image.
Likely creating the entire document as PDF will fail similarly.
The transcript of the LaTeX run follows.
WARNING : LaTeX compilation of ch9-cplx-norton-example-figure4.tex failed
INFO    : converting ch5-parallelcapdiagram.tex to ch5-parallelcapdiagram.pdf
ERROR   : LaTeX compilation of ch5-parallelcapdiagram.tex failed.
Re-run, requesting "source" as the format, to analyze the image.
Likely creating the entire document as PDF will fail similarly.
The transcript of the LaTeX run follows.
WARNING : LaTeX compilation of ch5-parallelcapdiagram.tex failed
INFO    : converting ch2-resistorserieslength.tex to ch2-resistorserieslength.pdf
ERROR   : LaTeX compilation of ch2-resistorserieslength.tex failed.
Re-run, requesting "source" as the format, to analyze the image.
Likely creating the entire document as PDF will fail similarly.
The transcript of the LaTeX run follows.
WARNING : LaTeX compilation of ch2-resistorserieslength.tex failed
INFO    : converting ch5-generalrcexample4.tex to ch5-generalrcexample4.pdf
ERROR   : LaTeX compilation of ch5-generalrcexample4.tex failed.
Re-run, requesting "source" as the format, to analyze the image.
Likely creating the entire document as PDF will fail similarly.
The transcript of the LaTeX run follows.
WARNING : LaTeX compilation of ch5-generalrcexample4.tex failed
INFO    : converting ch7-challenge-example1-figure2.tex to ch7-challenge-example1-figure2.pdf
ERROR   : LaTeX compilation of ch7-challenge-example1-figure2.tex failed.
Re-run, requesting "source" as the format, to analyze the image.
Likely creating the entire document as PDF will fail similarly.
The transcript of the LaTeX run follows.
WARNING : LaTeX compilation of ch7-challenge-example1-figure2.tex failed
INFO    : converting ch3-maximumPowerFigure.tex to ch3-maximumPowerFigure.pdf
ERROR   : LaTeX compilation of ch3-maximumPowerFigure.tex failed.
Re-run, requesting "source" as the format, to analyze the image.
Likely creating the entire document as PDF will fail similarly.
The transcript of the LaTeX run follows.
WARNING : LaTeX compilation of ch3-maximumPowerFigure.tex failed
INFO    : converting ch3-circuit39figans2.tex to ch3-circuit39figans2.pdf
ERROR   : LaTeX compilation of ch3-circuit39figans2.tex failed.
Re-run, requesting "source" as the format, to analyze the image.
Likely creating the entire document as PDF will fail similarly.
The transcript of the LaTeX run follows.
WARNING : LaTeX compilation of ch3-circuit39figans2.tex failed
INFO    : converting ch6-general-rl-example5-solution11.tex to ch6-general-rl-example5-solution11.pdf
ERROR   : LaTeX compilation of ch6-general-rl-example5-solution11.tex failed.
Re-run, requesting "source" as the format, to analyze the image.
Likely creating the entire document as PDF will fail similarly.
The transcript of the LaTeX run follows.
WARNING : LaTeX compilation of ch6-general-rl-example5-solution11.tex failed
INFO    : converting ch4-examplecircuit410.tex to ch4-examplecircuit410.pdf
ERROR   : LaTeX compilation of ch4-examplecircuit410.tex failed.
Re-run, requesting "source" as the format, to analyze the image.
Likely creating the entire document as PDF will fail similarly.
The transcript of the LaTeX run follows.
WARNING : LaTeX compilation of ch4-examplecircuit410.tex failed
INFO    : converting ch5-chargingfromzeroendofchapter3.tex to ch5-chargingfromzeroendofchapter3.pdf
ERROR   : LaTeX compilation of ch5-chargingfromzeroendofchapter3.tex failed.
Re-run, requesting "source" as the format, to analyze the image.
Likely creating the entire document as PDF will fail similarly.
The transcript of the LaTeX run follows.
WARNING : LaTeX compilation of ch5-chargingfromzeroendofchapter3.tex failed
INFO    : converting ch6-general-rl-example5-solution7.tex to ch6-general-rl-example5-solution7.pdf
ERROR   : LaTeX compilation of ch6-general-rl-example5-solution7.tex failed.
Re-run, requesting "source" as the format, to analyze the image.
Likely creating the entire document as PDF will fail similarly.
The transcript of the LaTeX run follows.
WARNING : LaTeX compilation of ch6-general-rl-example5-solution7.tex failed
INFO    : converting ch1-exampletwoseriesvoltages.tex to ch1-exampletwoseriesvoltages.pdf
ERROR   : LaTeX compilation of ch1-exampletwoseriesvoltages.tex failed.
Re-run, requesting "source" as the format, to analyze the image.
Likely creating the entire document as PDF will fail similarly.
The transcript of the LaTeX run follows.
WARNING : LaTeX compilation of ch1-exampletwoseriesvoltages.tex failed
INFO    : converting ch11-fig-s-domain-capacitor.tex to ch11-fig-s-domain-capacitor.pdf
ERROR   : LaTeX compilation of ch11-fig-s-domain-capacitor.tex failed.
Re-run, requesting "source" as the format, to analyze the image.
Likely creating the entire document as PDF will fail similarly.
The transcript of the LaTeX run follows.
WARNING : LaTeX compilation of ch11-fig-s-domain-capacitor.tex failed
INFO    : converting ch3-superpositionNumericSubcircuitFigure5.tex to ch3-superpositionNumericSubcircuitFigure5.pdf
ERROR   : LaTeX compilation of ch3-superpositionNumericSubcircuitFigure5.tex failed.
Re-run, requesting "source" as the format, to analyze the image.
Likely creating the entire document as PDF will fail similarly.
The transcript of the LaTeX run follows.
WARNING : LaTeX compilation of ch3-superpositionNumericSubcircuitFigure5.tex failed
INFO    : converting ch3-circuit34fig.tex to ch3-circuit34fig.pdf
ERROR   : LaTeX compilation of ch3-circuit34fig.tex failed.
Re-run, requesting "source" as the format, to analyze the image.
Likely creating the entire document as PDF will fail similarly.
The transcript of the LaTeX run follows.
WARNING : LaTeX compilation of ch3-circuit34fig.tex failed
INFO    : converting ch5-chargingfromzerorcexample5solution2.tex to ch5-chargingfromzerorcexample5solution2.pdf
ERROR   : LaTeX compilation of ch5-chargingfromzerorcexample5solution2.tex failed.
Re-run, requesting "source" as the format, to analyze the image.
Likely creating the entire document as PDF will fail similarly.
The transcript of the LaTeX run follows.
WARNING : LaTeX compilation of ch5-chargingfromzerorcexample5solution2.tex failed
INFO    : converting ch8-deltawye-ex4-figure5.tex to ch8-deltawye-ex4-figure5.pdf
ERROR   : LaTeX compilation of ch8-deltawye-ex4-figure5.tex failed.
Re-run, requesting "source" as the format, to analyze the image.
Likely creating the entire document as PDF will fail similarly.
The transcript of the LaTeX run follows.
WARNING : LaTeX compilation of ch8-deltawye-ex4-figure5.tex failed
INFO    : converting ch4-cascadedinvertingexamplefig.tex to ch4-cascadedinvertingexamplefig.pdf
ERROR   : LaTeX compilation of ch4-cascadedinvertingexamplefig.tex failed.
Re-run, requesting "source" as the format, to analyze the image.
Likely creating the entire document as PDF will fail similarly.
The transcript of the LaTeX run follows.
WARNING : LaTeX compilation of ch4-cascadedinvertingexamplefig.tex failed
INFO    : converting ch8-delta-wye-impedance-example-figure4.tex to ch8-delta-wye-impedance-example-figure4.pdf
ERROR   : LaTeX compilation of ch8-delta-wye-impedance-example-figure4.tex failed.
Re-run, requesting "source" as the format, to analyze the image.
Likely creating the entire document as PDF will fail similarly.
The transcript of the LaTeX run follows.
WARNING : LaTeX compilation of ch8-delta-wye-impedance-example-figure4.tex failed
INFO    : converting ch9-complex-superposition-exercise5-figure2.tex to ch9-complex-superposition-exercise5-figure2.pdf
ERROR   : LaTeX compilation of ch9-complex-superposition-exercise5-figure2.tex failed.
Re-run, requesting "source" as the format, to analyze the image.
Likely creating the entire document as PDF will fail similarly.
The transcript of the LaTeX run follows.
WARNING : LaTeX compilation of ch9-complex-superposition-exercise5-figure2.tex failed
INFO    : converting ch3-circuit34figans1.tex to ch3-circuit34figans1.pdf
ERROR   : LaTeX compilation of ch3-circuit34figans1.tex failed.
Re-run, requesting "source" as the format, to analyze the image.
Likely creating the entire document as PDF will fail similarly.
The transcript of the LaTeX run follows.
WARNING : LaTeX compilation of ch3-circuit34figans1.tex failed
INFO    : converting ch9-transfer-functions-exercise3-diagram.tex to ch9-transfer-functions-exercise3-diagram.pdf
ERROR   : LaTeX compilation of ch9-transfer-functions-exercise3-diagram.tex failed.
Re-run, requesting "source" as the format, to analyze the image.
Likely creating the entire document as PDF will fail similarly.
The transcript of the LaTeX run follows.
WARNING : LaTeX compilation of ch9-transfer-functions-exercise3-diagram.tex failed
INFO    : converting ch5-equivcapexample4solution1.tex to ch5-equivcapexample4solution1.pdf
ERROR   : LaTeX compilation of ch5-equivcapexample4solution1.tex failed.
Re-run, requesting "source" as the format, to analyze the image.
Likely creating the entire document as PDF will fail similarly.
The transcript of the LaTeX run follows.
WARNING : LaTeX compilation of ch5-equivcapexample4solution1.tex failed
INFO    : converting ch9-complex-mesh-analysis-exercise1-diagram.tex to ch9-complex-mesh-analysis-exercise1-diagram.pdf
ERROR   : LaTeX compilation of ch9-complex-mesh-analysis-exercise1-diagram.tex failed.
Re-run, requesting "source" as the format, to analyze the image.
Likely creating the entire document as PDF will fail similarly.
The transcript of the LaTeX run follows.
WARNING : LaTeX compilation of ch9-complex-mesh-analysis-exercise1-diagram.tex failed
INFO    : converting ch9-cplx-superposition-example-figure2.tex to ch9-cplx-superposition-example-figure2.pdf
ERROR   : LaTeX compilation of ch9-cplx-superposition-example-figure2.tex failed.
Re-run, requesting "source" as the format, to analyze the image.
Likely creating the entire document as PDF will fail similarly.
The transcript of the LaTeX run follows.
WARNING : LaTeX compilation of ch9-cplx-superposition-example-figure2.tex failed
INFO    : converting ch5-homogeneouscircuitexamplequestion4.tex to ch5-homogeneouscircuitexamplequestion4.pdf
ERROR   : LaTeX compilation of ch5-homogeneouscircuitexamplequestion4.tex failed.
Re-run, requesting "source" as the format, to analyze the image.
Likely creating the entire document as PDF will fail similarly.
The transcript of the LaTeX run follows.
WARNING : LaTeX compilation of ch5-homogeneouscircuitexamplequestion4.tex failed
INFO    : converting ch2-deltacircuitdiagram.tex to ch2-deltacircuitdiagram.pdf
ERROR   : LaTeX compilation of ch2-deltacircuitdiagram.tex failed.
Re-run, requesting "source" as the format, to analyze the image.
Likely creating the entire document as PDF will fail similarly.
The transcript of the LaTeX run follows.
WARNING : LaTeX compilation of ch2-deltacircuitdiagram.tex failed
INFO    : converting ch3-circuit311figans2.tex to ch3-circuit311figans2.pdf
ERROR   : LaTeX compilation of ch3-circuit311figans2.tex failed.
Re-run, requesting "source" as the format, to analyze the image.
Likely creating the entire document as PDF will fail similarly.
The transcript of the LaTeX run follows.
WARNING : LaTeX compilation of ch3-circuit311figans2.tex failed
INFO    : converting ch6-generalexample2fig3.tex to ch6-generalexample2fig3.pdf
ERROR   : LaTeX compilation of ch6-generalexample2fig3.tex failed.
Re-run, requesting "source" as the format, to analyze the image.
Likely creating the entire document as PDF will fail similarly.
The transcript of the LaTeX run follows.
WARNING : LaTeX compilation of ch6-generalexample2fig3.tex failed
INFO    : converting ch6-generalexample2fig2.tex to ch6-generalexample2fig2.pdf
ERROR   : LaTeX compilation of ch6-generalexample2fig2.tex failed.
Re-run, requesting "source" as the format, to analyze the image.
Likely creating the entire document as PDF will fail similarly.
The transcript of the LaTeX run follows.
WARNING : LaTeX compilation of ch6-generalexample2fig2.tex failed
INFO    : converting ch2-referenceresistor.tex to ch2-referenceresistor.pdf
ERROR   : LaTeX compilation of ch2-referenceresistor.tex failed.
Re-run, requesting "source" as the format, to analyze the image.
Likely creating the entire document as PDF will fail similarly.
The transcript of the LaTeX run follows.
WARNING : LaTeX compilation of ch2-referenceresistor.tex failed
INFO    : converting ch5-rcchargingvoltcurrentquestion5.tex to ch5-rcchargingvoltcurrentquestion5.pdf
ERROR   : LaTeX compilation of ch5-rcchargingvoltcurrentquestion5.tex failed.
Re-run, requesting "source" as the format, to analyze the image.
Likely creating the entire document as PDF will fail similarly.
The transcript of the LaTeX run follows.
WARNING : LaTeX compilation of ch5-rcchargingvoltcurrentquestion5.tex failed
INFO    : converting ch4-twolinearequations.tex to ch4-twolinearequations.pdf
ERROR   : LaTeX compilation of ch4-twolinearequations.tex failed.
Re-run, requesting "source" as the format, to analyze the image.
Likely creating the entire document as PDF will fail similarly.
The transcript of the LaTeX run follows.
WARNING : LaTeX compilation of ch4-twolinearequations.tex failed
INFO    : converting ch9-cplx-superposition-example-figure3.tex to ch9-cplx-superposition-example-figure3.pdf
ERROR   : LaTeX compilation of ch9-cplx-superposition-example-figure3.tex failed.
Re-run, requesting "source" as the format, to analyze the image.
Likely creating the entire document as PDF will fail similarly.
The transcript of the LaTeX run follows.
WARNING : LaTeX compilation of ch9-cplx-superposition-example-figure3.tex failed
INFO    : converting ch9-filters-exercse2-diagram.tex to ch9-filters-exercse2-diagram.pdf
ERROR   : LaTeX compilation of ch9-filters-exercse2-diagram.tex failed.
Re-run, requesting "source" as the format, to analyze the image.
Likely creating the entire document as PDF will fail similarly.
The transcript of the LaTeX run follows.
WARNING : LaTeX compilation of ch9-filters-exercse2-diagram.tex failed
INFO    : converting ch9-complex-thevenin-exercise2-diagram.tex to ch9-complex-thevenin-exercise2-diagram.pdf
ERROR   : LaTeX compilation of ch9-complex-thevenin-exercise2-diagram.tex failed.
Re-run, requesting "source" as the format, to analyze the image.
Likely creating the entire document as PDF will fail similarly.
The transcript of the LaTeX run follows.
WARNING : LaTeX compilation of ch9-complex-thevenin-exercise2-diagram.tex failed
INFO    : converting elementarysignals120exercise-3-2-2.tex to elementarysignals120exercise-3-2-2.pdf
ERROR   : LaTeX compilation of elementarysignals120exercise-3-2-2.tex failed.
Re-run, requesting "source" as the format, to analyze the image.
Likely creating the entire document as PDF will fail similarly.
The transcript of the LaTeX run follows.
WARNING : LaTeX compilation of elementarysignals120exercise-3-2-2.tex failed
INFO    : converting ch9-complex-mesh-analysis-exercise4-figure1.tex to ch9-complex-mesh-analysis-exercise4-figure1.pdf
ERROR   : LaTeX compilation of ch9-complex-mesh-analysis-exercise4-figure1.tex failed.
Re-run, requesting "source" as the format, to analyze the image.
Likely creating the entire document as PDF will fail similarly.
The transcript of the LaTeX run follows.
WARNING : LaTeX compilation of ch9-complex-mesh-analysis-exercise4-figure1.tex failed
INFO    : converting ch9-complex-superposition-exercise5-figure3.tex to ch9-complex-superposition-exercise5-figure3.pdf
ERROR   : LaTeX compilation of ch9-complex-superposition-exercise5-figure3.tex failed.
Re-run, requesting "source" as the format, to analyze the image.
Likely creating the entire document as PDF will fail similarly.
The transcript of the LaTeX run follows.
WARNING : LaTeX compilation of ch9-complex-superposition-exercise5-figure3.tex failed
INFO    : converting ch8-delta-wye-impedance-example-figure5.tex to ch8-delta-wye-impedance-example-figure5.pdf
ERROR   : LaTeX compilation of ch8-delta-wye-impedance-example-figure5.tex failed.
Re-run, requesting "source" as the format, to analyze the image.
Likely creating the entire document as PDF will fail similarly.
The transcript of the LaTeX run follows.
WARNING : LaTeX compilation of ch8-delta-wye-impedance-example-figure5.tex failed
INFO    : converting ch4-singleendedamp.tex to ch4-singleendedamp.pdf
ERROR   : LaTeX compilation of ch4-singleendedamp.tex failed.
Re-run, requesting "source" as the format, to analyze the image.
Likely creating the entire document as PDF will fail similarly.
The transcript of the LaTeX run follows.
WARNING : LaTeX compilation of ch4-singleendedamp.tex failed
INFO    : converting ch5-parallelcaps-8-2-4-2.tex to ch5-parallelcaps-8-2-4-2.pdf
ERROR   : LaTeX compilation of ch5-parallelcaps-8-2-4-2.tex failed.
Re-run, requesting "source" as the format, to analyze the image.
Likely creating the entire document as PDF will fail similarly.
The transcript of the LaTeX run follows.
WARNING : LaTeX compilation of ch5-parallelcaps-8-2-4-2.tex failed
INFO    : converting ch7-series-rlc-example2-diagram.tex to ch7-series-rlc-example2-diagram.pdf
ERROR   : LaTeX compilation of ch7-series-rlc-example2-diagram.tex failed.
Re-run, requesting "source" as the format, to analyze the image.
Likely creating the entire document as PDF will fail similarly.
The transcript of the LaTeX run follows.
WARNING : LaTeX compilation of ch7-series-rlc-example2-diagram.tex failed
INFO    : converting ch7-non-homogeneous-example1-figure1.tex to ch7-non-homogeneous-example1-figure1.pdf
ERROR   : LaTeX compilation of ch7-non-homogeneous-example1-figure1.tex failed.
Re-run, requesting "source" as the format, to analyze the image.
Likely creating the entire document as PDF will fail similarly.
The transcript of the LaTeX run follows.
WARNING : LaTeX compilation of ch7-non-homogeneous-example1-figure1.tex failed
INFO    : converting ch5-chargingfromzerorcexample5solution3.tex to ch5-chargingfromzerorcexample5solution3.pdf
ERROR   : LaTeX compilation of ch5-chargingfromzerorcexample5solution3.tex failed.
Re-run, requesting "source" as the format, to analyze the image.
Likely creating the entire document as PDF will fail similarly.
The transcript of the LaTeX run follows.
WARNING : LaTeX compilation of ch5-chargingfromzerorcexample5solution3.tex failed
INFO    : converting ch8-deltawye-ex4-figure4.tex to ch8-deltawye-ex4-figure4.pdf
ERROR   : LaTeX compilation of ch8-deltawye-ex4-figure4.tex failed.
Re-run, requesting "source" as the format, to analyze the image.
Likely creating the entire document as PDF will fail similarly.
The transcript of the LaTeX run follows.
WARNING : LaTeX compilation of ch8-deltawye-ex4-figure4.tex failed
INFO    : converting ch6-general-rl-example5-solution6.tex to ch6-general-rl-example5-solution6.pdf
ERROR   : LaTeX compilation of ch6-general-rl-example5-solution6.tex failed.
Re-run, requesting "source" as the format, to analyze the image.
Likely creating the entire document as PDF will fail similarly.
The transcript of the LaTeX run follows.
WARNING : LaTeX compilation of ch6-general-rl-example5-solution6.tex failed
INFO    : converting ch7-underdamped-overdamped-graph.tex to ch7-underdamped-overdamped-graph.pdf
ERROR   : LaTeX compilation of ch7-underdamped-overdamped-graph.tex failed.
Re-run, requesting "source" as the format, to analyze the image.
Likely creating the entire document as PDF will fail similarly.
The transcript of the LaTeX run follows.
WARNING : LaTeX compilation of ch7-underdamped-overdamped-graph.tex failed
INFO    : converting ch6-general-rl-example5-solution10.tex to ch6-general-rl-example5-solution10.pdf
ERROR   : LaTeX compilation of ch6-general-rl-example5-solution10.tex failed.
Re-run, requesting "source" as the format, to analyze the image.
Likely creating the entire document as PDF will fail similarly.
The transcript of the LaTeX run follows.
WARNING : LaTeX compilation of ch6-general-rl-example5-solution10.tex failed
INFO    : converting ch4-examplecircuit411.tex to ch4-examplecircuit411.pdf
ERROR   : LaTeX compilation of ch4-examplecircuit411.tex failed.
Re-run, requesting "source" as the format, to analyze the image.
Likely creating the entire document as PDF will fail similarly.
The transcript of the LaTeX run follows.
WARNING : LaTeX compilation of ch4-examplecircuit411.tex failed
INFO    : converting ch2-circuit25figansdelta2.tex to ch2-circuit25figansdelta2.pdf
ERROR   : LaTeX compilation of ch2-circuit25figansdelta2.tex failed.
Re-run, requesting "source" as the format, to analyze the image.
Likely creating the entire document as PDF will fail similarly.
The transcript of the LaTeX run follows.
WARNING : LaTeX compilation of ch2-circuit25figansdelta2.tex failed
INFO    : converting ch3-superpositionNumericSubcircuitFigure3b.tex to ch3-superpositionNumericSubcircuitFigure3b.pdf
ERROR   : LaTeX compilation of ch3-superpositionNumericSubcircuitFigure3b.tex failed.
Re-run, requesting "source" as the format, to analyze the image.
Likely creating the entire document as PDF will fail similarly.
The transcript of the LaTeX run follows.
WARNING : LaTeX compilation of ch3-superpositionNumericSubcircuitFigure3b.tex failed
INFO    : converting ch3-circuit39figans3.tex to ch3-circuit39figans3.pdf
ERROR   : LaTeX compilation of ch3-circuit39figans3.tex failed.
Re-run, requesting "source" as the format, to analyze the image.
Likely creating the entire document as PDF will fail similarly.
The transcript of the LaTeX run follows.
WARNING : LaTeX compilation of ch3-circuit39figans3.tex failed
INFO    : converting ch10-correct-capacitive-load-figure1.tex to ch10-correct-capacitive-load-figure1.pdf
ERROR   : LaTeX compilation of ch10-correct-capacitive-load-figure1.tex failed.
Re-run, requesting "source" as the format, to analyze the image.
Likely creating the entire document as PDF will fail similarly.
The transcript of the LaTeX run follows.
WARNING : LaTeX compilation of ch10-correct-capacitive-load-figure1.tex failed
INFO    : converting ch5-generalrcexample5.tex to ch5-generalrcexample5.pdf
ERROR   : LaTeX compilation of ch5-generalrcexample5.tex failed.
Re-run, requesting "source" as the format, to analyze the image.
Likely creating the entire document as PDF will fail similarly.
The transcript of the LaTeX run follows.
WARNING : LaTeX compilation of ch5-generalrcexample5.tex failed
INFO    : converting ch9-voltage-source-transformed-current.tex to ch9-voltage-source-transformed-current.pdf
ERROR   : LaTeX compilation of ch9-voltage-source-transformed-current.tex failed.
Re-run, requesting "source" as the format, to analyze the image.
Likely creating the entire document as PDF will fail similarly.
The transcript of the LaTeX run follows.
WARNING : LaTeX compilation of ch9-voltage-source-transformed-current.tex failed
INFO    : converting ch9-cplx-mesh-example-figure1.tex to ch9-cplx-mesh-example-figure1.pdf
ERROR   : LaTeX compilation of ch9-cplx-mesh-example-figure1.tex failed.
Re-run, requesting "source" as the format, to analyze the image.
Likely creating the entire document as PDF will fail similarly.
The transcript of the LaTeX run follows.
WARNING : LaTeX compilation of ch9-cplx-mesh-example-figure1.tex failed
INFO    : converting ch9-cplx-norton-example-figure5.tex to ch9-cplx-norton-example-figure5.pdf
ERROR   : LaTeX compilation of ch9-cplx-norton-example-figure5.tex failed.
Re-run, requesting "source" as the format, to analyze the image.
Likely creating the entire document as PDF will fail similarly.
The transcript of the LaTeX run follows.
WARNING : LaTeX compilation of ch9-cplx-norton-example-figure5.tex failed
INFO    : converting ch6-chargingfromzeroexample1fig1.tex to ch6-chargingfromzeroexample1fig1.pdf
ERROR   : LaTeX compilation of ch6-chargingfromzeroexample1fig1.tex failed.
Re-run, requesting "source" as the format, to analyze the image.
Likely creating the entire document as PDF will fail similarly.
The transcript of the LaTeX run follows.
WARNING : LaTeX compilation of ch6-chargingfromzeroexample1fig1.tex failed
INFO    : converting elementarysignals117exercise-4-12-2.tex to elementarysignals117exercise-4-12-2.pdf
ERROR   : LaTeX compilation of elementarysignals117exercise-4-12-2.tex failed.
Re-run, requesting "source" as the format, to analyze the image.
Likely creating the entire document as PDF will fail similarly.
The transcript of the LaTeX run follows.
WARNING : LaTeX compilation of elementarysignals117exercise-4-12-2.tex failed
INFO    : converting ch9-complex-source-transformation-exercise2-figure2.tex to ch9-complex-source-transformation-exercise2-figure2.pdf
ERROR   : LaTeX compilation of ch9-complex-source-transformation-exercise2-figure2.tex failed.
Re-run, requesting "source" as the format, to analyze the image.
Likely creating the entire document as PDF will fail similarly.
The transcript of the LaTeX run follows.
WARNING : LaTeX compilation of ch9-complex-source-transformation-exercise2-figure2.tex failed
INFO    : converting ch6-rl-general-example4-diagram.tex to ch6-rl-general-example4-diagram.pdf
ERROR   : LaTeX compilation of ch6-rl-general-example4-diagram.tex failed.
Re-run, requesting "source" as the format, to analyze the image.
Likely creating the entire document as PDF will fail similarly.
The transcript of the LaTeX run follows.
WARNING : LaTeX compilation of ch6-rl-general-example4-diagram.tex failed
INFO    : converting ch9-hpf-example1-bode.tex to ch9-hpf-example1-bode.pdf
ERROR   : LaTeX compilation of ch9-hpf-example1-bode.tex failed.
Re-run, requesting "source" as the format, to analyze the image.
Likely creating the entire document as PDF will fail similarly.
The transcript of the LaTeX run follows.
WARNING : LaTeX compilation of ch9-hpf-example1-bode.tex failed
INFO    : converting ch9-active-firstorder-hpf-diagram2.tex to ch9-active-firstorder-hpf-diagram2.pdf
ERROR   : LaTeX compilation of ch9-active-firstorder-hpf-diagram2.tex failed.
Re-run, requesting "source" as the format, to analyze the image.
Likely creating the entire document as PDF will fail similarly.
The transcript of the LaTeX run follows.
WARNING : LaTeX compilation of ch9-active-firstorder-hpf-diagram2.tex failed
INFO    : converting ch9-cplx-voltage-divider-example-figure4.tex to ch9-cplx-voltage-divider-example-figure4.pdf
ERROR   : LaTeX compilation of ch9-cplx-voltage-divider-example-figure4.tex failed.
Re-run, requesting "source" as the format, to analyze the image.
Likely creating the entire document as PDF will fail similarly.
The transcript of the LaTeX run follows.
WARNING : LaTeX compilation of ch9-cplx-voltage-divider-example-figure4.tex failed
INFO    : converting ch6-chargingfromzeroexample1fig3.tex to ch6-chargingfromzeroexample1fig3.pdf
ERROR   : LaTeX compilation of ch6-chargingfromzeroexample1fig3.tex failed.
Re-run, requesting "source" as the format, to analyze the image.
Likely creating the entire document as PDF will fail similarly.
The transcript of the LaTeX run follows.
WARNING : LaTeX compilation of ch6-chargingfromzeroexample1fig3.tex failed
INFO    : converting ch6-equivalentinductanceexamplefig2.tex to ch6-equivalentinductanceexamplefig2.pdf
ERROR   : LaTeX compilation of ch6-equivalentinductanceexamplefig2.tex failed.
Re-run, requesting "source" as the format, to analyze the image.
Likely creating the entire document as PDF will fail similarly.
The transcript of the LaTeX run follows.
WARNING : LaTeX compilation of ch6-equivalentinductanceexamplefig2.tex failed
INFO    : converting ch9-cplx-mesh-example-figure3.tex to ch9-cplx-mesh-example-figure3.pdf
ERROR   : LaTeX compilation of ch9-cplx-mesh-example-figure3.tex failed.
Re-run, requesting "source" as the format, to analyze the image.
Likely creating the entire document as PDF will fail similarly.
The transcript of the LaTeX run follows.
WARNING : LaTeX compilation of ch9-cplx-mesh-example-figure3.tex failed
INFO    : converting ch9-cplx-norton-example-figure7.tex to ch9-cplx-norton-example-figure7.pdf
ERROR   : LaTeX compilation of ch9-cplx-norton-example-figure7.tex failed.
Re-run, requesting "source" as the format, to analyze the image.
Likely creating the entire document as PDF will fail similarly.
The transcript of the LaTeX run follows.
WARNING : LaTeX compilation of ch9-cplx-norton-example-figure7.tex failed
INFO    : converting ch5-generalrcexample7.tex to ch5-generalrcexample7.pdf
ERROR   : LaTeX compilation of ch5-generalrcexample7.tex failed.
Re-run, requesting "source" as the format, to analyze the image.
Likely creating the entire document as PDF will fail similarly.
The transcript of the LaTeX run follows.
WARNING : LaTeX compilation of ch5-generalrcexample7.tex failed
INFO    : converting ch3-circuit314figans4.tex to ch3-circuit314figans4.pdf
ERROR   : LaTeX compilation of ch3-circuit314figans4.tex failed.
Re-run, requesting "source" as the format, to analyze the image.
Likely creating the entire document as PDF will fail similarly.
The transcript of the LaTeX run follows.
WARNING : LaTeX compilation of ch3-circuit314figans4.tex failed
INFO    : converting ch7-challenge-example1-figure1.tex to ch7-challenge-example1-figure1.pdf
ERROR   : LaTeX compilation of ch7-challenge-example1-figure1.tex failed.
Re-run, requesting "source" as the format, to analyze the image.
Likely creating the entire document as PDF will fail similarly.
The transcript of the LaTeX run follows.
WARNING : LaTeX compilation of ch7-challenge-example1-figure1.tex failed
INFO    : converting ch9-first-order-lpf-rl.tex to ch9-first-order-lpf-rl.pdf
ERROR   : LaTeX compilation of ch9-first-order-lpf-rl.tex failed.
Re-run, requesting "source" as the format, to analyze the image.
Likely creating the entire document as PDF will fail similarly.
The transcript of the LaTeX run follows.
WARNING : LaTeX compilation of ch9-first-order-lpf-rl.tex failed
INFO    : converting ch10-correct-capacitive-load-figure3.tex to ch10-correct-capacitive-load-figure3.pdf
ERROR   : LaTeX compilation of ch10-correct-capacitive-load-figure3.tex failed.
Re-run, requesting "source" as the format, to analyze the image.
Likely creating the entire document as PDF will fail similarly.
The transcript of the LaTeX run follows.
WARNING : LaTeX compilation of ch10-correct-capacitive-load-figure3.tex failed
INFO    : converting ch4-examplecircuit413.tex to ch4-examplecircuit413.pdf
ERROR   : LaTeX compilation of ch4-examplecircuit413.tex failed.
Re-run, requesting "source" as the format, to analyze the image.
Likely creating the entire document as PDF will fail similarly.
The transcript of the LaTeX run follows.
WARNING : LaTeX compilation of ch4-examplecircuit413.tex failed
INFO    : converting ch6-general-rl-example5-solution12.tex to ch6-general-rl-example5-solution12.pdf
ERROR   : LaTeX compilation of ch6-general-rl-example5-solution12.tex failed.
Re-run, requesting "source" as the format, to analyze the image.
Likely creating the entire document as PDF will fail similarly.
The transcript of the LaTeX run follows.
WARNING : LaTeX compilation of ch6-general-rl-example5-solution12.tex failed
INFO    : converting ch3-circuit39figans1.tex to ch3-circuit39figans1.pdf
ERROR   : LaTeX compilation of ch3-circuit39figans1.tex failed.
Re-run, requesting "source" as the format, to analyze the image.
Likely creating the entire document as PDF will fail similarly.
The transcript of the LaTeX run follows.
WARNING : LaTeX compilation of ch3-circuit39figans1.tex failed
INFO    : converting ch3-superpositionNumericSubcircuitFigure6.tex to ch3-superpositionNumericSubcircuitFigure6.pdf
ERROR   : LaTeX compilation of ch3-superpositionNumericSubcircuitFigure6.tex failed.
Re-run, requesting "source" as the format, to analyze the image.
Likely creating the entire document as PDF will fail similarly.
The transcript of the LaTeX run follows.
WARNING : LaTeX compilation of ch3-superpositionNumericSubcircuitFigure6.tex failed
INFO    : converting ch7-homogeneous-example3-figure1.tex to ch7-homogeneous-example3-figure1.pdf
ERROR   : LaTeX compilation of ch7-homogeneous-example3-figure1.tex failed.
Re-run, requesting "source" as the format, to analyze the image.
Likely creating the entire document as PDF will fail similarly.
The transcript of the LaTeX run follows.
WARNING : LaTeX compilation of ch7-homogeneous-example3-figure1.tex failed
INFO    : converting ch6-general-rl-example5-solution4.tex to ch6-general-rl-example5-solution4.pdf
ERROR   : LaTeX compilation of ch6-general-rl-example5-solution4.tex failed.
Re-run, requesting "source" as the format, to analyze the image.
Likely creating the entire document as PDF will fail similarly.
The transcript of the LaTeX run follows.
WARNING : LaTeX compilation of ch6-general-rl-example5-solution4.tex failed
INFO    : converting ch9-stable-pole-zeros.tex to ch9-stable-pole-zeros.pdf
ERROR   : LaTeX compilation of ch9-stable-pole-zeros.tex failed.
Re-run, requesting "source" as the format, to analyze the image.
Likely creating the entire document as PDF will fail similarly.
The transcript of the LaTeX run follows.
WARNING : LaTeX compilation of ch9-stable-pole-zeros.tex failed
INFO    : converting ch9-ch9-complex-superposition-exercise2-figure3.tex to ch9-ch9-complex-superposition-exercise2-figure3.pdf
ERROR   : LaTeX compilation of ch9-ch9-complex-superposition-exercise2-figure3.tex failed.
Re-run, requesting "source" as the format, to analyze the image.
Likely creating the entire document as PDF will fail similarly.
The transcript of the LaTeX run follows.
WARNING : LaTeX compilation of ch9-ch9-complex-superposition-exercise2-figure3.tex failed
INFO    : converting ch10-max-power-exercise1-diagram.tex to ch10-max-power-exercise1-diagram.pdf
ERROR   : LaTeX compilation of ch10-max-power-exercise1-diagram.tex failed.
Re-run, requesting "source" as the format, to analyze the image.
Likely creating the entire document as PDF will fail similarly.
The transcript of the LaTeX run follows.
WARNING : LaTeX compilation of ch10-max-power-exercise1-diagram.tex failed
INFO    : converting ch7-non-homogeneous-example1-figure3.tex to ch7-non-homogeneous-example1-figure3.pdf
ERROR   : LaTeX compilation of ch7-non-homogeneous-example1-figure3.tex failed.
Re-run, requesting "source" as the format, to analyze the image.
Likely creating the entire document as PDF will fail similarly.
The transcript of the LaTeX run follows.
WARNING : LaTeX compilation of ch7-non-homogeneous-example1-figure3.tex failed
INFO    : converting ch5-chargingfromzerorcexample5solution1.tex to ch5-chargingfromzerorcexample5solution1.pdf
ERROR   : LaTeX compilation of ch5-chargingfromzerorcexample5solution1.tex failed.
Re-run, requesting "source" as the format, to analyze the image.
Likely creating the entire document as PDF will fail similarly.
The transcript of the LaTeX run follows.
WARNING : LaTeX compilation of ch5-chargingfromzerorcexample5solution1.tex failed
INFO    : converting ch3-circuit34figans2.tex to ch3-circuit34figans2.pdf
ERROR   : LaTeX compilation of ch3-circuit34figans2.tex failed.
Re-run, requesting "source" as the format, to analyze the image.
Likely creating the entire document as PDF will fail similarly.
The transcript of the LaTeX run follows.
WARNING : LaTeX compilation of ch3-circuit34figans2.tex failed
INFO    : converting ch1-differentiatingstepfunctiongraph.tex to ch1-differentiatingstepfunctiongraph.pdf
ERROR   : LaTeX compilation of ch1-differentiatingstepfunctiongraph.tex failed.
Re-run, requesting "source" as the format, to analyze the image.
Likely creating the entire document as PDF will fail similarly.
The transcript of the LaTeX run follows.
WARNING : LaTeX compilation of ch1-differentiatingstepfunctiongraph.tex failed
INFO    : converting ch9-complex-superposition-exercise5-figure1.tex to ch9-complex-superposition-exercise5-figure1.pdf
ERROR   : LaTeX compilation of ch9-complex-superposition-exercise5-figure1.tex failed.
Re-run, requesting "source" as the format, to analyze the image.
Likely creating the entire document as PDF will fail similarly.
The transcript of the LaTeX run follows.
WARNING : LaTeX compilation of ch9-complex-superposition-exercise5-figure1.tex failed
INFO    : converting ch5-equivcapexample4solution2.tex to ch5-equivcapexample4solution2.pdf
ERROR   : LaTeX compilation of ch5-equivcapexample4solution2.tex failed.
Re-run, requesting "source" as the format, to analyze the image.
Likely creating the entire document as PDF will fail similarly.
The transcript of the LaTeX run follows.
WARNING : LaTeX compilation of ch5-equivcapexample4solution2.tex failed
INFO    : converting ch11-sdomain-analysis-exercise5-diagram.tex to ch11-sdomain-analysis-exercise5-diagram.pdf
ERROR   : LaTeX compilation of ch11-sdomain-analysis-exercise5-diagram.tex failed.
Re-run, requesting "source" as the format, to analyze the image.
Likely creating the entire document as PDF will fail similarly.
The transcript of the LaTeX run follows.
WARNING : LaTeX compilation of ch11-sdomain-analysis-exercise5-diagram.tex failed
INFO    : converting ch9-cplx-superposition-example-figure1.tex to ch9-cplx-superposition-example-figure1.pdf
ERROR   : LaTeX compilation of ch9-cplx-superposition-example-figure1.tex failed.
Re-run, requesting "source" as the format, to analyze the image.
Likely creating the entire document as PDF will fail similarly.
The transcript of the LaTeX run follows.
WARNING : LaTeX compilation of ch9-cplx-superposition-example-figure1.tex failed
INFO    : converting ch8-delta-wye-impedances-delta.tex to ch8-delta-wye-impedances-delta.pdf
ERROR   : LaTeX compilation of ch8-delta-wye-impedances-delta.tex failed.
Re-run, requesting "source" as the format, to analyze the image.
Likely creating the entire document as PDF will fail similarly.
The transcript of the LaTeX run follows.
WARNING : LaTeX compilation of ch8-delta-wye-impedances-delta.tex failed
INFO    : converting ch5-parallelcaps-8-2-6-2.tex to ch5-parallelcaps-8-2-6-2.pdf
ERROR   : LaTeX compilation of ch5-parallelcaps-8-2-6-2.tex failed.
Re-run, requesting "source" as the format, to analyze the image.
Likely creating the entire document as PDF will fail similarly.
The transcript of the LaTeX run follows.
WARNING : LaTeX compilation of ch5-parallelcaps-8-2-6-2.tex failed
INFO    : converting ch3-circuit311figans1.tex to ch3-circuit311figans1.pdf
ERROR   : LaTeX compilation of ch3-circuit311figans1.tex failed.
Re-run, requesting "source" as the format, to analyze the image.
Likely creating the entire document as PDF will fail similarly.
The transcript of the LaTeX run follows.
WARNING : LaTeX compilation of ch3-circuit311figans1.tex failed
INFO    : converting ch4-pwmcktfig.tex to ch4-pwmcktfig.pdf
ERROR   : LaTeX compilation of ch4-pwmcktfig.tex failed.
Re-run, requesting "source" as the format, to analyze the image.
Likely creating the entire document as PDF will fail similarly.
The transcript of the LaTeX run follows.
WARNING : LaTeX compilation of ch4-pwmcktfig.tex failed
INFO    : converting ch3-circuit313fig.tex to ch3-circuit313fig.pdf
ERROR   : LaTeX compilation of ch3-circuit313fig.tex failed.
Re-run, requesting "source" as the format, to analyze the image.
Likely creating the entire document as PDF will fail similarly.
The transcript of the LaTeX run follows.
WARNING : LaTeX compilation of ch3-circuit313fig.tex failed
INFO    : converting ch6-generalexample2fig1.tex to ch6-generalexample2fig1.pdf
ERROR   : LaTeX compilation of ch6-generalexample2fig1.tex failed.
Re-run, requesting "source" as the format, to analyze the image.
Likely creating the entire document as PDF will fail similarly.
The transcript of the LaTeX run follows.
WARNING : LaTeX compilation of ch6-generalexample2fig1.tex failed
INFO    : converting ch5-seriescapsfig.tex to ch5-seriescapsfig.pdf
ERROR   : LaTeX compilation of ch5-seriescapsfig.tex failed.
Re-run, requesting "source" as the format, to analyze the image.
Likely creating the entire document as PDF will fail similarly.
The transcript of the LaTeX run follows.
WARNING : LaTeX compilation of ch5-seriescapsfig.tex failed
INFO    : converting ch8-equivalent-impedance-exercise3-diagram.tex to ch8-equivalent-impedance-exercise3-diagram.pdf
ERROR   : LaTeX compilation of ch8-equivalent-impedance-exercise3-diagram.tex failed.
Re-run, requesting "source" as the format, to analyze the image.
Likely creating the entire document as PDF will fail similarly.
The transcript of the LaTeX run follows.
WARNING : LaTeX compilation of ch8-equivalent-impedance-exercise3-diagram.tex failed
INFO    : converting ch5-homogeneousrcatzeroplus.tex to ch5-homogeneousrcatzeroplus.pdf
ERROR   : LaTeX compilation of ch5-homogeneousrcatzeroplus.tex failed.
Re-run, requesting "source" as the format, to analyze the image.
Likely creating the entire document as PDF will fail similarly.
The transcript of the LaTeX run follows.
WARNING : LaTeX compilation of ch5-homogeneousrcatzeroplus.tex failed
INFO    : converting ch5-equivcapexample4solution3.tex to ch5-equivcapexample4solution3.pdf
ERROR   : LaTeX compilation of ch5-equivcapexample4solution3.tex failed.
Re-run, requesting "source" as the format, to analyze the image.
Likely creating the entire document as PDF will fail similarly.
The transcript of the LaTeX run follows.
WARNING : LaTeX compilation of ch5-equivcapexample4solution3.tex failed
INFO    : converting ch2-cktloopmesh.tex to ch2-cktloopmesh.pdf
ERROR   : LaTeX compilation of ch2-cktloopmesh.tex failed.
Re-run, requesting "source" as the format, to analyze the image.
Likely creating the entire document as PDF will fail similarly.
The transcript of the LaTeX run follows.
WARNING : LaTeX compilation of ch2-cktloopmesh.tex failed
INFO    : converting ch9-cplx-current-voltage-divider-example1-diagram.tex to ch9-cplx-current-voltage-divider-example1-diagram.pdf
ERROR   : LaTeX compilation of ch9-cplx-current-voltage-divider-example1-diagram.tex failed.
Re-run, requesting "source" as the format, to analyze the image.
Likely creating the entire document as PDF will fail similarly.
The transcript of the LaTeX run follows.
WARNING : LaTeX compilation of ch9-cplx-current-voltage-divider-example1-diagram.tex failed
INFO    : converting ch3-circuit34figans3.tex to ch3-circuit34figans3.pdf
ERROR   : LaTeX compilation of ch3-circuit34figans3.tex failed.
Re-run, requesting "source" as the format, to analyze the image.
Likely creating the entire document as PDF will fail similarly.
The transcript of the LaTeX run follows.
WARNING : LaTeX compilation of ch3-circuit34figans3.tex failed
INFO    : converting ch5-parallelplatewithcharge.tex to ch5-parallelplatewithcharge.pdf
ERROR   : LaTeX compilation of ch5-parallelplatewithcharge.tex failed.
Re-run, requesting "source" as the format, to analyze the image.
Likely creating the entire document as PDF will fail similarly.
The transcript of the LaTeX run follows.
WARNING : LaTeX compilation of ch5-parallelplatewithcharge.tex failed
INFO    : converting ch7-homogeneous-critically-damped-graph.tex to ch7-homogeneous-critically-damped-graph.pdf
ERROR   : LaTeX compilation of ch7-homogeneous-critically-damped-graph.tex failed.
Re-run, requesting "source" as the format, to analyze the image.
Likely creating the entire document as PDF will fail similarly.
The transcript of the LaTeX run follows.
WARNING : LaTeX compilation of ch7-homogeneous-critically-damped-graph.tex failed
INFO    : converting ch7-non-homogeneous-example1-figure2.tex to ch7-non-homogeneous-example1-figure2.pdf
ERROR   : LaTeX compilation of ch7-non-homogeneous-example1-figure2.tex failed.
Re-run, requesting "source" as the format, to analyze the image.
Likely creating the entire document as PDF will fail similarly.
The transcript of the LaTeX run follows.
WARNING : LaTeX compilation of ch7-non-homogeneous-example1-figure2.tex failed
INFO    : converting ch6-rl-charging-example2-diagram.tex to ch6-rl-charging-example2-diagram.pdf
ERROR   : LaTeX compilation of ch6-rl-charging-example2-diagram.tex failed.
Re-run, requesting "source" as the format, to analyze the image.
Likely creating the entire document as PDF will fail similarly.
The transcript of the LaTeX run follows.
WARNING : LaTeX compilation of ch6-rl-charging-example2-diagram.tex failed
INFO    : converting ch9-ch9-complex-superposition-exercise2-figure2.tex to ch9-ch9-complex-superposition-exercise2-figure2.pdf
ERROR   : LaTeX compilation of ch9-ch9-complex-superposition-exercise2-figure2.tex failed.
Re-run, requesting "source" as the format, to analyze the image.
Likely creating the entire document as PDF will fail similarly.
The transcript of the LaTeX run follows.
WARNING : LaTeX compilation of ch9-ch9-complex-superposition-exercise2-figure2.tex failed
INFO    : converting ch6-general-rl-example5-solution5.tex to ch6-general-rl-example5-solution5.pdf
ERROR   : LaTeX compilation of ch6-general-rl-example5-solution5.tex failed.
Re-run, requesting "source" as the format, to analyze the image.
Likely creating the entire document as PDF will fail similarly.
The transcript of the LaTeX run follows.
WARNING : LaTeX compilation of ch6-general-rl-example5-solution5.tex failed
INFO    : converting ch2-circuit25figansdelta1.tex to ch2-circuit25figansdelta1.pdf
ERROR   : LaTeX compilation of ch2-circuit25figansdelta1.tex failed.
Re-run, requesting "source" as the format, to analyze the image.
Likely creating the entire document as PDF will fail similarly.
The transcript of the LaTeX run follows.
WARNING : LaTeX compilation of ch2-circuit25figansdelta1.tex failed
INFO    : converting ch5-chargingfromzeroendofchapter1.tex to ch5-chargingfromzeroendofchapter1.pdf
ERROR   : LaTeX compilation of ch5-chargingfromzeroendofchapter1.tex failed.
Re-run, requesting "source" as the format, to analyze the image.
Likely creating the entire document as PDF will fail similarly.
The transcript of the LaTeX run follows.
WARNING : LaTeX compilation of ch5-chargingfromzeroendofchapter1.tex failed
INFO    : converting ch4-examplecircuit412.tex to ch4-examplecircuit412.pdf
ERROR   : LaTeX compilation of ch4-examplecircuit412.tex failed.
Re-run, requesting "source" as the format, to analyze the image.
Likely creating the entire document as PDF will fail similarly.
The transcript of the LaTeX run follows.
WARNING : LaTeX compilation of ch4-examplecircuit412.tex failed
INFO    : converting ch10-correct-capacitive-load-figure2.tex to ch10-correct-capacitive-load-figure2.pdf
ERROR   : LaTeX compilation of ch10-correct-capacitive-load-figure2.tex failed.
Re-run, requesting "source" as the format, to analyze the image.
Likely creating the entire document as PDF will fail similarly.
The transcript of the LaTeX run follows.
WARNING : LaTeX compilation of ch10-correct-capacitive-load-figure2.tex failed
INFO    : converting ch10-power-factor-correction-exercise2-diagram.tex to ch10-power-factor-correction-exercise2-diagram.pdf
ERROR   : LaTeX compilation of ch10-power-factor-correction-exercise2-diagram.tex failed.
Re-run, requesting "source" as the format, to analyze the image.
Likely creating the entire document as PDF will fail similarly.
The transcript of the LaTeX run follows.
WARNING : LaTeX compilation of ch10-power-factor-correction-exercise2-diagram.tex failed
INFO    : converting ch12-555astableoutput.tex to ch12-555astableoutput.pdf
ERROR   : LaTeX compilation of ch12-555astableoutput.tex failed.
Re-run, requesting "source" as the format, to analyze the image.
Likely creating the entire document as PDF will fail similarly.
The transcript of the LaTeX run follows.
WARNING : LaTeX compilation of ch12-555astableoutput.tex failed
INFO    : converting ch2-threenodes.tex to ch2-threenodes.pdf
ERROR   : LaTeX compilation of ch2-threenodes.tex failed.
Re-run, requesting "source" as the format, to analyze the image.
Likely creating the entire document as PDF will fail similarly.
The transcript of the LaTeX run follows.
WARNING : LaTeX compilation of ch2-threenodes.tex failed
INFO    : converting ch5-generalrcexample6.tex to ch5-generalrcexample6.pdf
ERROR   : LaTeX compilation of ch5-generalrcexample6.tex failed.
Re-run, requesting "source" as the format, to analyze the image.
Likely creating the entire document as PDF will fail similarly.
The transcript of the LaTeX run follows.
WARNING : LaTeX compilation of ch5-generalrcexample6.tex failed
INFO    : converting ch9-cplx-norton-example-figure6.tex to ch9-cplx-norton-example-figure6.pdf
ERROR   : LaTeX compilation of ch9-cplx-norton-example-figure6.tex failed.
Re-run, requesting "source" as the format, to analyze the image.
Likely creating the entire document as PDF will fail similarly.
The transcript of the LaTeX run follows.
WARNING : LaTeX compilation of ch9-cplx-norton-example-figure6.tex failed
INFO    : converting ch9-cplx-mesh-example-figure2.tex to ch9-cplx-mesh-example-figure2.pdf
ERROR   : LaTeX compilation of ch9-cplx-mesh-example-figure2.tex failed.
Re-run, requesting "source" as the format, to analyze the image.
Likely creating the entire document as PDF will fail similarly.
The transcript of the LaTeX run follows.
WARNING : LaTeX compilation of ch9-cplx-mesh-example-figure2.tex failed
INFO    : converting ch7-challenge-second-example5-diagram.tex to ch7-challenge-second-example5-diagram.pdf
ERROR   : LaTeX compilation of ch7-challenge-second-example5-diagram.tex failed.
Re-run, requesting "source" as the format, to analyze the image.
Likely creating the entire document as PDF will fail similarly.
The transcript of the LaTeX run follows.
WARNING : LaTeX compilation of ch7-challenge-second-example5-diagram.tex failed
INFO    : converting ch9-complex-source-transformation-exercise2-figure1.tex to ch9-complex-source-transformation-exercise2-figure1.pdf
ERROR   : LaTeX compilation of ch9-complex-source-transformation-exercise2-figure1.tex failed.
Re-run, requesting "source" as the format, to analyze the image.
Likely creating the entire document as PDF will fail similarly.
The transcript of the LaTeX run follows.
WARNING : LaTeX compilation of ch9-complex-source-transformation-exercise2-figure1.tex failed
INFO    : converting ch10-complex-power-exercise2-diagram.tex to ch10-complex-power-exercise2-diagram.pdf
ERROR   : LaTeX compilation of ch10-complex-power-exercise2-diagram.tex failed.
Re-run, requesting "source" as the format, to analyze the image.
Likely creating the entire document as PDF will fail similarly.
The transcript of the LaTeX run follows.
WARNING : LaTeX compilation of ch10-complex-power-exercise2-diagram.tex failed
INFO    : converting ch6-chargingfromzeroexample1fig2.tex to ch6-chargingfromzeroexample1fig2.pdf
ERROR   : LaTeX compilation of ch6-chargingfromzeroexample1fig2.tex failed.
Re-run, requesting "source" as the format, to analyze the image.
Likely creating the entire document as PDF will fail similarly.
The transcript of the LaTeX run follows.
WARNING : LaTeX compilation of ch6-chargingfromzeroexample1fig2.tex failed
INFO    : converting ch9-active-firstorder-hpf-diagram1.tex to ch9-active-firstorder-hpf-diagram1.pdf
ERROR   : LaTeX compilation of ch9-active-firstorder-hpf-diagram1.tex failed.
Re-run, requesting "source" as the format, to analyze the image.
Likely creating the entire document as PDF will fail similarly.
The transcript of the LaTeX run follows.
WARNING : LaTeX compilation of ch9-active-firstorder-hpf-diagram1.tex failed
INFO    : converting ch4-noninvertingopampcktfigure.tex to ch4-noninvertingopampcktfigure.pdf
ERROR   : LaTeX compilation of ch4-noninvertingopampcktfigure.tex failed.
Re-run, requesting "source" as the format, to analyze the image.
Likely creating the entire document as PDF will fail similarly.
The transcript of the LaTeX run follows.
WARNING : LaTeX compilation of ch4-noninvertingopampcktfigure.tex failed
INFO    : converting ch1-powerdeliverorabsorb.tex to ch1-powerdeliverorabsorb.pdf
ERROR   : LaTeX compilation of ch1-powerdeliverorabsorb.tex failed.
Re-run, requesting "source" as the format, to analyze the image.
Likely creating the entire document as PDF will fail similarly.
The transcript of the LaTeX run follows.
WARNING : LaTeX compilation of ch1-powerdeliverorabsorb.tex failed
INFO    : converting ch2-kvlexample1.tex to ch2-kvlexample1.pdf
ERROR   : LaTeX compilation of ch2-kvlexample1.tex failed.
Re-run, requesting "source" as the format, to analyze the image.
Likely creating the entire document as PDF will fail similarly.
The transcript of the LaTeX run follows.
WARNING : LaTeX compilation of ch2-kvlexample1.tex failed
INFO    : converting ch5-chargingfromzerorcexample4solution3.tex to ch5-chargingfromzerorcexample4solution3.pdf
ERROR   : LaTeX compilation of ch5-chargingfromzerorcexample4solution3.tex failed.
Re-run, requesting "source" as the format, to analyze the image.
Likely creating the entire document as PDF will fail similarly.
The transcript of the LaTeX run follows.
WARNING : LaTeX compilation of ch5-chargingfromzerorcexample4solution3.tex failed
INFO    : converting ch3-theveninExample2.tex to ch3-theveninExample2.pdf
ERROR   : LaTeX compilation of ch3-theveninExample2.tex failed.
Re-run, requesting "source" as the format, to analyze the image.
Likely creating the entire document as PDF will fail similarly.
The transcript of the LaTeX run follows.
WARNING : LaTeX compilation of ch3-theveninExample2.tex failed
INFO    : converting ch3-circuit31figans2.tex to ch3-circuit31figans2.pdf
ERROR   : LaTeX compilation of ch3-circuit31figans2.tex failed.
Re-run, requesting "source" as the format, to analyze the image.
Likely creating the entire document as PDF will fail similarly.
The transcript of the LaTeX run follows.
WARNING : LaTeX compilation of ch3-circuit31figans2.tex failed
INFO    : converting ch4-voltagediv9to5.tex to ch4-voltagediv9to5.pdf
ERROR   : LaTeX compilation of ch4-voltagediv9to5.tex failed.
Re-run, requesting "source" as the format, to analyze the image.
Likely creating the entire document as PDF will fail similarly.
The transcript of the LaTeX run follows.
WARNING : LaTeX compilation of ch4-voltagediv9to5.tex failed
INFO    : converting ch9-cplx-voltage-divider-example-figure1.tex to ch9-cplx-voltage-divider-example-figure1.pdf
ERROR   : LaTeX compilation of ch9-cplx-voltage-divider-example-figure1.tex failed.
Re-run, requesting "source" as the format, to analyze the image.
Likely creating the entire document as PDF will fail similarly.
The transcript of the LaTeX run follows.
WARNING : LaTeX compilation of ch9-cplx-voltage-divider-example-figure1.tex failed
INFO    : converting ch3-circuit311fig.tex to ch3-circuit311fig.pdf
ERROR   : LaTeX compilation of ch3-circuit311fig.tex failed.
Re-run, requesting "source" as the format, to analyze the image.
Likely creating the entire document as PDF will fail similarly.
The transcript of the LaTeX run follows.
WARNING : LaTeX compilation of ch3-circuit311fig.tex failed
INFO    : converting ch9-cplx-norton-example-figure2.tex to ch9-cplx-norton-example-figure2.pdf
ERROR   : LaTeX compilation of ch9-cplx-norton-example-figure2.tex failed.
Re-run, requesting "source" as the format, to analyze the image.
Likely creating the entire document as PDF will fail similarly.
The transcript of the LaTeX run follows.
WARNING : LaTeX compilation of ch9-cplx-norton-example-figure2.tex failed
INFO    : converting ch6-chargingrlcircuit-example4-diagram.tex to ch6-chargingrlcircuit-example4-diagram.pdf
ERROR   : LaTeX compilation of ch6-chargingrlcircuit-example4-diagram.tex failed.
Re-run, requesting "source" as the format, to analyze the image.
Likely creating the entire document as PDF will fail similarly.
The transcript of the LaTeX run follows.
WARNING : LaTeX compilation of ch6-chargingrlcircuit-example4-diagram.tex failed
INFO    : converting ch9-first-order-hpf-rc.tex to ch9-first-order-hpf-rc.pdf
ERROR   : LaTeX compilation of ch9-first-order-hpf-rc.tex failed.
Re-run, requesting "source" as the format, to analyze the image.
Likely creating the entire document as PDF will fail similarly.
The transcript of the LaTeX run follows.
WARNING : LaTeX compilation of ch9-first-order-hpf-rc.tex failed
INFO    : converting ch6-parasiticinductor.tex to ch6-parasiticinductor.pdf
ERROR   : LaTeX compilation of ch6-parasiticinductor.tex failed.
Re-run, requesting "source" as the format, to analyze the image.
Likely creating the entire document as PDF will fail similarly.
The transcript of the LaTeX run follows.
WARNING : LaTeX compilation of ch6-parasiticinductor.tex failed
INFO    : converting ch9-lpf-example1-bode.tex to ch9-lpf-example1-bode.pdf
ERROR   : LaTeX compilation of ch9-lpf-example1-bode.tex failed.
Re-run, requesting "source" as the format, to analyze the image.
Likely creating the entire document as PDF will fail similarly.
The transcript of the LaTeX run follows.
WARNING : LaTeX compilation of ch9-lpf-example1-bode.tex failed
INFO    : converting ch5-generalrcexample2.tex to ch5-generalrcexample2.pdf
ERROR   : LaTeX compilation of ch5-generalrcexample2.tex failed.
Re-run, requesting "source" as the format, to analyze the image.
Likely creating the entire document as PDF will fail similarly.
The transcript of the LaTeX run follows.
WARNING : LaTeX compilation of ch5-generalrcexample2.tex failed
INFO    : converting ch3-circuit314figans1.tex to ch3-circuit314figans1.pdf
ERROR   : LaTeX compilation of ch3-circuit314figans1.tex failed.
Re-run, requesting "source" as the format, to analyze the image.
Likely creating the entire document as PDF will fail similarly.
The transcript of the LaTeX run follows.
WARNING : LaTeX compilation of ch3-circuit314figans1.tex failed
INFO    : converting ch6-general-rl-example5-solution1.tex to ch6-general-rl-example5-solution1.pdf
ERROR   : LaTeX compilation of ch6-general-rl-example5-solution1.tex failed.
Re-run, requesting "source" as the format, to analyze the image.
Likely creating the entire document as PDF will fail similarly.
The transcript of the LaTeX run follows.
WARNING : LaTeX compilation of ch6-general-rl-example5-solution1.tex failed
INFO    : converting ch10-max-power-exercise4-diagram.tex to ch10-max-power-exercise4-diagram.pdf
ERROR   : LaTeX compilation of ch10-max-power-exercise4-diagram.tex failed.
Re-run, requesting "source" as the format, to analyze the image.
Likely creating the entire document as PDF will fail similarly.
The transcript of the LaTeX run follows.
WARNING : LaTeX compilation of ch10-max-power-exercise4-diagram.tex failed
INFO    : converting ch3-superpositionNumericSubcircuitFigure3.tex to ch3-superpositionNumericSubcircuitFigure3.pdf
ERROR   : LaTeX compilation of ch3-superpositionNumericSubcircuitFigure3.tex failed.
Re-run, requesting "source" as the format, to analyze the image.
Likely creating the entire document as PDF will fail similarly.
The transcript of the LaTeX run follows.
WARNING : LaTeX compilation of ch3-superpositionNumericSubcircuitFigure3.tex failed
INFO    : converting ch1-exampletwoseriesvoltagesother.tex to ch1-exampletwoseriesvoltagesother.pdf
ERROR   : LaTeX compilation of ch1-exampletwoseriesvoltagesother.tex failed.
Re-run, requesting "source" as the format, to analyze the image.
Likely creating the entire document as PDF will fail similarly.
The transcript of the LaTeX run follows.
WARNING : LaTeX compilation of ch1-exampletwoseriesvoltagesother.tex failed
INFO    : converting ch5-variablecapsymbol.tex to ch5-variablecapsymbol.pdf
ERROR   : LaTeX compilation of ch5-variablecapsymbol.tex failed.
Re-run, requesting "source" as the format, to analyze the image.
Likely creating the entire document as PDF will fail similarly.
The transcript of the LaTeX run follows.
WARNING : LaTeX compilation of ch5-variablecapsymbol.tex failed
INFO    : converting ch5-chargingfromzeroendofchapter5.tex to ch5-chargingfromzeroendofchapter5.pdf
ERROR   : LaTeX compilation of ch5-chargingfromzeroendofchapter5.tex failed.
Re-run, requesting "source" as the format, to analyze the image.
Likely creating the entire document as PDF will fail similarly.
The transcript of the LaTeX run follows.
WARNING : LaTeX compilation of ch5-chargingfromzeroendofchapter5.tex failed
INFO    : converting ch3-circuit39figans4.tex to ch3-circuit39figans4.pdf
ERROR   : LaTeX compilation of ch3-circuit39figans4.tex failed.
Re-run, requesting "source" as the format, to analyze the image.
Likely creating the entire document as PDF will fail similarly.
The transcript of the LaTeX run follows.
WARNING : LaTeX compilation of ch3-circuit39figans4.tex failed
INFO    : converting ch2-circuit22fig.tex to ch2-circuit22fig.pdf
ERROR   : LaTeX compilation of ch2-circuit22fig.tex failed.
Re-run, requesting "source" as the format, to analyze the image.
Likely creating the entire document as PDF will fail similarly.
The transcript of the LaTeX run follows.
WARNING : LaTeX compilation of ch2-circuit22fig.tex failed
INFO    : converting ch7-series-parallel-example5-figure2.tex to ch7-series-parallel-example5-figure2.pdf
ERROR   : LaTeX compilation of ch7-series-parallel-example5-figure2.tex failed.
Re-run, requesting "source" as the format, to analyze the image.
Likely creating the entire document as PDF will fail similarly.
The transcript of the LaTeX run follows.
WARNING : LaTeX compilation of ch7-series-parallel-example5-figure2.tex failed
INFO    : converting ch5-chargingfromzerorcexample5solution4.tex to ch5-chargingfromzerorcexample5solution4.pdf
ERROR   : LaTeX compilation of ch5-chargingfromzerorcexample5solution4.tex failed.
Re-run, requesting "source" as the format, to analyze the image.
Likely creating the entire document as PDF will fail similarly.
The transcript of the LaTeX run follows.
WARNING : LaTeX compilation of ch5-chargingfromzerorcexample5solution4.tex failed
INFO    : converting ch8-deltawye-ex4-figure3.tex to ch8-deltawye-ex4-figure3.pdf
ERROR   : LaTeX compilation of ch8-deltawye-ex4-figure3.tex failed.
Re-run, requesting "source" as the format, to analyze the image.
Likely creating the entire document as PDF will fail similarly.
The transcript of the LaTeX run follows.
WARNING : LaTeX compilation of ch8-deltawye-ex4-figure3.tex failed
INFO    : converting ch4-examplecircuit48.tex to ch4-examplecircuit48.pdf
ERROR   : LaTeX compilation of ch4-examplecircuit48.tex failed.
Re-run, requesting "source" as the format, to analyze the image.
Likely creating the entire document as PDF will fail similarly.
The transcript of the LaTeX run follows.
WARNING : LaTeX compilation of ch4-examplecircuit48.tex failed
INFO    : converting ch8-equivimpedance-ex3-figure2.tex to ch8-equivimpedance-ex3-figure2.pdf
ERROR   : LaTeX compilation of ch8-equivimpedance-ex3-figure2.tex failed.
Re-run, requesting "source" as the format, to analyze the image.
Likely creating the entire document as PDF will fail similarly.
The transcript of the LaTeX run follows.
WARNING : LaTeX compilation of ch8-equivimpedance-ex3-figure2.tex failed
INFO    : converting ch10-power-factor-correction-exercise2-figure1.tex to ch10-power-factor-correction-exercise2-figure1.pdf
ERROR   : LaTeX compilation of ch10-power-factor-correction-exercise2-figure1.tex failed.
Re-run, requesting "source" as the format, to analyze the image.
Likely creating the entire document as PDF will fail similarly.
The transcript of the LaTeX run follows.
WARNING : LaTeX compilation of ch10-power-factor-correction-exercise2-figure1.tex failed
INFO    : converting ch8-delta-wye-impedance-example-figure2.tex to ch8-delta-wye-impedance-example-figure2.pdf
ERROR   : LaTeX compilation of ch8-delta-wye-impedance-example-figure2.tex failed.
Re-run, requesting "source" as the format, to analyze the image.
Likely creating the entire document as PDF will fail similarly.
The transcript of the LaTeX run follows.
WARNING : LaTeX compilation of ch8-delta-wye-impedance-example-figure2.tex failed
INFO    : converting ch9-complex-superposition-exercise5-figure4.tex to ch9-complex-superposition-exercise5-figure4.pdf
ERROR   : LaTeX compilation of ch9-complex-superposition-exercise5-figure4.tex failed.
Re-run, requesting "source" as the format, to analyze the image.
Likely creating the entire document as PDF will fail similarly.
The transcript of the LaTeX run follows.
WARNING : LaTeX compilation of ch9-complex-superposition-exercise5-figure4.tex failed
INFO    : converting ch3-circuit34figans7.tex to ch3-circuit34figans7.pdf
ERROR   : LaTeX compilation of ch3-circuit34figans7.tex failed.
Re-run, requesting "source" as the format, to analyze the image.
Likely creating the entire document as PDF will fail similarly.
The transcript of the LaTeX run follows.
WARNING : LaTeX compilation of ch3-circuit34figans7.tex failed
INFO    : converting ch8-equivalent-deltawye-exercise5-diagram.tex to ch8-equivalent-deltawye-exercise5-diagram.pdf
ERROR   : LaTeX compilation of ch8-equivalent-deltawye-exercise5-diagram.tex failed.
Re-run, requesting "source" as the format, to analyze the image.
Likely creating the entire document as PDF will fail similarly.
The transcript of the LaTeX run follows.
WARNING : LaTeX compilation of ch8-equivalent-deltawye-exercise5-diagram.tex failed
INFO    : converting ch9-cplx-superposition-example-figure4.tex to ch9-cplx-superposition-example-figure4.pdf
ERROR   : LaTeX compilation of ch9-cplx-superposition-example-figure4.tex failed.
Re-run, requesting "source" as the format, to analyze the image.
Likely creating the entire document as PDF will fail similarly.
The transcript of the LaTeX run follows.
WARNING : LaTeX compilation of ch9-cplx-superposition-example-figure4.tex failed
INFO    : converting ch5-equivcapexample4solution7.tex to ch5-equivcapexample4solution7.pdf
ERROR   : LaTeX compilation of ch5-equivcapexample4solution7.tex failed.
Re-run, requesting "source" as the format, to analyze the image.
Likely creating the entire document as PDF will fail similarly.
The transcript of the LaTeX run follows.
WARNING : LaTeX compilation of ch5-equivcapexample4solution7.tex failed
INFO    : converting ch6-homogeneous-rl-example4-diagram.tex to ch6-homogeneous-rl-example4-diagram.pdf
ERROR   : LaTeX compilation of ch6-homogeneous-rl-example4-diagram.tex failed.
Re-run, requesting "source" as the format, to analyze the image.
Likely creating the entire document as PDF will fail similarly.
The transcript of the LaTeX run follows.
WARNING : LaTeX compilation of ch6-homogeneous-rl-example4-diagram.tex failed
INFO    : converting ch6-homogeneousrlcircuit-example1-diagram.tex to ch6-homogeneousrlcircuit-example1-diagram.pdf
ERROR   : LaTeX compilation of ch6-homogeneousrlcircuit-example1-diagram.tex failed.
Re-run, requesting "source" as the format, to analyze the image.
Likely creating the entire document as PDF will fail similarly.
The transcript of the LaTeX run follows.
WARNING : LaTeX compilation of ch6-homogeneousrlcircuit-example1-diagram.tex failed
INFO    : converting ch6-generalexample2fig5.tex to ch6-generalexample2fig5.pdf
ERROR   : LaTeX compilation of ch6-generalexample2fig5.tex failed.
Re-run, requesting "source" as the format, to analyze the image.
Likely creating the entire document as PDF will fail similarly.
The transcript of the LaTeX run follows.
WARNING : LaTeX compilation of ch6-generalexample2fig5.tex failed
INFO    : converting ch5-generalrccircuitexamplecircuit4.tex to ch5-generalrccircuitexamplecircuit4.pdf
ERROR   : LaTeX compilation of ch5-generalrccircuitexamplecircuit4.tex failed.
Re-run, requesting "source" as the format, to analyze the image.
Likely creating the entire document as PDF will fail similarly.
The transcript of the LaTeX run follows.
WARNING : LaTeX compilation of ch5-generalrccircuitexamplecircuit4.tex failed
INFO    : converting ch6-generalexample2fig4.tex to ch6-generalexample2fig4.pdf
ERROR   : LaTeX compilation of ch6-generalexample2fig4.tex failed.
Re-run, requesting "source" as the format, to analyze the image.
Likely creating the entire document as PDF will fail similarly.
The transcript of the LaTeX run follows.
WARNING : LaTeX compilation of ch6-generalexample2fig4.tex failed
INFO    : converting ch9-filters-exercise3-figure2.tex to ch9-filters-exercise3-figure2.pdf
ERROR   : LaTeX compilation of ch9-filters-exercise3-figure2.tex failed.
Re-run, requesting "source" as the format, to analyze the image.
Likely creating the entire document as PDF will fail similarly.
The transcript of the LaTeX run follows.
WARNING : LaTeX compilation of ch9-filters-exercise3-figure2.tex failed
INFO    : converting ch9-complex-kcl-kvl-exercise2-figure2.tex to ch9-complex-kcl-kvl-exercise2-figure2.pdf
ERROR   : LaTeX compilation of ch9-complex-kcl-kvl-exercise2-figure2.tex failed.
Re-run, requesting "source" as the format, to analyze the image.
Likely creating the entire document as PDF will fail similarly.
The transcript of the LaTeX run follows.
WARNING : LaTeX compilation of ch9-complex-kcl-kvl-exercise2-figure2.tex failed
INFO    : converting ch5-equivcapexample4solution6.tex to ch5-equivcapexample4solution6.pdf
ERROR   : LaTeX compilation of ch5-equivcapexample4solution6.tex failed.
Re-run, requesting "source" as the format, to analyze the image.
Likely creating the entire document as PDF will fail similarly.
The transcript of the LaTeX run follows.
WARNING : LaTeX compilation of ch5-equivcapexample4solution6.tex failed
INFO    : converting ch10-maximum-power-transfer-exercise5-figure2.tex to ch10-maximum-power-transfer-exercise5-figure2.pdf
ERROR   : LaTeX compilation of ch10-maximum-power-transfer-exercise5-figure2.tex failed.
Re-run, requesting "source" as the format, to analyze the image.
Likely creating the entire document as PDF will fail similarly.
The transcript of the LaTeX run follows.
WARNING : LaTeX compilation of ch10-maximum-power-transfer-exercise5-figure2.tex failed
INFO    : converting ch9-cplx-superposition-example-figure5.tex to ch9-cplx-superposition-example-figure5.pdf
ERROR   : LaTeX compilation of ch9-cplx-superposition-example-figure5.tex failed.
Re-run, requesting "source" as the format, to analyze the image.
Likely creating the entire document as PDF will fail similarly.
The transcript of the LaTeX run follows.
WARNING : LaTeX compilation of ch9-cplx-superposition-example-figure5.tex failed
INFO    : converting ch9-complex-superposition-exercise5-figure5.tex to ch9-complex-superposition-exercise5-figure5.pdf
ERROR   : LaTeX compilation of ch9-complex-superposition-exercise5-figure5.tex failed.
Re-run, requesting "source" as the format, to analyze the image.
Likely creating the entire document as PDF will fail similarly.
The transcript of the LaTeX run follows.
WARNING : LaTeX compilation of ch9-complex-superposition-exercise5-figure5.tex failed
INFO    : converting ch8-delta-wye-impedance-example-figure3.tex to ch8-delta-wye-impedance-example-figure3.pdf
ERROR   : LaTeX compilation of ch8-delta-wye-impedance-example-figure3.tex failed.
Re-run, requesting "source" as the format, to analyze the image.
Likely creating the entire document as PDF will fail similarly.
The transcript of the LaTeX run follows.
WARNING : LaTeX compilation of ch8-delta-wye-impedance-example-figure3.tex failed
INFO    : converting ch3-circuit34figans6.tex to ch3-circuit34figans6.pdf
ERROR   : LaTeX compilation of ch3-circuit34figans6.tex failed.
Re-run, requesting "source" as the format, to analyze the image.
Likely creating the entire document as PDF will fail similarly.
The transcript of the LaTeX run follows.
WARNING : LaTeX compilation of ch3-circuit34figans6.tex failed
INFO    : converting ch6-equivalentinductance-example2-diagram.tex to ch6-equivalentinductance-example2-diagram.pdf
ERROR   : LaTeX compilation of ch6-equivalentinductance-example2-diagram.tex failed.
Re-run, requesting "source" as the format, to analyze the image.
Likely creating the entire document as PDF will fail similarly.
The transcript of the LaTeX run follows.
WARNING : LaTeX compilation of ch6-equivalentinductance-example2-diagram.tex failed
INFO    : converting ch5-chargingfromzerorcexample5solution5.tex to ch5-chargingfromzerorcexample5solution5.pdf
ERROR   : LaTeX compilation of ch5-chargingfromzerorcexample5solution5.tex failed.
Re-run, requesting "source" as the format, to analyze the image.
Likely creating the entire document as PDF will fail similarly.
The transcript of the LaTeX run follows.
WARNING : LaTeX compilation of ch5-chargingfromzerorcexample5solution5.tex failed
INFO    : converting ch4-examplecircuit49.tex to ch4-examplecircuit49.pdf
ERROR   : LaTeX compilation of ch4-examplecircuit49.tex failed.
Re-run, requesting "source" as the format, to analyze the image.
Likely creating the entire document as PDF will fail similarly.
The transcript of the LaTeX run follows.
WARNING : LaTeX compilation of ch4-examplecircuit49.tex failed
INFO    : converting ch8-deltawye-ex4-figure2.tex to ch8-deltawye-ex4-figure2.pdf
ERROR   : LaTeX compilation of ch8-deltawye-ex4-figure2.tex failed.
Re-run, requesting "source" as the format, to analyze the image.
Likely creating the entire document as PDF will fail similarly.
The transcript of the LaTeX run follows.
WARNING : LaTeX compilation of ch8-deltawye-ex4-figure2.tex failed
INFO    : converting ch1-sinewave.tex to ch1-sinewave.pdf
ERROR   : LaTeX compilation of ch1-sinewave.tex failed.
Re-run, requesting "source" as the format, to analyze the image.
Likely creating the entire document as PDF will fail similarly.
The transcript of the LaTeX run follows.
WARNING : LaTeX compilation of ch1-sinewave.tex failed
INFO    : converting ch7-series-parallel-example5-figure3.tex to ch7-series-parallel-example5-figure3.pdf
ERROR   : LaTeX compilation of ch7-series-parallel-example5-figure3.tex failed.
Re-run, requesting "source" as the format, to analyze the image.
Likely creating the entire document as PDF will fail similarly.
The transcript of the LaTeX run follows.
WARNING : LaTeX compilation of ch7-series-parallel-example5-figure3.tex failed
INFO    : converting ch7-nonhomogeneous-example4-diagram.tex to ch7-nonhomogeneous-example4-diagram.pdf
ERROR   : LaTeX compilation of ch7-nonhomogeneous-example4-diagram.tex failed.
Re-run, requesting "source" as the format, to analyze the image.
Likely creating the entire document as PDF will fail similarly.
The transcript of the LaTeX run follows.
WARNING : LaTeX compilation of ch7-nonhomogeneous-example4-diagram.tex failed
INFO    : converting ch3-circuit39figans5.tex to ch3-circuit39figans5.pdf
ERROR   : LaTeX compilation of ch3-circuit39figans5.tex failed.
Re-run, requesting "source" as the format, to analyze the image.
Likely creating the entire document as PDF will fail similarly.
The transcript of the LaTeX run follows.
WARNING : LaTeX compilation of ch3-circuit39figans5.tex failed
INFO    : converting ch7-non-homogeneous-example4-figure2.tex to ch7-non-homogeneous-example4-figure2.pdf
ERROR   : LaTeX compilation of ch7-non-homogeneous-example4-figure2.tex failed.
Re-run, requesting "source" as the format, to analyze the image.
Likely creating the entire document as PDF will fail similarly.
The transcript of the LaTeX run follows.
WARNING : LaTeX compilation of ch7-non-homogeneous-example4-figure2.tex failed
INFO    : converting ch5-chargingfromzeroendofchapter4.tex to ch5-chargingfromzeroendofchapter4.pdf
ERROR   : LaTeX compilation of ch5-chargingfromzeroendofchapter4.tex failed.
Re-run, requesting "source" as the format, to analyze the image.
Likely creating the entire document as PDF will fail similarly.
The transcript of the LaTeX run follows.
WARNING : LaTeX compilation of ch5-chargingfromzeroendofchapter4.tex failed
INFO    : converting ch10-maximum-power-transfer-example1-figure1.tex to ch10-maximum-power-transfer-example1-figure1.pdf
ERROR   : LaTeX compilation of ch10-maximum-power-transfer-example1-figure1.tex failed.
Re-run, requesting "source" as the format, to analyze the image.
Likely creating the entire document as PDF will fail similarly.
The transcript of the LaTeX run follows.
WARNING : LaTeX compilation of ch10-maximum-power-transfer-example1-figure1.tex failed
INFO    : converting ch3-superpositionNumericSubcircuitFigure2.tex to ch3-superpositionNumericSubcircuitFigure2.pdf
ERROR   : LaTeX compilation of ch3-superpositionNumericSubcircuitFigure2.tex failed.
Re-run, requesting "source" as the format, to analyze the image.
Likely creating the entire document as PDF will fail similarly.
The transcript of the LaTeX run follows.
WARNING : LaTeX compilation of ch3-superpositionNumericSubcircuitFigure2.tex failed
INFO    : converting ch9-bpf-magnitude-response.tex to ch9-bpf-magnitude-response.pdf
ERROR   : LaTeX compilation of ch9-bpf-magnitude-response.tex failed.
Re-run, requesting "source" as the format, to analyze the image.
Likely creating the entire document as PDF will fail similarly.
The transcript of the LaTeX run follows.
WARNING : LaTeX compilation of ch9-bpf-magnitude-response.tex failed
INFO    : converting ch9-complex-superposition-exercise5-diagram.tex to ch9-complex-superposition-exercise5-diagram.pdf
ERROR   : LaTeX compilation of ch9-complex-superposition-exercise5-diagram.tex failed.
Re-run, requesting "source" as the format, to analyze the image.
Likely creating the entire document as PDF will fail similarly.
The transcript of the LaTeX run follows.
WARNING : LaTeX compilation of ch9-complex-superposition-exercise5-diagram.tex failed
INFO    : converting ch5-ceqexample1solution1.tex to ch5-ceqexample1solution1.pdf
ERROR   : LaTeX compilation of ch5-ceqexample1solution1.tex failed.
Re-run, requesting "source" as the format, to analyze the image.
Likely creating the entire document as PDF will fail similarly.
The transcript of the LaTeX run follows.
WARNING : LaTeX compilation of ch5-ceqexample1solution1.tex failed
INFO    : converting ch5-generalrcexample3.tex to ch5-generalrcexample3.pdf
ERROR   : LaTeX compilation of ch5-generalrcexample3.tex failed.
Re-run, requesting "source" as the format, to analyze the image.
Likely creating the entire document as PDF will fail similarly.
The transcript of the LaTeX run follows.
WARNING : LaTeX compilation of ch5-generalrcexample3.tex failed
INFO    : converting ch9-transfer-functions-exercise3-figure2.tex to ch9-transfer-functions-exercise3-figure2.pdf
ERROR   : LaTeX compilation of ch9-transfer-functions-exercise3-figure2.tex failed.
Re-run, requesting "source" as the format, to analyze the image.
Likely creating the entire document as PDF will fail similarly.
The transcript of the LaTeX run follows.
WARNING : LaTeX compilation of ch9-transfer-functions-exercise3-figure2.tex failed
INFO    : converting ch5-chargingfromzerorcexample3solution2.tex to ch5-chargingfromzerorcexample3solution2.pdf
ERROR   : LaTeX compilation of ch5-chargingfromzerorcexample3solution2.tex failed.
Re-run, requesting "source" as the format, to analyze the image.
Likely creating the entire document as PDF will fail similarly.
The transcript of the LaTeX run follows.
WARNING : LaTeX compilation of ch5-chargingfromzerorcexample3solution2.tex failed
INFO    : converting ch9-cplx-current-voltage-divider-example4-diagram.tex to ch9-cplx-current-voltage-divider-example4-diagram.pdf
ERROR   : LaTeX compilation of ch9-cplx-current-voltage-divider-example4-diagram.tex failed.
Re-run, requesting "source" as the format, to analyze the image.
Likely creating the entire document as PDF will fail similarly.
The transcript of the LaTeX run follows.
WARNING : LaTeX compilation of ch9-cplx-current-voltage-divider-example4-diagram.tex failed
INFO    : converting ch6-general-rl-example1-diagram.tex to ch6-general-rl-example1-diagram.pdf
ERROR   : LaTeX compilation of ch6-general-rl-example1-diagram.tex failed.
Re-run, requesting "source" as the format, to analyze the image.
Likely creating the entire document as PDF will fail similarly.
The transcript of the LaTeX run follows.
WARNING : LaTeX compilation of ch6-general-rl-example1-diagram.tex failed
INFO    : converting ch11-sdomain-analysis-exercise5-figure1.tex to ch11-sdomain-analysis-exercise5-figure1.pdf
ERROR   : LaTeX compilation of ch11-sdomain-analysis-exercise5-figure1.tex failed.
Re-run, requesting "source" as the format, to analyze the image.
Likely creating the entire document as PDF will fail similarly.
The transcript of the LaTeX run follows.
WARNING : LaTeX compilation of ch11-sdomain-analysis-exercise5-figure1.tex failed
INFO    : converting ch9-cplx-norton-example-figure3.tex to ch9-cplx-norton-example-figure3.pdf
ERROR   : LaTeX compilation of ch9-cplx-norton-example-figure3.tex failed.
Re-run, requesting "source" as the format, to analyze the image.
Likely creating the entire document as PDF will fail similarly.
The transcript of the LaTeX run follows.
WARNING : LaTeX compilation of ch9-cplx-norton-example-figure3.tex failed
INFO    : converting ch9-poles-zeros-example3-figure1.tex to ch9-poles-zeros-example3-figure1.pdf
ERROR   : LaTeX compilation of ch9-poles-zeros-example3-figure1.tex failed.
Re-run, requesting "source" as the format, to analyze the image.
Likely creating the entire document as PDF will fail similarly.
The transcript of the LaTeX run follows.
WARNING : LaTeX compilation of ch9-poles-zeros-example3-figure1.tex failed
INFO    : converting ch9-voltage-current-div-exercise3-figure1.tex to ch9-voltage-current-div-exercise3-figure1.pdf
ERROR   : LaTeX compilation of ch9-voltage-current-div-exercise3-figure1.tex failed.
Re-run, requesting "source" as the format, to analyze the image.
Likely creating the entire document as PDF will fail similarly.
The transcript of the LaTeX run follows.
WARNING : LaTeX compilation of ch9-voltage-current-div-exercise3-figure1.tex failed
INFO    : converting ch2-circuit218figans1.tex to ch2-circuit218figans1.pdf
ERROR   : LaTeX compilation of ch2-circuit218figans1.tex failed.
Re-run, requesting "source" as the format, to analyze the image.
Likely creating the entire document as PDF will fail similarly.
The transcript of the LaTeX run follows.
WARNING : LaTeX compilation of ch2-circuit218figans1.tex failed
INFO    : converting ch3-theveninExample3.tex to ch3-theveninExample3.pdf
ERROR   : LaTeX compilation of ch3-theveninExample3.tex failed.
Re-run, requesting "source" as the format, to analyze the image.
Likely creating the entire document as PDF will fail similarly.
The transcript of the LaTeX run follows.
WARNING : LaTeX compilation of ch3-theveninExample3.tex failed
INFO    : converting ch10-max-power-transfer-exercise3-figure1.tex to ch10-max-power-transfer-exercise3-figure1.pdf
ERROR   : LaTeX compilation of ch10-max-power-transfer-exercise3-figure1.tex failed.
Re-run, requesting "source" as the format, to analyze the image.
Likely creating the entire document as PDF will fail similarly.
The transcript of the LaTeX run follows.
WARNING : LaTeX compilation of ch10-max-power-transfer-exercise3-figure1.tex failed
INFO    : converting ch5-chargingfromzerorcexample4solution2.tex to ch5-chargingfromzerorcexample4solution2.pdf
ERROR   : LaTeX compilation of ch5-chargingfromzerorcexample4solution2.tex failed.
Re-run, requesting "source" as the format, to analyze the image.
Likely creating the entire document as PDF will fail similarly.
The transcript of the LaTeX run follows.
WARNING : LaTeX compilation of ch5-chargingfromzerorcexample4solution2.tex failed
INFO    : converting ch6-chargingfromzeroexample1fig5.tex to ch6-chargingfromzeroexample1fig5.pdf
ERROR   : LaTeX compilation of ch6-chargingfromzeroexample1fig5.tex failed.
Re-run, requesting "source" as the format, to analyze the image.
Likely creating the entire document as PDF will fail similarly.
The transcript of the LaTeX run follows.
WARNING : LaTeX compilation of ch6-chargingfromzeroexample1fig5.tex failed
INFO    : converting ch2-kvlexample2.tex to ch2-kvlexample2.pdf
ERROR   : LaTeX compilation of ch2-kvlexample2.tex failed.
Re-run, requesting "source" as the format, to analyze the image.
Likely creating the entire document as PDF will fail similarly.
The transcript of the LaTeX run follows.
WARNING : LaTeX compilation of ch2-kvlexample2.tex failed
INFO    : converting ch7-homogeneous-parallelrlc-diagram-t0plus.tex to ch7-homogeneous-parallelrlc-diagram-t0plus.pdf
ERROR   : LaTeX compilation of ch7-homogeneous-parallelrlc-diagram-t0plus.tex failed.
Re-run, requesting "source" as the format, to analyze the image.
Likely creating the entire document as PDF will fail similarly.
The transcript of the LaTeX run follows.
WARNING : LaTeX compilation of ch7-homogeneous-parallelrlc-diagram-t0plus.tex failed
INFO    : converting ch9-cplx-voltage-divider-example-figure2.tex to ch9-cplx-voltage-divider-example-figure2.pdf
ERROR   : LaTeX compilation of ch9-cplx-voltage-divider-example-figure2.tex failed.
Re-run, requesting "source" as the format, to analyze the image.
Likely creating the entire document as PDF will fail similarly.
The transcript of the LaTeX run follows.
WARNING : LaTeX compilation of ch9-cplx-voltage-divider-example-figure2.tex failed
INFO    : converting ch2-cktnodes.tex to ch2-cktnodes.pdf
ERROR   : LaTeX compilation of ch2-cktnodes.tex failed.
Re-run, requesting "source" as the format, to analyze the image.
Likely creating the entire document as PDF will fail similarly.
The transcript of the LaTeX run follows.
WARNING : LaTeX compilation of ch2-cktnodes.tex failed
INFO    : converting ch3-circuit31figans1.tex to ch3-circuit31figans1.pdf
ERROR   : LaTeX compilation of ch3-circuit31figans1.tex failed.
Re-run, requesting "source" as the format, to analyze the image.
Likely creating the entire document as PDF will fail similarly.
The transcript of the LaTeX run follows.
WARNING : LaTeX compilation of ch3-circuit31figans1.tex failed
INFO    : converting ch3-theveninExample1.tex to ch3-theveninExample1.pdf
ERROR   : LaTeX compilation of ch3-theveninExample1.tex failed.
Re-run, requesting "source" as the format, to analyze the image.
Likely creating the entire document as PDF will fail similarly.
The transcript of the LaTeX run follows.
WARNING : LaTeX compilation of ch3-theveninExample1.tex failed
INFO    : converting ch9-cplx-norton-example-figure1.tex to ch9-cplx-norton-example-figure1.pdf
ERROR   : LaTeX compilation of ch9-cplx-norton-example-figure1.tex failed.
Re-run, requesting "source" as the format, to analyze the image.
Likely creating the entire document as PDF will fail similarly.
The transcript of the LaTeX run follows.
WARNING : LaTeX compilation of ch9-cplx-norton-example-figure1.tex failed
INFO    : converting ch9-complex-thevenin-exercise2-figure1.tex to ch9-complex-thevenin-exercise2-figure1.pdf
ERROR   : LaTeX compilation of ch9-complex-thevenin-exercise2-figure1.tex failed.
Re-run, requesting "source" as the format, to analyze the image.
Likely creating the entire document as PDF will fail similarly.
The transcript of the LaTeX run follows.
WARNING : LaTeX compilation of ch9-complex-thevenin-exercise2-figure1.tex failed
INFO    : converting ch9-complex-mesh-analysis-exercise4-diagram.tex to ch9-complex-mesh-analysis-exercise4-diagram.pdf
ERROR   : LaTeX compilation of ch9-complex-mesh-analysis-exercise4-diagram.tex failed.
Re-run, requesting "source" as the format, to analyze the image.
Likely creating the entire document as PDF will fail similarly.
The transcript of the LaTeX run follows.
WARNING : LaTeX compilation of ch9-complex-mesh-analysis-exercise4-diagram.tex failed
INFO    : converting ch5-chargingfromzerocircuitexample1.tex to ch5-chargingfromzerocircuitexample1.pdf
ERROR   : LaTeX compilation of ch5-chargingfromzerocircuitexample1.tex failed.
Re-run, requesting "source" as the format, to analyze the image.
Likely creating the entire document as PDF will fail similarly.
The transcript of the LaTeX run follows.
WARNING : LaTeX compilation of ch5-chargingfromzerocircuitexample1.tex failed
INFO    : converting ch1-rectpulsefig.tex to ch1-rectpulsefig.pdf
ERROR   : LaTeX compilation of ch1-rectpulsefig.tex failed.
Re-run, requesting "source" as the format, to analyze the image.
Likely creating the entire document as PDF will fail similarly.
The transcript of the LaTeX run follows.
WARNING : LaTeX compilation of ch1-rectpulsefig.tex failed
INFO    : converting ch8-delta-wye-impedances-wye.tex to ch8-delta-wye-impedances-wye.pdf
ERROR   : LaTeX compilation of ch8-delta-wye-impedances-wye.tex failed.
Re-run, requesting "source" as the format, to analyze the image.
Likely creating the entire document as PDF will fail similarly.
The transcript of the LaTeX run follows.
WARNING : LaTeX compilation of ch8-delta-wye-impedances-wye.tex failed
INFO    : converting ch3-circuit314figans2.tex to ch3-circuit314figans2.pdf
ERROR   : LaTeX compilation of ch3-circuit314figans2.tex failed.
Re-run, requesting "source" as the format, to analyze the image.
Likely creating the entire document as PDF will fail similarly.
The transcript of the LaTeX run follows.
WARNING : LaTeX compilation of ch3-circuit314figans2.tex failed
INFO    : converting ch7-homogeneous-second-example5-diagram.tex to ch7-homogeneous-second-example5-diagram.pdf
ERROR   : LaTeX compilation of ch7-homogeneous-second-example5-diagram.tex failed.
Re-run, requesting "source" as the format, to analyze the image.
Likely creating the entire document as PDF will fail similarly.
The transcript of the LaTeX run follows.
WARNING : LaTeX compilation of ch7-homogeneous-second-example5-diagram.tex failed
INFO    : converting ch5-generalrcexample1.tex to ch5-generalrcexample1.pdf
ERROR   : LaTeX compilation of ch5-generalrcexample1.tex failed.
Re-run, requesting "source" as the format, to analyze the image.
Likely creating the entire document as PDF will fail similarly.
The transcript of the LaTeX run follows.
WARNING : LaTeX compilation of ch5-generalrcexample1.tex failed
INFO    : converting ch6-general-rl-example5-solution2.tex to ch6-general-rl-example5-solution2.pdf
ERROR   : LaTeX compilation of ch6-general-rl-example5-solution2.tex failed.
Re-run, requesting "source" as the format, to analyze the image.
Likely creating the entire document as PDF will fail similarly.
The transcript of the LaTeX run follows.
WARNING : LaTeX compilation of ch6-general-rl-example5-solution2.tex failed
INFO    : converting ch1-diracdeltafigure.tex to ch1-diracdeltafigure.pdf
ERROR   : LaTeX compilation of ch1-diracdeltafigure.tex failed.
Re-run, requesting "source" as the format, to analyze the image.
Likely creating the entire document as PDF will fail similarly.
The transcript of the LaTeX run follows.
WARNING : LaTeX compilation of ch1-diracdeltafigure.tex failed
INFO    : converting ch4-examplecircuit415.tex to ch4-examplecircuit415.pdf
ERROR   : LaTeX compilation of ch4-examplecircuit415.tex failed.
Re-run, requesting "source" as the format, to analyze the image.
Likely creating the entire document as PDF will fail similarly.
The transcript of the LaTeX run follows.
WARNING : LaTeX compilation of ch4-examplecircuit415.tex failed
INFO    : converting ch1-triangularpulsegraph.tex to ch1-triangularpulsegraph.pdf
ERROR   : LaTeX compilation of ch1-triangularpulsegraph.tex failed.
Re-run, requesting "source" as the format, to analyze the image.
Likely creating the entire document as PDF will fail similarly.
The transcript of the LaTeX run follows.
WARNING : LaTeX compilation of ch1-triangularpulsegraph.tex failed
INFO    : converting ch7-series-parallel-example5-figure1.tex to ch7-series-parallel-example5-figure1.pdf
ERROR   : LaTeX compilation of ch7-series-parallel-example5-figure1.tex failed.
Re-run, requesting "source" as the format, to analyze the image.
Likely creating the entire document as PDF will fail similarly.
The transcript of the LaTeX run follows.
WARNING : LaTeX compilation of ch7-series-parallel-example5-figure1.tex failed
INFO    : converting ch9-transfer-function-bpf-bode.tex to ch9-transfer-function-bpf-bode.pdf
ERROR   : LaTeX compilation of ch9-transfer-function-bpf-bode.tex failed.
Re-run, requesting "source" as the format, to analyze the image.
Likely creating the entire document as PDF will fail similarly.
The transcript of the LaTeX run follows.
WARNING : LaTeX compilation of ch9-transfer-function-bpf-bode.tex failed
INFO    : converting ch8-equivimpedance-ex3-figure1.tex to ch8-equivimpedance-ex3-figure1.pdf
ERROR   : LaTeX compilation of ch8-equivimpedance-ex3-figure1.tex failed.
Re-run, requesting "source" as the format, to analyze the image.
Likely creating the entire document as PDF will fail similarly.
The transcript of the LaTeX run follows.
WARNING : LaTeX compilation of ch8-equivimpedance-ex3-figure1.tex failed
INFO    : converting ch3-circuit34figans4.tex to ch3-circuit34figans4.pdf
ERROR   : LaTeX compilation of ch3-circuit34figans4.tex failed.
Re-run, requesting "source" as the format, to analyze the image.
Likely creating the entire document as PDF will fail similarly.
The transcript of the LaTeX run follows.
WARNING : LaTeX compilation of ch3-circuit34figans4.tex failed
INFO    : converting ch8-delta-wye-impedance-example-figure1.tex to ch8-delta-wye-impedance-example-figure1.pdf
ERROR   : LaTeX compilation of ch8-delta-wye-impedance-example-figure1.tex failed.
Re-run, requesting "source" as the format, to analyze the image.
Likely creating the entire document as PDF will fail similarly.
The transcript of the LaTeX run follows.
WARNING : LaTeX compilation of ch8-delta-wye-impedance-example-figure1.tex failed
INFO    : converting ch3-circuit311figans.tex to ch3-circuit311figans.pdf
ERROR   : LaTeX compilation of ch3-circuit311figans.tex failed.
Re-run, requesting "source" as the format, to analyze the image.
Likely creating the entire document as PDF will fail similarly.
The transcript of the LaTeX run follows.
WARNING : LaTeX compilation of ch3-circuit311figans.tex failed
INFO    : converting ch9-cplx-superposition-example-figure7.tex to ch9-cplx-superposition-example-figure7.pdf
ERROR   : LaTeX compilation of ch9-cplx-superposition-example-figure7.tex failed.
Re-run, requesting "source" as the format, to analyze the image.
Likely creating the entire document as PDF will fail similarly.
The transcript of the LaTeX run follows.
WARNING : LaTeX compilation of ch9-cplx-superposition-example-figure7.tex failed
INFO    : converting ch5-equivcapexample4solution4.tex to ch5-equivcapexample4solution4.pdf
ERROR   : LaTeX compilation of ch5-equivcapexample4solution4.tex failed.
Re-run, requesting "source" as the format, to analyze the image.
Likely creating the entire document as PDF will fail similarly.
The transcript of the LaTeX run follows.
WARNING : LaTeX compilation of ch5-equivcapexample4solution4.tex failed
INFO    : converting ch5-tgeneralrcexample5solution8.tex to ch5-tgeneralrcexample5solution8.pdf
ERROR   : LaTeX compilation of ch5-tgeneralrcexample5solution8.tex failed.
Re-run, requesting "source" as the format, to analyze the image.
Likely creating the entire document as PDF will fail similarly.
The transcript of the LaTeX run follows.
WARNING : LaTeX compilation of ch5-tgeneralrcexample5solution8.tex failed
INFO    : converting ch1-circuit116exercise.tex to ch1-circuit116exercise.pdf
ERROR   : LaTeX compilation of ch1-circuit116exercise.tex failed.
Re-run, requesting "source" as the format, to analyze the image.
Likely creating the entire document as PDF will fail similarly.
The transcript of the LaTeX run follows.
WARNING : LaTeX compilation of ch1-circuit116exercise.tex failed
INFO    : converting ch2-circuit213fig.tex to ch2-circuit213fig.pdf
ERROR   : LaTeX compilation of ch2-circuit213fig.tex failed.
Re-run, requesting "source" as the format, to analyze the image.
Likely creating the entire document as PDF will fail similarly.
The transcript of the LaTeX run follows.
WARNING : LaTeX compilation of ch2-circuit213fig.tex failed
INFO    : converting ch6-generalexample2fig6.tex to ch6-generalexample2fig6.pdf
ERROR   : LaTeX compilation of ch6-generalexample2fig6.tex failed.
Re-run, requesting "source" as the format, to analyze the image.
Likely creating the entire document as PDF will fail similarly.
The transcript of the LaTeX run follows.
WARNING : LaTeX compilation of ch6-generalexample2fig6.tex failed
INFO    : converting ch9-complex-kcl-kvl-exercise2-figure1.tex to ch9-complex-kcl-kvl-exercise2-figure1.pdf
ERROR   : LaTeX compilation of ch9-complex-kcl-kvl-exercise2-figure1.tex failed.
Re-run, requesting "source" as the format, to analyze the image.
Likely creating the entire document as PDF will fail similarly.
The transcript of the LaTeX run follows.
WARNING : LaTeX compilation of ch9-complex-kcl-kvl-exercise2-figure1.tex failed
INFO    : converting ch3-shortedVoltageSource.tex to ch3-shortedVoltageSource.pdf
ERROR   : LaTeX compilation of ch3-shortedVoltageSource.tex failed.
Re-run, requesting "source" as the format, to analyze the image.
Likely creating the entire document as PDF will fail similarly.
The transcript of the LaTeX run follows.
WARNING : LaTeX compilation of ch3-shortedVoltageSource.tex failed
INFO    : converting ch9-filters-exercise3-figure1.tex to ch9-filters-exercise3-figure1.pdf
ERROR   : LaTeX compilation of ch9-filters-exercise3-figure1.tex failed.
Re-run, requesting "source" as the format, to analyze the image.
Likely creating the entire document as PDF will fail similarly.
The transcript of the LaTeX run follows.
WARNING : LaTeX compilation of ch9-filters-exercise3-figure1.tex failed
INFO    : converting ch6-generalexample2fig7.tex to ch6-generalexample2fig7.pdf
ERROR   : LaTeX compilation of ch6-generalexample2fig7.tex failed.
Re-run, requesting "source" as the format, to analyze the image.
Likely creating the entire document as PDF will fail similarly.
The transcript of the LaTeX run follows.
WARNING : LaTeX compilation of ch6-generalexample2fig7.tex failed
INFO    : converting ch5-tgeneralrcexample5solution9.tex to ch5-tgeneralrcexample5solution9.pdf
ERROR   : LaTeX compilation of ch5-tgeneralrcexample5solution9.tex failed.
Re-run, requesting "source" as the format, to analyze the image.
Likely creating the entire document as PDF will fail similarly.
The transcript of the LaTeX run follows.
WARNING : LaTeX compilation of ch5-tgeneralrcexample5solution9.tex failed
INFO    : converting ch5-equivcapexample4solution5.tex to ch5-equivcapexample4solution5.pdf
ERROR   : LaTeX compilation of ch5-equivcapexample4solution5.tex failed.
Re-run, requesting "source" as the format, to analyze the image.
Likely creating the entire document as PDF will fail similarly.
The transcript of the LaTeX run follows.
WARNING : LaTeX compilation of ch5-equivcapexample4solution5.tex failed
INFO    : converting ch9-cplx-superposition-example-figure6.tex to ch9-cplx-superposition-example-figure6.pdf
ERROR   : LaTeX compilation of ch9-cplx-superposition-example-figure6.tex failed.
Re-run, requesting "source" as the format, to analyze the image.
Likely creating the entire document as PDF will fail similarly.
The transcript of the LaTeX run follows.
WARNING : LaTeX compilation of ch9-cplx-superposition-example-figure6.tex failed
INFO    : converting ch2-resistorsymbol.tex to ch2-resistorsymbol.pdf
ERROR   : LaTeX compilation of ch2-resistorsymbol.tex failed.
Re-run, requesting "source" as the format, to analyze the image.
Likely creating the entire document as PDF will fail similarly.
The transcript of the LaTeX run follows.
WARNING : LaTeX compilation of ch2-resistorsymbol.tex failed
INFO    : converting ch10-maximum-power-transfer-exercise5-figure1.tex to ch10-maximum-power-transfer-exercise5-figure1.pdf
ERROR   : LaTeX compilation of ch10-maximum-power-transfer-exercise5-figure1.tex failed.
Re-run, requesting "source" as the format, to analyze the image.
Likely creating the entire document as PDF will fail similarly.
The transcript of the LaTeX run follows.
WARNING : LaTeX compilation of ch10-maximum-power-transfer-exercise5-figure1.tex failed
INFO    : converting ch3-circuit34figans5.tex to ch3-circuit34figans5.pdf
ERROR   : LaTeX compilation of ch3-circuit34figans5.tex failed.
Re-run, requesting "source" as the format, to analyze the image.
Likely creating the entire document as PDF will fail similarly.
The transcript of the LaTeX run follows.
WARNING : LaTeX compilation of ch3-circuit34figans5.tex failed
INFO    : converting ch9-complex-superposition-exercise5-figure6.tex to ch9-complex-superposition-exercise5-figure6.pdf
ERROR   : LaTeX compilation of ch9-complex-superposition-exercise5-figure6.tex failed.
Re-run, requesting "source" as the format, to analyze the image.
Likely creating the entire document as PDF will fail similarly.
The transcript of the LaTeX run follows.
WARNING : LaTeX compilation of ch9-complex-superposition-exercise5-figure6.tex failed
INFO    : converting ch10-power-triangle-image.tex to ch10-power-triangle-image.pdf
ERROR   : LaTeX compilation of ch10-power-triangle-image.tex failed.
Re-run, requesting "source" as the format, to analyze the image.
Likely creating the entire document as PDF will fail similarly.
The transcript of the LaTeX run follows.
WARNING : LaTeX compilation of ch10-power-triangle-image.tex failed
INFO    : converting ch8-cartesian-vs-polar-coordinate-graphs.tex to ch8-cartesian-vs-polar-coordinate-graphs.pdf
ERROR   : LaTeX compilation of ch8-cartesian-vs-polar-coordinate-graphs.tex failed.
Re-run, requesting "source" as the format, to analyze the image.
Likely creating the entire document as PDF will fail similarly.
The transcript of the LaTeX run follows.
WARNING : LaTeX compilation of ch8-cartesian-vs-polar-coordinate-graphs.tex failed
INFO    : converting ch5-rchomogeneousdischargecircuit3.tex to ch5-rchomogeneousdischargecircuit3.pdf
ERROR   : LaTeX compilation of ch5-rchomogeneousdischargecircuit3.tex failed.
Re-run, requesting "source" as the format, to analyze the image.
Likely creating the entire document as PDF will fail similarly.
The transcript of the LaTeX run follows.
WARNING : LaTeX compilation of ch5-rchomogeneousdischargecircuit3.tex failed
INFO    : converting ch5-aluminumelectrolyticdiagram.tex to ch5-aluminumelectrolyticdiagram.pdf
ERROR   : LaTeX compilation of ch5-aluminumelectrolyticdiagram.tex failed.
Re-run, requesting "source" as the format, to analyze the image.
Likely creating the entire document as PDF will fail similarly.
The transcript of the LaTeX run follows.
WARNING : LaTeX compilation of ch5-aluminumelectrolyticdiagram.tex failed
INFO    : converting ch1-exampletwoseriesvoltagesotherafter.tex to ch1-exampletwoseriesvoltagesotherafter.pdf
ERROR   : LaTeX compilation of ch1-exampletwoseriesvoltagesotherafter.tex failed.
Re-run, requesting "source" as the format, to analyze the image.
Likely creating the entire document as PDF will fail similarly.
The transcript of the LaTeX run follows.
WARNING : LaTeX compilation of ch1-exampletwoseriesvoltagesotherafter.tex failed
INFO    : converting ch2-circuit225fig.tex to ch2-circuit225fig.pdf
ERROR   : LaTeX compilation of ch2-circuit225fig.tex failed.
Re-run, requesting "source" as the format, to analyze the image.
Likely creating the entire document as PDF will fail similarly.
The transcript of the LaTeX run follows.
WARNING : LaTeX compilation of ch2-circuit225fig.tex failed
INFO    : converting ch7-non-homogeneous-example1-figure4.tex to ch7-non-homogeneous-example1-figure4.pdf
ERROR   : LaTeX compilation of ch7-non-homogeneous-example1-figure4.tex failed.
Re-run, requesting "source" as the format, to analyze the image.
Likely creating the entire document as PDF will fail similarly.
The transcript of the LaTeX run follows.
WARNING : LaTeX compilation of ch7-non-homogeneous-example1-figure4.tex failed
INFO    : converting ch8-deltawye-ex4-figure1.tex to ch8-deltawye-ex4-figure1.pdf
ERROR   : LaTeX compilation of ch8-deltawye-ex4-figure1.tex failed.
Re-run, requesting "source" as the format, to analyze the image.
Likely creating the entire document as PDF will fail similarly.
The transcript of the LaTeX run follows.
WARNING : LaTeX compilation of ch8-deltawye-ex4-figure1.tex failed
INFO    : converting ch5-chargingfromzerorcexample5solution6.tex to ch5-chargingfromzerorcexample5solution6.pdf
ERROR   : LaTeX compilation of ch5-chargingfromzerorcexample5solution6.tex failed.
Re-run, requesting "source" as the format, to analyze the image.
Likely creating the entire document as PDF will fail similarly.
The transcript of the LaTeX run follows.
WARNING : LaTeX compilation of ch5-chargingfromzerorcexample5solution6.tex failed
INFO    : converting ch4-examplecircuit414.tex to ch4-examplecircuit414.pdf
ERROR   : LaTeX compilation of ch4-examplecircuit414.tex failed.
Re-run, requesting "source" as the format, to analyze the image.
Likely creating the entire document as PDF will fail similarly.
The transcript of the LaTeX run follows.
WARNING : LaTeX compilation of ch4-examplecircuit414.tex failed
INFO    : converting ch7-non-homogeneous-example4-figure1.tex to ch7-non-homogeneous-example4-figure1.pdf
ERROR   : LaTeX compilation of ch7-non-homogeneous-example4-figure1.tex failed.
Re-run, requesting "source" as the format, to analyze the image.
Likely creating the entire document as PDF will fail similarly.
The transcript of the LaTeX run follows.
WARNING : LaTeX compilation of ch7-non-homogeneous-example4-figure1.tex failed
INFO    : converting ch3-circuit39figans6.tex to ch3-circuit39figans6.pdf
ERROR   : LaTeX compilation of ch3-circuit39figans6.tex failed.
Re-run, requesting "source" as the format, to analyze the image.
Likely creating the entire document as PDF will fail similarly.
The transcript of the LaTeX run follows.
WARNING : LaTeX compilation of ch3-circuit39figans6.tex failed
INFO    : converting ch3-superpositionNumericSubcircuitFigure1.tex to ch3-superpositionNumericSubcircuitFigure1.pdf
ERROR   : LaTeX compilation of ch3-superpositionNumericSubcircuitFigure1.tex failed.
Re-run, requesting "source" as the format, to analyze the image.
Likely creating the entire document as PDF will fail similarly.
The transcript of the LaTeX run follows.
WARNING : LaTeX compilation of ch3-superpositionNumericSubcircuitFigure1.tex failed
INFO    : converting ch6-general-rl-example5-solution3.tex to ch6-general-rl-example5-solution3.pdf
ERROR   : LaTeX compilation of ch6-general-rl-example5-solution3.tex failed.
Re-run, requesting "source" as the format, to analyze the image.
Likely creating the entire document as PDF will fail similarly.
The transcript of the LaTeX run follows.
WARNING : LaTeX compilation of ch6-general-rl-example5-solution3.tex failed
INFO    : converting ch10-maximum-power-transfer-example1-figure2.tex to ch10-maximum-power-transfer-example1-figure2.pdf
ERROR   : LaTeX compilation of ch10-maximum-power-transfer-example1-figure2.tex failed.
Re-run, requesting "source" as the format, to analyze the image.
Likely creating the entire document as PDF will fail similarly.
The transcript of the LaTeX run follows.
WARNING : LaTeX compilation of ch10-maximum-power-transfer-example1-figure2.tex failed
INFO    : converting ch3-circuit314figans3.tex to ch3-circuit314figans3.pdf
ERROR   : LaTeX compilation of ch3-circuit314figans3.tex failed.
Re-run, requesting "source" as the format, to analyze the image.
Likely creating the entire document as PDF will fail similarly.
The transcript of the LaTeX run follows.
WARNING : LaTeX compilation of ch3-circuit314figans3.tex failed
INFO    : converting ch5-chargingfromzerorcexample3solution1.tex to ch5-chargingfromzerorcexample3solution1.pdf
ERROR   : LaTeX compilation of ch5-chargingfromzerorcexample3solution1.tex failed.
Re-run, requesting "source" as the format, to analyze the image.
Likely creating the entire document as PDF will fail similarly.
The transcript of the LaTeX run follows.
WARNING : LaTeX compilation of ch5-chargingfromzerorcexample3solution1.tex failed
INFO    : converting ch9-transfer-functions-exercise3-figure1.tex to ch9-transfer-functions-exercise3-figure1.pdf
ERROR   : LaTeX compilation of ch9-transfer-functions-exercise3-figure1.tex failed.
Re-run, requesting "source" as the format, to analyze the image.
Likely creating the entire document as PDF will fail similarly.
The transcript of the LaTeX run follows.
WARNING : LaTeX compilation of ch9-transfer-functions-exercise3-figure1.tex failed
INFO    : converting ch9-marginal-poles-cplx-roots.tex to ch9-marginal-poles-cplx-roots.pdf
ERROR   : LaTeX compilation of ch9-marginal-poles-cplx-roots.tex failed.
Re-run, requesting "source" as the format, to analyze the image.
Likely creating the entire document as PDF will fail similarly.
The transcript of the LaTeX run follows.
WARNING : LaTeX compilation of ch9-marginal-poles-cplx-roots.tex failed
INFO    : converting ch9-cplx-voltage-divider-example-figure3.tex to ch9-cplx-voltage-divider-example-figure3.pdf
ERROR   : LaTeX compilation of ch9-cplx-voltage-divider-example-figure3.tex failed.
Re-run, requesting "source" as the format, to analyze the image.
Likely creating the entire document as PDF will fail similarly.
The transcript of the LaTeX run follows.
WARNING : LaTeX compilation of ch9-cplx-voltage-divider-example-figure3.tex failed
INFO    : converting ch2-circuit218figans2.tex to ch2-circuit218figans2.pdf
ERROR   : LaTeX compilation of ch2-circuit218figans2.tex failed.
Re-run, requesting "source" as the format, to analyze the image.
Likely creating the entire document as PDF will fail similarly.
The transcript of the LaTeX run follows.
WARNING : LaTeX compilation of ch2-circuit218figans2.tex failed
INFO    : converting ch5-chargingfromzerorcexample4solution1.tex to ch5-chargingfromzerorcexample4solution1.pdf
ERROR   : LaTeX compilation of ch5-chargingfromzerorcexample4solution1.tex failed.
Re-run, requesting "source" as the format, to analyze the image.
Likely creating the entire document as PDF will fail similarly.
The transcript of the LaTeX run follows.
WARNING : LaTeX compilation of ch5-chargingfromzerorcexample4solution1.tex failed
INFO    : converting ch6-chargingfromzeroexample1fig4.tex to ch6-chargingfromzeroexample1fig4.pdf
ERROR   : LaTeX compilation of ch6-chargingfromzeroexample1fig4.tex failed.
Re-run, requesting "source" as the format, to analyze the image.
Likely creating the entire document as PDF will fail similarly.
The transcript of the LaTeX run follows.
WARNING : LaTeX compilation of ch6-chargingfromzeroexample1fig4.tex failed
INFO    : converting ch12-555timermonostable.tex to ch12-555timermonostable.pdf
ERROR   : LaTeX compilation of ch12-555timermonostable.tex failed.
Re-run, requesting "source" as the format, to analyze the image.
Likely creating the entire document as PDF will fail similarly.
The transcript of the LaTeX run follows.
WARNING : LaTeX compilation of ch12-555timermonostable.tex failed
INFO    : converting ch10-complex-power-circuit-diagram-example-figure2.tex to ch10-complex-power-circuit-diagram-example-figure2.pdf
ERROR   : LaTeX compilation of ch10-complex-power-circuit-diagram-example-figure2.tex failed.
Re-run, requesting "source" as the format, to analyze the image.
Likely creating the entire document as PDF will fail similarly.
The transcript of the LaTeX run follows.
WARNING : LaTeX compilation of ch10-complex-power-circuit-diagram-example-figure2.tex failed
INFO    : converting ch4-examplecircuit410sol2.tex to ch4-examplecircuit410sol2.pdf
ERROR   : LaTeX compilation of ch4-examplecircuit410sol2.tex failed.
Re-run, requesting "source" as the format, to analyze the image.
Likely creating the entire document as PDF will fail similarly.
The transcript of the LaTeX run follows.
WARNING : LaTeX compilation of ch4-examplecircuit410sol2.tex failed
INFO    : converting ch9-complex-mesh-analysis-exercise3-diagram.tex to ch9-complex-mesh-analysis-exercise3-diagram.pdf
ERROR   : LaTeX compilation of ch9-complex-mesh-analysis-exercise3-diagram.tex failed.
Re-run, requesting "source" as the format, to analyze the image.
Likely creating the entire document as PDF will fail similarly.
The transcript of the LaTeX run follows.
WARNING : LaTeX compilation of ch9-complex-mesh-analysis-exercise3-diagram.tex failed
INFO    : converting ch2-voltagedividerexfig3.tex to ch2-voltagedividerexfig3.pdf
ERROR   : LaTeX compilation of ch2-voltagedividerexfig3.tex failed.
Re-run, requesting "source" as the format, to analyze the image.
Likely creating the entire document as PDF will fail similarly.
The transcript of the LaTeX run follows.
WARNING : LaTeX compilation of ch2-voltagedividerexfig3.tex failed
INFO    : converting ch10-correcting-inductive-load-example1-figure3.tex to ch10-correcting-inductive-load-example1-figure3.pdf
ERROR   : LaTeX compilation of ch10-correcting-inductive-load-example1-figure3.tex failed.
Re-run, requesting "source" as the format, to analyze the image.
Likely creating the entire document as PDF will fail similarly.
The transcript of the LaTeX run follows.
WARNING : LaTeX compilation of ch10-correcting-inductive-load-example1-figure3.tex failed
INFO    : converting ch9-first-order-hpf-rl.tex to ch9-first-order-hpf-rl.pdf
ERROR   : LaTeX compilation of ch9-first-order-hpf-rl.tex failed.
Re-run, requesting "source" as the format, to analyze the image.
Likely creating the entire document as PDF will fail similarly.
The transcript of the LaTeX run follows.
WARNING : LaTeX compilation of ch9-first-order-hpf-rl.tex failed
INFO    : converting ch8-equiv-impedance-example-fig5.tex to ch8-equiv-impedance-example-fig5.pdf
ERROR   : LaTeX compilation of ch8-equiv-impedance-example-fig5.tex failed.
Re-run, requesting "source" as the format, to analyze the image.
Likely creating the entire document as PDF will fail similarly.
The transcript of the LaTeX run follows.
WARNING : LaTeX compilation of ch8-equiv-impedance-example-fig5.tex failed
INFO    : converting ch9-cplx-source-transform-example-figure3.tex to ch9-cplx-source-transform-example-figure3.pdf
ERROR   : LaTeX compilation of ch9-cplx-source-transform-example-figure3.tex failed.
Re-run, requesting "source" as the format, to analyze the image.
Likely creating the entire document as PDF will fail similarly.
The transcript of the LaTeX run follows.
WARNING : LaTeX compilation of ch9-cplx-source-transform-example-figure3.tex failed
INFO    : converting ch7-homogeneous-general-numeric-example-fig6.tex to ch7-homogeneous-general-numeric-example-fig6.pdf
ERROR   : LaTeX compilation of ch7-homogeneous-general-numeric-example-fig6.tex failed.
Re-run, requesting "source" as the format, to analyze the image.
Likely creating the entire document as PDF will fail similarly.
The transcript of the LaTeX run follows.
WARNING : LaTeX compilation of ch7-homogeneous-general-numeric-example-fig6.tex failed
INFO    : converting ch6-generalexample1fig10.tex to ch6-generalexample1fig10.pdf
ERROR   : LaTeX compilation of ch6-generalexample1fig10.tex failed.
Re-run, requesting "source" as the format, to analyze the image.
Likely creating the entire document as PDF will fail similarly.
The transcript of the LaTeX run follows.
WARNING : LaTeX compilation of ch6-generalexample1fig10.tex failed
INFO    : converting ch10-impedance-triangle-image.tex to ch10-impedance-triangle-image.pdf
ERROR   : LaTeX compilation of ch10-impedance-triangle-image.tex failed.
Re-run, requesting "source" as the format, to analyze the image.
Likely creating the entire document as PDF will fail similarly.
The transcript of the LaTeX run follows.
WARNING : LaTeX compilation of ch10-impedance-triangle-image.tex failed
INFO    : converting ch9-hpf-magnitude-response-first-and-second.tex to ch9-hpf-magnitude-response-first-and-second.pdf
ERROR   : LaTeX compilation of ch9-hpf-magnitude-response-first-and-second.tex failed.
Re-run, requesting "source" as the format, to analyze the image.
Likely creating the entire document as PDF will fail similarly.
The transcript of the LaTeX run follows.
WARNING : LaTeX compilation of ch9-hpf-magnitude-response-first-and-second.tex failed
INFO    : converting ch2-open-circuit-current-zero.tex to ch2-open-circuit-current-zero.pdf
ERROR   : LaTeX compilation of ch2-open-circuit-current-zero.tex failed.
Re-run, requesting "source" as the format, to analyze the image.
Likely creating the entire document as PDF will fail similarly.
The transcript of the LaTeX run follows.
WARNING : LaTeX compilation of ch2-open-circuit-current-zero.tex failed
INFO    : converting ch5-generaltransientexamplefiguregraphscomeon.tex to ch5-generaltransientexamplefiguregraphscomeon.pdf
ERROR   : LaTeX compilation of ch5-generaltransientexamplefiguregraphscomeon.tex failed.
Re-run, requesting "source" as the format, to analyze the image.
Likely creating the entire document as PDF will fail similarly.
The transcript of the LaTeX run follows.
WARNING : LaTeX compilation of ch5-generaltransientexamplefiguregraphscomeon.tex failed
INFO    : converting ch9-transfer-functions-exercise1-diagram.tex to ch9-transfer-functions-exercise1-diagram.pdf
ERROR   : LaTeX compilation of ch9-transfer-functions-exercise1-diagram.tex failed.
Re-run, requesting "source" as the format, to analyze the image.
Likely creating the entire document as PDF will fail similarly.
The transcript of the LaTeX run follows.
WARNING : LaTeX compilation of ch9-transfer-functions-exercise1-diagram.tex failed
INFO    : converting ch2-eqresistancecktab5.tex to ch2-eqresistancecktab5.pdf
ERROR   : LaTeX compilation of ch2-eqresistancecktab5.tex failed.
Re-run, requesting "source" as the format, to analyze the image.
Likely creating the entire document as PDF will fail similarly.
The transcript of the LaTeX run follows.
WARNING : LaTeX compilation of ch2-eqresistancecktab5.tex failed
INFO    : converting ch3-circuit32figans3.tex to ch3-circuit32figans3.pdf
ERROR   : LaTeX compilation of ch3-circuit32figans3.tex failed.
Re-run, requesting "source" as the format, to analyze the image.
Likely creating the entire document as PDF will fail similarly.
The transcript of the LaTeX run follows.
WARNING : LaTeX compilation of ch3-circuit32figans3.tex failed
INFO    : converting ch7-homogeneous-second-example2-diagram.tex to ch7-homogeneous-second-example2-diagram.pdf
ERROR   : LaTeX compilation of ch7-homogeneous-second-example2-diagram.tex failed.
Re-run, requesting "source" as the format, to analyze the image.
Likely creating the entire document as PDF will fail similarly.
The transcript of the LaTeX run follows.
WARNING : LaTeX compilation of ch7-homogeneous-second-example2-diagram.tex failed
INFO    : converting ch4-examplecircuit47.tex to ch4-examplecircuit47.pdf
ERROR   : LaTeX compilation of ch4-examplecircuit47.tex failed.
Re-run, requesting "source" as the format, to analyze the image.
Likely creating the entire document as PDF will fail similarly.
The transcript of the LaTeX run follows.
WARNING : LaTeX compilation of ch4-examplecircuit47.tex failed
INFO    : converting ch2-currentfromvrex1.tex to ch2-currentfromvrex1.pdf
ERROR   : LaTeX compilation of ch2-currentfromvrex1.tex failed.
Re-run, requesting "source" as the format, to analyze the image.
Likely creating the entire document as PDF will fail similarly.
The transcript of the LaTeX run follows.
WARNING : LaTeX compilation of ch2-currentfromvrex1.tex failed
INFO    : converting ch3-circuit312figans5.tex to ch3-circuit312figans5.pdf
ERROR   : LaTeX compilation of ch3-circuit312figans5.tex failed.
Re-run, requesting "source" as the format, to analyze the image.
Likely creating the entire document as PDF will fail similarly.
The transcript of the LaTeX run follows.
WARNING : LaTeX compilation of ch3-circuit312figans5.tex failed
INFO    : converting ch7-challenge-example3-figure2.tex to ch7-challenge-example3-figure2.pdf
ERROR   : LaTeX compilation of ch7-challenge-example3-figure2.tex failed.
Re-run, requesting "source" as the format, to analyze the image.
Likely creating the entire document as PDF will fail similarly.
The transcript of the LaTeX run follows.
WARNING : LaTeX compilation of ch7-challenge-example3-figure2.tex failed
INFO    : converting ch3-circuit33fig.tex to ch3-circuit33fig.pdf
ERROR   : LaTeX compilation of ch3-circuit33fig.tex failed.
Re-run, requesting "source" as the format, to analyze the image.
Likely creating the entire document as PDF will fail similarly.
The transcript of the LaTeX run follows.
WARNING : LaTeX compilation of ch3-circuit33fig.tex failed
INFO    : converting ch7-series-parallel-example2-figure1.tex to ch7-series-parallel-example2-figure1.pdf
ERROR   : LaTeX compilation of ch7-series-parallel-example2-figure1.tex failed.
Re-run, requesting "source" as the format, to analyze the image.
Likely creating the entire document as PDF will fail similarly.
The transcript of the LaTeX run follows.
WARNING : LaTeX compilation of ch7-series-parallel-example2-figure1.tex failed
INFO    : converting ch6-general-rl-example3-solution4.tex to ch6-general-rl-example3-solution4.pdf
ERROR   : LaTeX compilation of ch6-general-rl-example3-solution4.tex failed.
Re-run, requesting "source" as the format, to analyze the image.
Likely creating the entire document as PDF will fail similarly.
The transcript of the LaTeX run follows.
WARNING : LaTeX compilation of ch6-general-rl-example3-solution4.tex failed
INFO    : converting ch3-circuit34figans8.tex to ch3-circuit34figans8.pdf
ERROR   : LaTeX compilation of ch3-circuit34figans8.tex failed.
Re-run, requesting "source" as the format, to analyze the image.
Likely creating the entire document as PDF will fail similarly.
The transcript of the LaTeX run follows.
WARNING : LaTeX compilation of ch3-circuit34figans8.tex failed
INFO    : converting ch7-homogeneous-example1-figure2.tex to ch7-homogeneous-example1-figure2.pdf
ERROR   : LaTeX compilation of ch7-homogeneous-example1-figure2.tex failed.
Re-run, requesting "source" as the format, to analyze the image.
Likely creating the entire document as PDF will fail similarly.
The transcript of the LaTeX run follows.
WARNING : LaTeX compilation of ch7-homogeneous-example1-figure2.tex failed
INFO    : converting ch8-equivimpedance-ex4-figure1.tex to ch8-equivimpedance-ex4-figure1.pdf
ERROR   : LaTeX compilation of ch8-equivimpedance-ex4-figure1.tex failed.
Re-run, requesting "source" as the format, to analyze the image.
Likely creating the entire document as PDF will fail similarly.
The transcript of the LaTeX run follows.
WARNING : LaTeX compilation of ch8-equivimpedance-ex4-figure1.tex failed
INFO    : converting ch8-wye-delta-impedance-figure2.tex to ch8-wye-delta-impedance-figure2.pdf
ERROR   : LaTeX compilation of ch8-wye-delta-impedance-figure2.tex failed.
Re-run, requesting "source" as the format, to analyze the image.
Likely creating the entire document as PDF will fail similarly.
The transcript of the LaTeX run follows.
WARNING : LaTeX compilation of ch8-wye-delta-impedance-figure2.tex failed
INFO    : converting ch1-circuit111exercise.tex to ch1-circuit111exercise.pdf
ERROR   : LaTeX compilation of ch1-circuit111exercise.tex failed.
Re-run, requesting "source" as the format, to analyze the image.
Likely creating the entire document as PDF will fail similarly.
The transcript of the LaTeX run follows.
WARNING : LaTeX compilation of ch1-circuit111exercise.tex failed
INFO    : converting ch10-complex-power-exercise5-figure2.tex to ch10-complex-power-exercise5-figure2.pdf
ERROR   : LaTeX compilation of ch10-complex-power-exercise5-figure2.tex failed.
Re-run, requesting "source" as the format, to analyze the image.
Likely creating the entire document as PDF will fail similarly.
The transcript of the LaTeX run follows.
WARNING : LaTeX compilation of ch10-complex-power-exercise5-figure2.tex failed
INFO    : converting ch9-filters-exercise1-diagram.tex to ch9-filters-exercise1-diagram.pdf
ERROR   : LaTeX compilation of ch9-filters-exercise1-diagram.tex failed.
Re-run, requesting "source" as the format, to analyze the image.
Likely creating the entire document as PDF will fail similarly.
The transcript of the LaTeX run follows.
WARNING : LaTeX compilation of ch9-filters-exercise1-diagram.tex failed
INFO    : converting ch5-tgeneralrcexample5solution4.tex to ch5-tgeneralrcexample5solution4.pdf
ERROR   : LaTeX compilation of ch5-tgeneralrcexample5solution4.tex failed.
Re-run, requesting "source" as the format, to analyze the image.
Likely creating the entire document as PDF will fail similarly.
The transcript of the LaTeX run follows.
WARNING : LaTeX compilation of ch5-tgeneralrcexample5solution4.tex failed
INFO    : converting ch5-equivcapexample4solution8.tex to ch5-equivcapexample4solution8.pdf
ERROR   : LaTeX compilation of ch5-equivcapexample4solution8.tex failed.
Re-run, requesting "source" as the format, to analyze the image.
Likely creating the entire document as PDF will fail similarly.
The transcript of the LaTeX run follows.
WARNING : LaTeX compilation of ch5-equivcapexample4solution8.tex failed
INFO    : converting ch3-superpositionSubcircuitFigure1.tex to ch3-superpositionSubcircuitFigure1.pdf
ERROR   : LaTeX compilation of ch3-superpositionSubcircuitFigure1.tex failed.
Re-run, requesting "source" as the format, to analyze the image.
Likely creating the entire document as PDF will fail similarly.
The transcript of the LaTeX run follows.
WARNING : LaTeX compilation of ch3-superpositionSubcircuitFigure1.tex failed
INFO    : converting ch2-circuit215ans1.tex to ch2-circuit215ans1.pdf
ERROR   : LaTeX compilation of ch2-circuit215ans1.tex failed.
Re-run, requesting "source" as the format, to analyze the image.
Likely creating the entire document as PDF will fail similarly.
The transcript of the LaTeX run follows.
WARNING : LaTeX compilation of ch2-circuit215ans1.tex failed
INFO    : converting elementarysignals117exercise-4-6-2.tex to elementarysignals117exercise-4-6-2.pdf
ERROR   : LaTeX compilation of elementarysignals117exercise-4-6-2.tex failed.
Re-run, requesting "source" as the format, to analyze the image.
Likely creating the entire document as PDF will fail similarly.
The transcript of the LaTeX run follows.
WARNING : LaTeX compilation of elementarysignals117exercise-4-6-2.tex failed
INFO    : converting ch5-ceramiccapdiagram.tex to ch5-ceramiccapdiagram.pdf
ERROR   : LaTeX compilation of ch5-ceramiccapdiagram.tex failed.
Re-run, requesting "source" as the format, to analyze the image.
Likely creating the entire document as PDF will fail similarly.
The transcript of the LaTeX run follows.
WARNING : LaTeX compilation of ch5-ceramiccapdiagram.tex failed
INFO    : converting ch12-555pinout.tex to ch12-555pinout.pdf
ERROR   : LaTeX compilation of ch12-555pinout.tex failed.
Re-run, requesting "source" as the format, to analyze the image.
Likely creating the entire document as PDF will fail similarly.
The transcript of the LaTeX run follows.
WARNING : LaTeX compilation of ch12-555pinout.tex failed
INFO    : converting ch5-tgeneralrcexample5solution5.tex to ch5-tgeneralrcexample5solution5.pdf
ERROR   : LaTeX compilation of ch5-tgeneralrcexample5solution5.tex failed.
Re-run, requesting "source" as the format, to analyze the image.
Likely creating the entire document as PDF will fail similarly.
The transcript of the LaTeX run follows.
WARNING : LaTeX compilation of ch5-tgeneralrcexample5solution5.tex failed
INFO    : converting ch5-chargercexample1.tex to ch5-chargercexample1.pdf
ERROR   : LaTeX compilation of ch5-chargercexample1.tex failed.
Re-run, requesting "source" as the format, to analyze the image.
Likely creating the entire document as PDF will fail similarly.
The transcript of the LaTeX run follows.
WARNING : LaTeX compilation of ch5-chargercexample1.tex failed
INFO    : converting ch9-filters-exercise4-figure1.tex to ch9-filters-exercise4-figure1.pdf
ERROR   : LaTeX compilation of ch9-filters-exercise4-figure1.tex failed.
Re-run, requesting "source" as the format, to analyze the image.
Likely creating the entire document as PDF will fail similarly.
The transcript of the LaTeX run follows.
WARNING : LaTeX compilation of ch9-filters-exercise4-figure1.tex failed
INFO    : converting ch2-voltagefromirex2.tex to ch2-voltagefromirex2.pdf
ERROR   : LaTeX compilation of ch2-voltagefromirex2.tex failed.
Re-run, requesting "source" as the format, to analyze the image.
Likely creating the entire document as PDF will fail similarly.
The transcript of the LaTeX run follows.
WARNING : LaTeX compilation of ch2-voltagefromirex2.tex failed
INFO    : converting ch9-cplx-thevenin-example-figure1.tex to ch9-cplx-thevenin-example-figure1.pdf
ERROR   : LaTeX compilation of ch9-cplx-thevenin-example-figure1.tex failed.
Re-run, requesting "source" as the format, to analyze the image.
Likely creating the entire document as PDF will fail similarly.
The transcript of the LaTeX run follows.
WARNING : LaTeX compilation of ch9-cplx-thevenin-example-figure1.tex failed
INFO    : converting ch9-complex-kcl-kvl-exercise5-figure1.tex to ch9-complex-kcl-kvl-exercise5-figure1.pdf
ERROR   : LaTeX compilation of ch9-complex-kcl-kvl-exercise5-figure1.tex failed.
Re-run, requesting "source" as the format, to analyze the image.
Likely creating the entire document as PDF will fail similarly.
The transcript of the LaTeX run follows.
WARNING : LaTeX compilation of ch9-complex-kcl-kvl-exercise5-figure1.tex failed
INFO    : converting ch8-wye-delta-impedance-figure3.tex to ch8-wye-delta-impedance-figure3.pdf
ERROR   : LaTeX compilation of ch8-wye-delta-impedance-figure3.tex failed.
Re-run, requesting "source" as the format, to analyze the image.
Likely creating the entire document as PDF will fail similarly.
The transcript of the LaTeX run follows.
WARNING : LaTeX compilation of ch8-wye-delta-impedance-figure3.tex failed
INFO    : converting ch3-circuit34figans9.tex to ch3-circuit34figans9.pdf
ERROR   : LaTeX compilation of ch3-circuit34figans9.tex failed.
Re-run, requesting "source" as the format, to analyze the image.
Likely creating the entire document as PDF will fail similarly.
The transcript of the LaTeX run follows.
WARNING : LaTeX compilation of ch3-circuit34figans9.tex failed
INFO    : converting ch8-deltawye-ex3-figure1.tex to ch8-deltawye-ex3-figure1.pdf
ERROR   : LaTeX compilation of ch8-deltawye-ex3-figure1.tex failed.
Re-run, requesting "source" as the format, to analyze the image.
Likely creating the entire document as PDF will fail similarly.
The transcript of the LaTeX run follows.
WARNING : LaTeX compilation of ch8-deltawye-ex3-figure1.tex failed
INFO    : converting ch6-general-rl-example3-solution5.tex to ch6-general-rl-example3-solution5.pdf
ERROR   : LaTeX compilation of ch6-general-rl-example3-solution5.tex failed.
Re-run, requesting "source" as the format, to analyze the image.
Likely creating the entire document as PDF will fail similarly.
The transcript of the LaTeX run follows.
WARNING : LaTeX compilation of ch6-general-rl-example3-solution5.tex failed
INFO    : converting ch7-challenge-example3-figure3.tex to ch7-challenge-example3-figure3.pdf
ERROR   : LaTeX compilation of ch7-challenge-example3-figure3.tex failed.
Re-run, requesting "source" as the format, to analyze the image.
Likely creating the entire document as PDF will fail similarly.
The transcript of the LaTeX run follows.
WARNING : LaTeX compilation of ch7-challenge-example3-figure3.tex failed
INFO    : converting ch3-circuit312figans4.tex to ch3-circuit312figans4.pdf
ERROR   : LaTeX compilation of ch3-circuit312figans4.tex failed.
Re-run, requesting "source" as the format, to analyze the image.
Likely creating the entire document as PDF will fail similarly.
The transcript of the LaTeX run follows.
WARNING : LaTeX compilation of ch3-circuit312figans4.tex failed
INFO    : converting ch4-examplecircuit46.tex to ch4-examplecircuit46.pdf
ERROR   : LaTeX compilation of ch4-examplecircuit46.tex failed.
Re-run, requesting "source" as the format, to analyze the image.
Likely creating the entire document as PDF will fail similarly.
The transcript of the LaTeX run follows.
WARNING : LaTeX compilation of ch4-examplecircuit46.tex failed
INFO    : converting ch5-homogeneousrcexample1diagram.tex to ch5-homogeneousrcexample1diagram.pdf
ERROR   : LaTeX compilation of ch5-homogeneousrcexample1diagram.tex failed.
Re-run, requesting "source" as the format, to analyze the image.
Likely creating the entire document as PDF will fail similarly.
The transcript of the LaTeX run follows.
WARNING : LaTeX compilation of ch5-homogeneousrcexample1diagram.tex failed
INFO    : converting ch1-current-sources-that-cannot-be-combined-possibility1.tex to ch1-current-sources-that-cannot-be-combined-possibility1.pdf
ERROR   : LaTeX compilation of ch1-current-sources-that-cannot-be-combined-possibility1.tex failed.
Re-run, requesting "source" as the format, to analyze the image.
Likely creating the entire document as PDF will fail similarly.
The transcript of the LaTeX run follows.
WARNING : LaTeX compilation of ch1-current-sources-that-cannot-be-combined-possibility1.tex failed
INFO    : converting ch2-eqresistancecktab4.tex to ch2-eqresistancecktab4.pdf
ERROR   : LaTeX compilation of ch2-eqresistancecktab4.tex failed.
Re-run, requesting "source" as the format, to analyze the image.
Likely creating the entire document as PDF will fail similarly.
The transcript of the LaTeX run follows.
WARNING : LaTeX compilation of ch2-eqresistancecktab4.tex failed
INFO    : converting ch3-circuit32figans2.tex to ch3-circuit32figans2.pdf
ERROR   : LaTeX compilation of ch3-circuit32figans2.tex failed.
Re-run, requesting "source" as the format, to analyze the image.
Likely creating the entire document as PDF will fail similarly.
The transcript of the LaTeX run follows.
WARNING : LaTeX compilation of ch3-circuit32figans2.tex failed
INFO    : converting ch9-transfer-functions-exercise4-figure1.tex to ch9-transfer-functions-exercise4-figure1.pdf
ERROR   : LaTeX compilation of ch9-transfer-functions-exercise4-figure1.tex failed.
Re-run, requesting "source" as the format, to analyze the image.
Likely creating the entire document as PDF will fail similarly.
The transcript of the LaTeX run follows.
WARNING : LaTeX compilation of ch9-transfer-functions-exercise4-figure1.tex failed
INFO    : converting ch7-homogeneous-parallelrlc-parasitic-example-fig1.tex to ch7-homogeneous-parallelrlc-parasitic-example-fig1.pdf
ERROR   : LaTeX compilation of ch7-homogeneous-parallelrlc-parasitic-example-fig1.tex failed.
Re-run, requesting "source" as the format, to analyze the image.
Likely creating the entire document as PDF will fail similarly.
The transcript of the LaTeX run follows.
WARNING : LaTeX compilation of ch7-homogeneous-parallelrlc-parasitic-example-fig1.tex failed
INFO    : converting ch3-circuit34figans10.tex to ch3-circuit34figans10.pdf
ERROR   : LaTeX compilation of ch3-circuit34figans10.tex failed.
Re-run, requesting "source" as the format, to analyze the image.
Likely creating the entire document as PDF will fail similarly.
The transcript of the LaTeX run follows.
WARNING : LaTeX compilation of ch3-circuit34figans10.tex failed
INFO    : converting ch3-shortCircuitCurrentExample1.tex to ch3-shortCircuitCurrentExample1.pdf
ERROR   : LaTeX compilation of ch3-shortCircuitCurrentExample1.tex failed.
Re-run, requesting "source" as the format, to analyze the image.
Likely creating the entire document as PDF will fail similarly.
The transcript of the LaTeX run follows.
WARNING : LaTeX compilation of ch3-shortCircuitCurrentExample1.tex failed
INFO    : converting ch6-generalexample1fig11.tex to ch6-generalexample1fig11.pdf
ERROR   : LaTeX compilation of ch6-generalexample1fig11.tex failed.
Re-run, requesting "source" as the format, to analyze the image.
Likely creating the entire document as PDF will fail similarly.
The transcript of the LaTeX run follows.
WARNING : LaTeX compilation of ch6-generalexample1fig11.tex failed
INFO    : converting ch7-non-homogeneous-example3-figure1.tex to ch7-non-homogeneous-example3-figure1.pdf
ERROR   : LaTeX compilation of ch7-non-homogeneous-example3-figure1.tex failed.
Re-run, requesting "source" as the format, to analyze the image.
Likely creating the entire document as PDF will fail similarly.
The transcript of the LaTeX run follows.
WARNING : LaTeX compilation of ch7-non-homogeneous-example3-figure1.tex failed
INFO    : converting ch2-currentdividerex2.tex to ch2-currentdividerex2.pdf
ERROR   : LaTeX compilation of ch2-currentdividerex2.tex failed.
Re-run, requesting "source" as the format, to analyze the image.
Likely creating the entire document as PDF will fail similarly.
The transcript of the LaTeX run follows.
WARNING : LaTeX compilation of ch2-currentdividerex2.tex failed
INFO    : converting ch6-general-rl-example4-solution1.tex to ch6-general-rl-example4-solution1.pdf
ERROR   : LaTeX compilation of ch6-general-rl-example4-solution1.tex failed.
Re-run, requesting "source" as the format, to analyze the image.
Likely creating the entire document as PDF will fail similarly.
The transcript of the LaTeX run follows.
WARNING : LaTeX compilation of ch6-general-rl-example4-solution1.tex failed
INFO    : converting ch5-dischargercexampledependentthevenin1.tex to ch5-dischargercexampledependentthevenin1.pdf
ERROR   : LaTeX compilation of ch5-dischargercexampledependentthevenin1.tex failed.
Re-run, requesting "source" as the format, to analyze the image.
Likely creating the entire document as PDF will fail similarly.
The transcript of the LaTeX run follows.
WARNING : LaTeX compilation of ch5-dischargercexampledependentthevenin1.tex failed
INFO    : converting ch9-cplx-source-transform-example-figure2.tex to ch9-cplx-source-transform-example-figure2.pdf
ERROR   : LaTeX compilation of ch9-cplx-source-transform-example-figure2.tex failed.
Re-run, requesting "source" as the format, to analyze the image.
Likely creating the entire document as PDF will fail similarly.
The transcript of the LaTeX run follows.
WARNING : LaTeX compilation of ch9-cplx-source-transform-example-figure2.tex failed
INFO    : converting ch2-circuit220fig.tex to ch2-circuit220fig.pdf
ERROR   : LaTeX compilation of ch2-circuit220fig.tex failed.
Re-run, requesting "source" as the format, to analyze the image.
Likely creating the entire document as PDF will fail similarly.
The transcript of the LaTeX run follows.
WARNING : LaTeX compilation of ch2-circuit220fig.tex failed
INFO    : converting ch2-deltawyeexample1.tex to ch2-deltawyeexample1.pdf
ERROR   : LaTeX compilation of ch2-deltawyeexample1.tex failed.
Re-run, requesting "source" as the format, to analyze the image.
Likely creating the entire document as PDF will fail similarly.
The transcript of the LaTeX run follows.
WARNING : LaTeX compilation of ch2-deltawyeexample1.tex failed
INFO    : converting ch10-correcting-inductive-load-example1-figure2.tex to ch10-correcting-inductive-load-example1-figure2.pdf
ERROR   : LaTeX compilation of ch10-correcting-inductive-load-example1-figure2.tex failed.
Re-run, requesting "source" as the format, to analyze the image.
Likely creating the entire document as PDF will fail similarly.
The transcript of the LaTeX run follows.
WARNING : LaTeX compilation of ch10-correcting-inductive-load-example1-figure2.tex failed
INFO    : converting ch8-equiv-impedance-example-fig4.tex to ch8-equiv-impedance-example-fig4.pdf
ERROR   : LaTeX compilation of ch8-equiv-impedance-example-fig4.tex failed.
Re-run, requesting "source" as the format, to analyze the image.
Likely creating the entire document as PDF will fail similarly.
The transcript of the LaTeX run follows.
WARNING : LaTeX compilation of ch8-equiv-impedance-example-fig4.tex failed
INFO    : converting ch10-max-power-transfer-exercise4-figure2.tex to ch10-max-power-transfer-exercise4-figure2.pdf
ERROR   : LaTeX compilation of ch10-max-power-transfer-exercise4-figure2.tex failed.
Re-run, requesting "source" as the format, to analyze the image.
Likely creating the entire document as PDF will fail similarly.
The transcript of the LaTeX run follows.
WARNING : LaTeX compilation of ch10-max-power-transfer-exercise4-figure2.tex failed
INFO    : converting ch2-voltagedividerexfig2.tex to ch2-voltagedividerexfig2.pdf
ERROR   : LaTeX compilation of ch2-voltagedividerexfig2.tex failed.
Re-run, requesting "source" as the format, to analyze the image.
Likely creating the entire document as PDF will fail similarly.
The transcript of the LaTeX run follows.
WARNING : LaTeX compilation of ch2-voltagedividerexfig2.tex failed
INFO    : converting ch9-voltage-current-div-exercise4-figure2.tex to ch9-voltage-current-div-exercise4-figure2.pdf
ERROR   : LaTeX compilation of ch9-voltage-current-div-exercise4-figure2.tex failed.
Re-run, requesting "source" as the format, to analyze the image.
Likely creating the entire document as PDF will fail similarly.
The transcript of the LaTeX run follows.
WARNING : LaTeX compilation of ch9-voltage-current-div-exercise4-figure2.tex failed
INFO    : converting ch4-invertingopampcurrent.tex to ch4-invertingopampcurrent.pdf
ERROR   : LaTeX compilation of ch4-invertingopampcurrent.tex failed.
Re-run, requesting "source" as the format, to analyze the image.
Likely creating the entire document as PDF will fail similarly.
The transcript of the LaTeX run follows.
WARNING : LaTeX compilation of ch4-invertingopampcurrent.tex failed
INFO    : converting ch5-opampdifffigure.tex to ch5-opampdifffigure.pdf
ERROR   : LaTeX compilation of ch5-opampdifffigure.tex failed.
Re-run, requesting "source" as the format, to analyze the image.
Likely creating the entire document as PDF will fail similarly.
The transcript of the LaTeX run follows.
WARNING : LaTeX compilation of ch5-opampdifffigure.tex failed
INFO    : converting ch10-complex-power-circuit-diagram-example-figure1.tex to ch10-complex-power-circuit-diagram-example-figure1.pdf
ERROR   : LaTeX compilation of ch10-complex-power-circuit-diagram-example-figure1.tex failed.
Re-run, requesting "source" as the format, to analyze the image.
Likely creating the entire document as PDF will fail similarly.
The transcript of the LaTeX run follows.
WARNING : LaTeX compilation of ch10-complex-power-circuit-diagram-example-figure1.tex failed
INFO    : converting ch4-examplecircuit410sol1.tex to ch4-examplecircuit410sol1.pdf
ERROR   : LaTeX compilation of ch4-examplecircuit410sol1.tex failed.
Re-run, requesting "source" as the format, to analyze the image.
Likely creating the entire document as PDF will fail similarly.
The transcript of the LaTeX run follows.
WARNING : LaTeX compilation of ch4-examplecircuit410sol1.tex failed
INFO    : converting ch9-complex-source-transformation-exercise5-figure5.tex to ch9-complex-source-transformation-exercise5-figure5.pdf
ERROR   : LaTeX compilation of ch9-complex-source-transformation-exercise5-figure5.tex failed.
Re-run, requesting "source" as the format, to analyze the image.
Likely creating the entire document as PDF will fail similarly.
The transcript of the LaTeX run follows.
WARNING : LaTeX compilation of ch9-complex-source-transformation-exercise5-figure5.tex failed
INFO    : converting ch3-circuit314figans.tex to ch3-circuit314figans.pdf
ERROR   : LaTeX compilation of ch3-circuit314figans.tex failed.
Re-run, requesting "source" as the format, to analyze the image.
Likely creating the entire document as PDF will fail similarly.
The transcript of the LaTeX run follows.
WARNING : LaTeX compilation of ch3-circuit314figans.tex failed
INFO    : converting ch6-nonhomogeneousrlcircuitfigure.tex to ch6-nonhomogeneousrlcircuitfigure.pdf
ERROR   : LaTeX compilation of ch6-nonhomogeneousrlcircuitfigure.tex failed.
Re-run, requesting "source" as the format, to analyze the image.
Likely creating the entire document as PDF will fail similarly.
The transcript of the LaTeX run follows.
WARNING : LaTeX compilation of ch6-nonhomogeneousrlcircuitfigure.tex failed
INFO    : converting ch1-stepfunctionexamplegraph.tex to ch1-stepfunctionexamplegraph.pdf
ERROR   : LaTeX compilation of ch1-stepfunctionexamplegraph.tex failed.
Re-run, requesting "source" as the format, to analyze the image.
Likely creating the entire document as PDF will fail similarly.
The transcript of the LaTeX run follows.
WARNING : LaTeX compilation of ch1-stepfunctionexamplegraph.tex failed
INFO    : converting ch9-complex-norton-exercise4-diagram.tex to ch9-complex-norton-exercise4-diagram.pdf
ERROR   : LaTeX compilation of ch9-complex-norton-exercise4-diagram.tex failed.
Re-run, requesting "source" as the format, to analyze the image.
Likely creating the entire document as PDF will fail similarly.
The transcript of the LaTeX run follows.
WARNING : LaTeX compilation of ch9-complex-norton-exercise4-diagram.tex failed
INFO    : converting ch12-555timerastablecharging.tex to ch12-555timerastablecharging.pdf
ERROR   : LaTeX compilation of ch12-555timerastablecharging.tex failed.
Re-run, requesting "source" as the format, to analyze the image.
Likely creating the entire document as PDF will fail similarly.
The transcript of the LaTeX run follows.
WARNING : LaTeX compilation of ch12-555timerastablecharging.tex failed
INFO    : converting ch6-general-rl-example4-solution3.tex to ch6-general-rl-example4-solution3.pdf
ERROR   : LaTeX compilation of ch6-general-rl-example4-solution3.tex failed.
Re-run, requesting "source" as the format, to analyze the image.
Likely creating the entire document as PDF will fail similarly.
The transcript of the LaTeX run follows.
WARNING : LaTeX compilation of ch6-general-rl-example4-solution3.tex failed
INFO    : converting ch7-homogeneous-general-numeric-example-fig5.tex to ch7-homogeneous-general-numeric-example-fig5.pdf
ERROR   : LaTeX compilation of ch7-homogeneous-general-numeric-example-fig5.tex failed.
Re-run, requesting "source" as the format, to analyze the image.
Likely creating the entire document as PDF will fail similarly.
The transcript of the LaTeX run follows.
WARNING : LaTeX compilation of ch7-homogeneous-general-numeric-example-fig5.tex failed
INFO    : converting ch2-deltawyeexample3.tex to ch2-deltawyeexample3.pdf
ERROR   : LaTeX compilation of ch2-deltawyeexample3.tex failed.
Re-run, requesting "source" as the format, to analyze the image.
Likely creating the entire document as PDF will fail similarly.
The transcript of the LaTeX run follows.
WARNING : LaTeX compilation of ch2-deltawyeexample3.tex failed
INFO    : converting ch10-max-power-exercise3-diagram.tex to ch10-max-power-exercise3-diagram.pdf
ERROR   : LaTeX compilation of ch10-max-power-exercise3-diagram.tex failed.
Re-run, requesting "source" as the format, to analyze the image.
Likely creating the entire document as PDF will fail similarly.
The transcript of the LaTeX run follows.
WARNING : LaTeX compilation of ch10-max-power-exercise3-diagram.tex failed
INFO    : converting ch7-non-homogeneous-example3-figure3.tex to ch7-non-homogeneous-example3-figure3.pdf
ERROR   : LaTeX compilation of ch7-non-homogeneous-example3-figure3.tex failed.
Re-run, requesting "source" as the format, to analyze the image.
Likely creating the entire document as PDF will fail similarly.
The transcript of the LaTeX run follows.
WARNING : LaTeX compilation of ch7-non-homogeneous-example3-figure3.tex failed
INFO    : converting ch3-sourceTransformationFigure5.tex to ch3-sourceTransformationFigure5.pdf
ERROR   : LaTeX compilation of ch3-sourceTransformationFigure5.tex failed.
Re-run, requesting "source" as the format, to analyze the image.
Likely creating the entire document as PDF will fail similarly.
The transcript of the LaTeX run follows.
WARNING : LaTeX compilation of ch3-sourceTransformationFigure5.tex failed
INFO    : converting ch7-homogeneous-parallelrlc-parasitic-example-fig3.tex to ch7-homogeneous-parallelrlc-parasitic-example-fig3.pdf
ERROR   : LaTeX compilation of ch7-homogeneous-parallelrlc-parasitic-example-fig3.tex failed.
Re-run, requesting "source" as the format, to analyze the image.
Likely creating the entire document as PDF will fail similarly.
The transcript of the LaTeX run follows.
WARNING : LaTeX compilation of ch7-homogeneous-parallelrlc-parasitic-example-fig3.tex failed
INFO    : converting ch2-eqresistancecktab6.tex to ch2-eqresistancecktab6.pdf
ERROR   : LaTeX compilation of ch2-eqresistancecktab6.tex failed.
Re-run, requesting "source" as the format, to analyze the image.
Likely creating the entire document as PDF will fail similarly.
The transcript of the LaTeX run follows.
WARNING : LaTeX compilation of ch2-eqresistancecktab6.tex failed
INFO    : converting ch9-complex-thevenin-exercise3-answer.tex to ch9-complex-thevenin-exercise3-answer.pdf
ERROR   : LaTeX compilation of ch9-complex-thevenin-exercise3-answer.tex failed.
Re-run, requesting "source" as the format, to analyze the image.
Likely creating the entire document as PDF will fail similarly.
The transcript of the LaTeX run follows.
WARNING : LaTeX compilation of ch9-complex-thevenin-exercise3-answer.tex failed
INFO    : converting ch4-examplecircuit44.tex to ch4-examplecircuit44.pdf
ERROR   : LaTeX compilation of ch4-examplecircuit44.tex failed.
Re-run, requesting "source" as the format, to analyze the image.
Likely creating the entire document as PDF will fail similarly.
The transcript of the LaTeX run follows.
WARNING : LaTeX compilation of ch4-examplecircuit44.tex failed
INFO    : converting ch2-currentfromvrex2.tex to ch2-currentfromvrex2.pdf
ERROR   : LaTeX compilation of ch2-currentfromvrex2.tex failed.
Re-run, requesting "source" as the format, to analyze the image.
Likely creating the entire document as PDF will fail similarly.
The transcript of the LaTeX run follows.
WARNING : LaTeX compilation of ch2-currentfromvrex2.tex failed
INFO    : converting ch8-equivalent-deltawye-exercise2-diagram.tex to ch8-equivalent-deltawye-exercise2-diagram.pdf
ERROR   : LaTeX compilation of ch8-equivalent-deltawye-exercise2-diagram.tex failed.
Re-run, requesting "source" as the format, to analyze the image.
Likely creating the entire document as PDF will fail similarly.
The transcript of the LaTeX run follows.
WARNING : LaTeX compilation of ch8-equivalent-deltawye-exercise2-diagram.tex failed
INFO    : converting ch10-power-factor-correction-exercise5-figure1.tex to ch10-power-factor-correction-exercise5-figure1.pdf
ERROR   : LaTeX compilation of ch10-power-factor-correction-exercise5-figure1.tex failed.
Re-run, requesting "source" as the format, to analyze the image.
Likely creating the entire document as PDF will fail similarly.
The transcript of the LaTeX run follows.
WARNING : LaTeX compilation of ch10-power-factor-correction-exercise5-figure1.tex failed
INFO    : converting ch3-circuit312figans6.tex to ch3-circuit312figans6.pdf
ERROR   : LaTeX compilation of ch3-circuit312figans6.tex failed.
Re-run, requesting "source" as the format, to analyze the image.
Likely creating the entire document as PDF will fail similarly.
The transcript of the LaTeX run follows.
WARNING : LaTeX compilation of ch3-circuit312figans6.tex failed
INFO    : converting ch7-challenge-example3-figure1.tex to ch7-challenge-example3-figure1.pdf
ERROR   : LaTeX compilation of ch7-challenge-example3-figure1.tex failed.
Re-run, requesting "source" as the format, to analyze the image.
Likely creating the entire document as PDF will fail similarly.
The transcript of the LaTeX run follows.
WARNING : LaTeX compilation of ch7-challenge-example3-figure1.tex failed
INFO    : converting ch8-deltawye-ex3-figure3.tex to ch8-deltawye-ex3-figure3.pdf
ERROR   : LaTeX compilation of ch8-deltawye-ex3-figure3.tex failed.
Re-run, requesting "source" as the format, to analyze the image.
Likely creating the entire document as PDF will fail similarly.
The transcript of the LaTeX run follows.
WARNING : LaTeX compilation of ch8-deltawye-ex3-figure3.tex failed
INFO    : converting ch7-series-parallel-example2-figure2.tex to ch7-series-parallel-example2-figure2.pdf
ERROR   : LaTeX compilation of ch7-series-parallel-example2-figure2.tex failed.
Re-run, requesting "source" as the format, to analyze the image.
Likely creating the entire document as PDF will fail similarly.
The transcript of the LaTeX run follows.
WARNING : LaTeX compilation of ch7-series-parallel-example2-figure2.tex failed
INFO    : converting ch2-circuit27fig.tex to ch2-circuit27fig.pdf
ERROR   : LaTeX compilation of ch2-circuit27fig.tex failed.
Re-run, requesting "source" as the format, to analyze the image.
Likely creating the entire document as PDF will fail similarly.
The transcript of the LaTeX run follows.
WARNING : LaTeX compilation of ch2-circuit27fig.tex failed
INFO    : converting ch8-wye-delta-impedance-figure1.tex to ch8-wye-delta-impedance-figure1.pdf
ERROR   : LaTeX compilation of ch8-wye-delta-impedance-figure1.tex failed.
Re-run, requesting "source" as the format, to analyze the image.
Likely creating the entire document as PDF will fail similarly.
The transcript of the LaTeX run follows.
WARNING : LaTeX compilation of ch8-wye-delta-impedance-figure1.tex failed
INFO    : converting ch7-homogeneous-example1-figure1.tex to ch7-homogeneous-example1-figure1.pdf
ERROR   : LaTeX compilation of ch7-homogeneous-example1-figure1.tex failed.
Re-run, requesting "source" as the format, to analyze the image.
Likely creating the entire document as PDF will fail similarly.
The transcript of the LaTeX run follows.
WARNING : LaTeX compilation of ch7-homogeneous-example1-figure1.tex failed
INFO    : converting ch8-equivimpedance-ex4-figure2.tex to ch8-equivimpedance-ex4-figure2.pdf
ERROR   : LaTeX compilation of ch8-equivimpedance-ex4-figure2.tex failed.
Re-run, requesting "source" as the format, to analyze the image.
Likely creating the entire document as PDF will fail similarly.
The transcript of the LaTeX run follows.
WARNING : LaTeX compilation of ch8-equivimpedance-ex4-figure2.tex failed
INFO    : converting ch1-groundsymbol.tex to ch1-groundsymbol.pdf
ERROR   : LaTeX compilation of ch1-groundsymbol.tex failed.
Re-run, requesting "source" as the format, to analyze the image.
Likely creating the entire document as PDF will fail similarly.
The transcript of the LaTeX run follows.
WARNING : LaTeX compilation of ch1-groundsymbol.tex failed
INFO    : converting ch10-complex-power-exercise5-figure1.tex to ch10-complex-power-exercise5-figure1.pdf
ERROR   : LaTeX compilation of ch10-complex-power-exercise5-figure1.tex failed.
Re-run, requesting "source" as the format, to analyze the image.
Likely creating the entire document as PDF will fail similarly.
The transcript of the LaTeX run follows.
WARNING : LaTeX compilation of ch10-complex-power-exercise5-figure1.tex failed
INFO    : converting ch9-complex-kcl-kvl-exercise5-figure3.tex to ch9-complex-kcl-kvl-exercise5-figure3.pdf
ERROR   : LaTeX compilation of ch9-complex-kcl-kvl-exercise5-figure3.tex failed.
Re-run, requesting "source" as the format, to analyze the image.
Likely creating the entire document as PDF will fail similarly.
The transcript of the LaTeX run follows.
WARNING : LaTeX compilation of ch9-complex-kcl-kvl-exercise5-figure3.tex failed
INFO    : converting ch9-cplx-superposition-example-figure8.tex to ch9-cplx-superposition-example-figure8.pdf
ERROR   : LaTeX compilation of ch9-cplx-superposition-example-figure8.tex failed.
Re-run, requesting "source" as the format, to analyze the image.
Likely creating the entire document as PDF will fail similarly.
The transcript of the LaTeX run follows.
WARNING : LaTeX compilation of ch9-cplx-superposition-example-figure8.tex failed
INFO    : converting ch9-complex-source-transformation-exercise5-diagram.tex to ch9-complex-source-transformation-exercise5-diagram.pdf
ERROR   : LaTeX compilation of ch9-complex-source-transformation-exercise5-diagram.tex failed.
Re-run, requesting "source" as the format, to analyze the image.
Likely creating the entire document as PDF will fail similarly.
The transcript of the LaTeX run follows.
WARNING : LaTeX compilation of ch9-complex-source-transformation-exercise5-diagram.tex failed
INFO    : converting ch9-cplx-thevenin-example-figure3.tex to ch9-cplx-thevenin-example-figure3.pdf
ERROR   : LaTeX compilation of ch9-cplx-thevenin-example-figure3.tex failed.
Re-run, requesting "source" as the format, to analyze the image.
Likely creating the entire document as PDF will fail similarly.
The transcript of the LaTeX run follows.
WARNING : LaTeX compilation of ch9-cplx-thevenin-example-figure3.tex failed
INFO    : converting ch3-superpositionSubcircuitFigure2.tex to ch3-superpositionSubcircuitFigure2.pdf
ERROR   : LaTeX compilation of ch3-superpositionSubcircuitFigure2.tex failed.
Re-run, requesting "source" as the format, to analyze the image.
Likely creating the entire document as PDF will fail similarly.
The transcript of the LaTeX run follows.
WARNING : LaTeX compilation of ch3-superpositionSubcircuitFigure2.tex failed
INFO    : converting ch5-chargercexample3.tex to ch5-chargercexample3.pdf
ERROR   : LaTeX compilation of ch5-chargercexample3.tex failed.
Re-run, requesting "source" as the format, to analyze the image.
Likely creating the entire document as PDF will fail similarly.
The transcript of the LaTeX run follows.
WARNING : LaTeX compilation of ch5-chargercexample3.tex failed
INFO    : converting ch10-phase-rms-exercise4-diagram.tex to ch10-phase-rms-exercise4-diagram.pdf
ERROR   : LaTeX compilation of ch10-phase-rms-exercise4-diagram.tex failed.
Re-run, requesting "source" as the format, to analyze the image.
Likely creating the entire document as PDF will fail similarly.
The transcript of the LaTeX run follows.
WARNING : LaTeX compilation of ch10-phase-rms-exercise4-diagram.tex failed
INFO    : converting ch5-tgeneralrcexample5solution7.tex to ch5-tgeneralrcexample5solution7.pdf
ERROR   : LaTeX compilation of ch5-tgeneralrcexample5solution7.tex failed.
Re-run, requesting "source" as the format, to analyze the image.
Likely creating the entire document as PDF will fail similarly.
The transcript of the LaTeX run follows.
WARNING : LaTeX compilation of ch5-tgeneralrcexample5solution7.tex failed
INFO    : converting ch6-generalexample2fig9.tex to ch6-generalexample2fig9.pdf
ERROR   : LaTeX compilation of ch6-generalexample2fig9.tex failed.
Re-run, requesting "source" as the format, to analyze the image.
Likely creating the entire document as PDF will fail similarly.
The transcript of the LaTeX run follows.
WARNING : LaTeX compilation of ch6-generalexample2fig9.tex failed
INFO    : converting ch3-circuit314fig.tex to ch3-circuit314fig.pdf
ERROR   : LaTeX compilation of ch3-circuit314fig.tex failed.
Re-run, requesting "source" as the format, to analyze the image.
Likely creating the entire document as PDF will fail similarly.
The transcript of the LaTeX run follows.
WARNING : LaTeX compilation of ch3-circuit314fig.tex failed
INFO    : converting ch5-homogeneousrcexample5solutiongraph4.tex to ch5-homogeneousrcexample5solutiongraph4.pdf
ERROR   : LaTeX compilation of ch5-homogeneousrcexample5solutiongraph4.tex failed.
Re-run, requesting "source" as the format, to analyze the image.
Likely creating the entire document as PDF will fail similarly.
The transcript of the LaTeX run follows.
WARNING : LaTeX compilation of ch5-homogeneousrcexample5solutiongraph4.tex failed
INFO    : converting ch6-homogeneous-rl-example3-diagram.tex to ch6-homogeneous-rl-example3-diagram.pdf
ERROR   : LaTeX compilation of ch6-homogeneous-rl-example3-diagram.tex failed.
Re-run, requesting "source" as the format, to analyze the image.
Likely creating the entire document as PDF will fail similarly.
The transcript of the LaTeX run follows.
WARNING : LaTeX compilation of ch6-homogeneous-rl-example3-diagram.tex failed
INFO    : converting ch2-circuit215ans2.tex to ch2-circuit215ans2.pdf
ERROR   : LaTeX compilation of ch2-circuit215ans2.tex failed.
Re-run, requesting "source" as the format, to analyze the image.
Likely creating the entire document as PDF will fail similarly.
The transcript of the LaTeX run follows.
WARNING : LaTeX compilation of ch2-circuit215ans2.tex failed
INFO    : converting ch6-generalexample2fig8.tex to ch6-generalexample2fig8.pdf
ERROR   : LaTeX compilation of ch6-generalexample2fig8.tex failed.
Re-run, requesting "source" as the format, to analyze the image.
Likely creating the entire document as PDF will fail similarly.
The transcript of the LaTeX run follows.
WARNING : LaTeX compilation of ch6-generalexample2fig8.tex failed
INFO    : converting ch5-tgeneralrcexample5solution6.tex to ch5-tgeneralrcexample5solution6.pdf
ERROR   : LaTeX compilation of ch5-tgeneralrcexample5solution6.tex failed.
Re-run, requesting "source" as the format, to analyze the image.
Likely creating the entire document as PDF will fail similarly.
The transcript of the LaTeX run follows.
WARNING : LaTeX compilation of ch5-tgeneralrcexample5solution6.tex failed
INFO    : converting ch5-chargercexample2.tex to ch5-chargercexample2.pdf
ERROR   : LaTeX compilation of ch5-chargercexample2.tex failed.
Re-run, requesting "source" as the format, to analyze the image.
Likely creating the entire document as PDF will fail similarly.
The transcript of the LaTeX run follows.
WARNING : LaTeX compilation of ch5-chargercexample2.tex failed
INFO    : converting ch2-circuit24figans4.tex to ch2-circuit24figans4.pdf
ERROR   : LaTeX compilation of ch2-circuit24figans4.tex failed.
Re-run, requesting "source" as the format, to analyze the image.
Likely creating the entire document as PDF will fail similarly.
The transcript of the LaTeX run follows.
WARNING : LaTeX compilation of ch2-circuit24figans4.tex failed
INFO    : converting ch9-complex-kcl-kvl-exercise5-figure2.tex to ch9-complex-kcl-kvl-exercise5-figure2.pdf
ERROR   : LaTeX compilation of ch9-complex-kcl-kvl-exercise5-figure2.tex failed.
Re-run, requesting "source" as the format, to analyze the image.
Likely creating the entire document as PDF will fail similarly.
The transcript of the LaTeX run follows.
WARNING : LaTeX compilation of ch9-complex-kcl-kvl-exercise5-figure2.tex failed
INFO    : converting ch9-cplx-thevenin-example-figure2.tex to ch9-cplx-thevenin-example-figure2.pdf
ERROR   : LaTeX compilation of ch9-cplx-thevenin-example-figure2.tex failed.
Re-run, requesting "source" as the format, to analyze the image.
Likely creating the entire document as PDF will fail similarly.
The transcript of the LaTeX run follows.
WARNING : LaTeX compilation of ch9-cplx-thevenin-example-figure2.tex failed
INFO    : converting ch2-voltagefromirex1.tex to ch2-voltagefromirex1.pdf
ERROR   : LaTeX compilation of ch2-voltagefromirex1.tex failed.
Re-run, requesting "source" as the format, to analyze the image.
Likely creating the entire document as PDF will fail similarly.
The transcript of the LaTeX run follows.
WARNING : LaTeX compilation of ch2-voltagefromirex1.tex failed
INFO    : converting ch9-filters-exercise4-figure2.tex to ch9-filters-exercise4-figure2.pdf
ERROR   : LaTeX compilation of ch9-filters-exercise4-figure2.tex failed.
Re-run, requesting "source" as the format, to analyze the image.
Likely creating the entire document as PDF will fail similarly.
The transcript of the LaTeX run follows.
WARNING : LaTeX compilation of ch9-filters-exercise4-figure2.tex failed
INFO    : converting ch8-equivimpedance-ex4-figure3.tex to ch8-equivimpedance-ex4-figure3.pdf
ERROR   : LaTeX compilation of ch8-equivimpedance-ex4-figure3.tex failed.
Re-run, requesting "source" as the format, to analyze the image.
Likely creating the entire document as PDF will fail similarly.
The transcript of the LaTeX run follows.
WARNING : LaTeX compilation of ch8-equivimpedance-ex4-figure3.tex failed
INFO    : converting ch6-equivalentinductance-example5-diagram.tex to ch6-equivalentinductance-example5-diagram.pdf
ERROR   : LaTeX compilation of ch6-equivalentinductance-example5-diagram.tex failed.
Re-run, requesting "source" as the format, to analyze the image.
Likely creating the entire document as PDF will fail similarly.
The transcript of the LaTeX run follows.
WARNING : LaTeX compilation of ch6-equivalentinductance-example5-diagram.tex failed
INFO    : converting ch7-series-parallel-example2-figure3.tex to ch7-series-parallel-example2-figure3.pdf
ERROR   : LaTeX compilation of ch7-series-parallel-example2-figure3.tex failed.
Re-run, requesting "source" as the format, to analyze the image.
Likely creating the entire document as PDF will fail similarly.
The transcript of the LaTeX run follows.
WARNING : LaTeX compilation of ch7-series-parallel-example2-figure3.tex failed
INFO    : converting ch8-deltawye-ex3-figure2.tex to ch8-deltawye-ex3-figure2.pdf
ERROR   : LaTeX compilation of ch8-deltawye-ex3-figure2.tex failed.
Re-run, requesting "source" as the format, to analyze the image.
Likely creating the entire document as PDF will fail similarly.
The transcript of the LaTeX run follows.
WARNING : LaTeX compilation of ch8-deltawye-ex3-figure2.tex failed
INFO    : converting ch12-555timerschematic.tex to ch12-555timerschematic.pdf
ERROR   : LaTeX compilation of ch12-555timerschematic.tex failed.
Re-run, requesting "source" as the format, to analyze the image.
Likely creating the entire document as PDF will fail similarly.
The transcript of the LaTeX run follows.
WARNING : LaTeX compilation of ch12-555timerschematic.tex failed
INFO    : converting ch1-current-sources-that-cannot-be-combined-possibility2.tex to ch1-current-sources-that-cannot-be-combined-possibility2.pdf
ERROR   : LaTeX compilation of ch1-current-sources-that-cannot-be-combined-possibility2.tex failed.
Re-run, requesting "source" as the format, to analyze the image.
Likely creating the entire document as PDF will fail similarly.
The transcript of the LaTeX run follows.
WARNING : LaTeX compilation of ch1-current-sources-that-cannot-be-combined-possibility2.tex failed
INFO    : converting ch4-examplecircuit45.tex to ch4-examplecircuit45.pdf
ERROR   : LaTeX compilation of ch4-examplecircuit45.tex failed.
Re-run, requesting "source" as the format, to analyze the image.
Likely creating the entire document as PDF will fail similarly.
The transcript of the LaTeX run follows.
WARNING : LaTeX compilation of ch4-examplecircuit45.tex failed
INFO    : converting ch3-circuit32figans1.tex to ch3-circuit32figans1.pdf
ERROR   : LaTeX compilation of ch3-circuit32figans1.tex failed.
Re-run, requesting "source" as the format, to analyze the image.
Likely creating the entire document as PDF will fail similarly.
The transcript of the LaTeX run follows.
WARNING : LaTeX compilation of ch3-circuit32figans1.tex failed
INFO    : converting ch9-complex-superposition-exercise2-diagram.tex to ch9-complex-superposition-exercise2-diagram.pdf
ERROR   : LaTeX compilation of ch9-complex-superposition-exercise2-diagram.tex failed.
Re-run, requesting "source" as the format, to analyze the image.
Likely creating the entire document as PDF will fail similarly.
The transcript of the LaTeX run follows.
WARNING : LaTeX compilation of ch9-complex-superposition-exercise2-diagram.tex failed
INFO    : converting ch2-eqresistancecktab7.tex to ch2-eqresistancecktab7.pdf
ERROR   : LaTeX compilation of ch2-eqresistancecktab7.tex failed.
Re-run, requesting "source" as the format, to analyze the image.
Likely creating the entire document as PDF will fail similarly.
The transcript of the LaTeX run follows.
WARNING : LaTeX compilation of ch2-eqresistancecktab7.tex failed
INFO    : converting ch9-cplx-current-voltage-divider-example3-diagram.tex to ch9-cplx-current-voltage-divider-example3-diagram.pdf
ERROR   : LaTeX compilation of ch9-cplx-current-voltage-divider-example3-diagram.tex failed.
Re-run, requesting "source" as the format, to analyze the image.
Likely creating the entire document as PDF will fail similarly.
The transcript of the LaTeX run follows.
WARNING : LaTeX compilation of ch9-cplx-current-voltage-divider-example3-diagram.tex failed
INFO    : converting ch7-homogeneous-parallelrlc-parasitic-example-fig2.tex to ch7-homogeneous-parallelrlc-parasitic-example-fig2.pdf
ERROR   : LaTeX compilation of ch7-homogeneous-parallelrlc-parasitic-example-fig2.tex failed.
Re-run, requesting "source" as the format, to analyze the image.
Likely creating the entire document as PDF will fail similarly.
The transcript of the LaTeX run follows.
WARNING : LaTeX compilation of ch7-homogeneous-parallelrlc-parasitic-example-fig2.tex failed
INFO    : converting ch9-transfer-functions-exercise4-figure2.tex to ch9-transfer-functions-exercise4-figure2.pdf
ERROR   : LaTeX compilation of ch9-transfer-functions-exercise4-figure2.tex failed.
Re-run, requesting "source" as the format, to analyze the image.
Likely creating the entire document as PDF will fail similarly.
The transcript of the LaTeX run follows.
WARNING : LaTeX compilation of ch9-transfer-functions-exercise4-figure2.tex failed
INFO    : converting ch7-non-homogeneous-example3-figure2.tex to ch7-non-homogeneous-example3-figure2.pdf
ERROR   : LaTeX compilation of ch7-non-homogeneous-example3-figure2.tex failed.
Re-run, requesting "source" as the format, to analyze the image.
Likely creating the entire document as PDF will fail similarly.
The transcript of the LaTeX run follows.
WARNING : LaTeX compilation of ch7-non-homogeneous-example3-figure2.tex failed
INFO    : converting ch3-sourceTransformationFigure4.tex to ch3-sourceTransformationFigure4.pdf
ERROR   : LaTeX compilation of ch3-sourceTransformationFigure4.tex failed.
Re-run, requesting "source" as the format, to analyze the image.
Likely creating the entire document as PDF will fail similarly.
The transcript of the LaTeX run follows.
WARNING : LaTeX compilation of ch3-sourceTransformationFigure4.tex failed
INFO    : converting ch7-nonhomogeneous-example3-diagram.tex to ch7-nonhomogeneous-example3-diagram.pdf
ERROR   : LaTeX compilation of ch7-nonhomogeneous-example3-diagram.tex failed.
Re-run, requesting "source" as the format, to analyze the image.
Likely creating the entire document as PDF will fail similarly.
The transcript of the LaTeX run follows.
WARNING : LaTeX compilation of ch7-nonhomogeneous-example3-diagram.tex failed
INFO    : converting ch4-currentsensingcircuit.tex to ch4-currentsensingcircuit.pdf
ERROR   : LaTeX compilation of ch4-currentsensingcircuit.tex failed.
Re-run, requesting "source" as the format, to analyze the image.
Likely creating the entire document as PDF will fail similarly.
The transcript of the LaTeX run follows.
WARNING : LaTeX compilation of ch4-currentsensingcircuit.tex failed
INFO    : converting ch2-deltawyeexample2.tex to ch2-deltawyeexample2.pdf
ERROR   : LaTeX compilation of ch2-deltawyeexample2.tex failed.
Re-run, requesting "source" as the format, to analyze the image.
Likely creating the entire document as PDF will fail similarly.
The transcript of the LaTeX run follows.
WARNING : LaTeX compilation of ch2-deltawyeexample2.tex failed
INFO    : converting ch5-dischargercexampledependentthevenin2.tex to ch5-dischargercexampledependentthevenin2.pdf
ERROR   : LaTeX compilation of ch5-dischargercexampledependentthevenin2.tex failed.
Re-run, requesting "source" as the format, to analyze the image.
Likely creating the entire document as PDF will fail similarly.
The transcript of the LaTeX run follows.
WARNING : LaTeX compilation of ch5-dischargercexampledependentthevenin2.tex failed
INFO    : converting ch9-cplx-source-transform-example-figure1.tex to ch9-cplx-source-transform-example-figure1.pdf
ERROR   : LaTeX compilation of ch9-cplx-source-transform-example-figure1.tex failed.
Re-run, requesting "source" as the format, to analyze the image.
Likely creating the entire document as PDF will fail similarly.
The transcript of the LaTeX run follows.
WARNING : LaTeX compilation of ch9-cplx-source-transform-example-figure1.tex failed
INFO    : converting ch2-currentdividerex1.tex to ch2-currentdividerex1.pdf
ERROR   : LaTeX compilation of ch2-currentdividerex1.tex failed.
Re-run, requesting "source" as the format, to analyze the image.
Likely creating the entire document as PDF will fail similarly.
The transcript of the LaTeX run follows.
WARNING : LaTeX compilation of ch2-currentdividerex1.tex failed
INFO    : converting ch7-homogeneous-general-numeric-example-fig4.tex to ch7-homogeneous-general-numeric-example-fig4.pdf
ERROR   : LaTeX compilation of ch7-homogeneous-general-numeric-example-fig4.tex failed.
Re-run, requesting "source" as the format, to analyze the image.
Likely creating the entire document as PDF will fail similarly.
The transcript of the LaTeX run follows.
WARNING : LaTeX compilation of ch7-homogeneous-general-numeric-example-fig4.tex failed
INFO    : converting ch6-general-rl-example4-solution2.tex to ch6-general-rl-example4-solution2.pdf
ERROR   : LaTeX compilation of ch6-general-rl-example4-solution2.tex failed.
Re-run, requesting "source" as the format, to analyze the image.
Likely creating the entire document as PDF will fail similarly.
The transcript of the LaTeX run follows.
WARNING : LaTeX compilation of ch6-general-rl-example4-solution2.tex failed
INFO    : converting ch10-correcting-inductive-load-example1-figure1.tex to ch10-correcting-inductive-load-example1-figure1.pdf
ERROR   : LaTeX compilation of ch10-correcting-inductive-load-example1-figure1.tex failed.
Re-run, requesting "source" as the format, to analyze the image.
Likely creating the entire document as PDF will fail similarly.
The transcript of the LaTeX run follows.
WARNING : LaTeX compilation of ch10-correcting-inductive-load-example1-figure1.tex failed
INFO    : converting ch2-voltagedividerexfig1.tex to ch2-voltagedividerexfig1.pdf
ERROR   : LaTeX compilation of ch2-voltagedividerexfig1.tex failed.
Re-run, requesting "source" as the format, to analyze the image.
Likely creating the entire document as PDF will fail similarly.
The transcript of the LaTeX run follows.
WARNING : LaTeX compilation of ch2-voltagedividerexfig1.tex failed
INFO    : converting ch9-complex-source-transformation-exercise5-figure4.tex to ch9-complex-source-transformation-exercise5-figure4.pdf
ERROR   : LaTeX compilation of ch9-complex-source-transformation-exercise5-figure4.tex failed.
Re-run, requesting "source" as the format, to analyze the image.
Likely creating the entire document as PDF will fail similarly.
The transcript of the LaTeX run follows.
WARNING : LaTeX compilation of ch9-complex-source-transformation-exercise5-figure4.tex failed
INFO    : converting ch10-max-power-transfer-exercise4-figure1.tex to ch10-max-power-transfer-exercise4-figure1.pdf
ERROR   : LaTeX compilation of ch10-max-power-transfer-exercise4-figure1.tex failed.
Re-run, requesting "source" as the format, to analyze the image.
Likely creating the entire document as PDF will fail similarly.
The transcript of the LaTeX run follows.
WARNING : LaTeX compilation of ch10-max-power-transfer-exercise4-figure1.tex failed
INFO    : converting ch1-acpowersources.tex to ch1-acpowersources.pdf
ERROR   : LaTeX compilation of ch1-acpowersources.tex failed.
Re-run, requesting "source" as the format, to analyze the image.
Likely creating the entire document as PDF will fail similarly.
The transcript of the LaTeX run follows.
WARNING : LaTeX compilation of ch1-acpowersources.tex failed
INFO    : converting ch11-sdomain-analysis-exercise2-figure1.tex to ch11-sdomain-analysis-exercise2-figure1.pdf
ERROR   : LaTeX compilation of ch11-sdomain-analysis-exercise2-figure1.tex failed.
Re-run, requesting "source" as the format, to analyze the image.
Likely creating the entire document as PDF will fail similarly.
The transcript of the LaTeX run follows.
WARNING : LaTeX compilation of ch11-sdomain-analysis-exercise2-figure1.tex failed
INFO    : converting ch9-voltage-current-div-exercise4-figure1.tex to ch9-voltage-current-div-exercise4-figure1.pdf
ERROR   : LaTeX compilation of ch9-voltage-current-div-exercise4-figure1.tex failed.
Re-run, requesting "source" as the format, to analyze the image.
Likely creating the entire document as PDF will fail similarly.
The transcript of the LaTeX run follows.
WARNING : LaTeX compilation of ch9-voltage-current-div-exercise4-figure1.tex failed
INFO    : converting ch9-unstable-poles-cplx-roots.tex to ch9-unstable-poles-cplx-roots.pdf
ERROR   : LaTeX compilation of ch9-unstable-poles-cplx-roots.tex failed.
Re-run, requesting "source" as the format, to analyze the image.
Likely creating the entire document as PDF will fail similarly.
The transcript of the LaTeX run follows.
WARNING : LaTeX compilation of ch9-unstable-poles-cplx-roots.tex failed
INFO    : converting ch9-filter-type-example2-figure2.tex to ch9-filter-type-example2-figure2.pdf
ERROR   : LaTeX compilation of ch9-filter-type-example2-figure2.tex failed.
Re-run, requesting "source" as the format, to analyze the image.
Likely creating the entire document as PDF will fail similarly.
The transcript of the LaTeX run follows.
WARNING : LaTeX compilation of ch9-filter-type-example2-figure2.tex failed
INFO    : converting ch2-circuit224figans1.tex to ch2-circuit224figans1.pdf
ERROR   : LaTeX compilation of ch2-circuit224figans1.tex failed.
Re-run, requesting "source" as the format, to analyze the image.
Likely creating the entire document as PDF will fail similarly.
The transcript of the LaTeX run follows.
WARNING : LaTeX compilation of ch2-circuit224figans1.tex failed
INFO    : converting ch5-chargingrcexample1solution2.tex to ch5-chargingrcexample1solution2.pdf
ERROR   : LaTeX compilation of ch5-chargingrcexample1solution2.tex failed.
Re-run, requesting "source" as the format, to analyze the image.
Likely creating the entire document as PDF will fail similarly.
The transcript of the LaTeX run follows.
WARNING : LaTeX compilation of ch5-chargingrcexample1solution2.tex failed
INFO    : converting ch8-equiv-impedance-example-fig3.tex to ch8-equiv-impedance-example-fig3.pdf
ERROR   : LaTeX compilation of ch8-equiv-impedance-example-fig3.tex failed.
Re-run, requesting "source" as the format, to analyze the image.
Likely creating the entire document as PDF will fail similarly.
The transcript of the LaTeX run follows.
WARNING : LaTeX compilation of ch8-equiv-impedance-example-fig3.tex failed
INFO    : converting ch5-ceqexample2solution1.tex to ch5-ceqexample2solution1.pdf
ERROR   : LaTeX compilation of ch5-ceqexample2solution1.tex failed.
Re-run, requesting "source" as the format, to analyze the image.
Likely creating the entire document as PDF will fail similarly.
The transcript of the LaTeX run follows.
WARNING : LaTeX compilation of ch5-ceqexample2solution1.tex failed
INFO    : converting ch6-general-rl-example4-solution6.tex to ch6-general-rl-example4-solution6.pdf
ERROR   : LaTeX compilation of ch6-general-rl-example4-solution6.tex failed.
Re-run, requesting "source" as the format, to analyze the image.
Likely creating the entire document as PDF will fail similarly.
The transcript of the LaTeX run follows.
WARNING : LaTeX compilation of ch6-general-rl-example4-solution6.tex failed
INFO    : converting ch9-hpf-magnitude-response.tex to ch9-hpf-magnitude-response.pdf
ERROR   : LaTeX compilation of ch9-hpf-magnitude-response.tex failed.
Re-run, requesting "source" as the format, to analyze the image.
Likely creating the entire document as PDF will fail similarly.
The transcript of the LaTeX run follows.
WARNING : LaTeX compilation of ch9-hpf-magnitude-response.tex failed
INFO    : converting ch9-cplx-source-transform-example-figure5.tex to ch9-cplx-source-transform-example-figure5.pdf
ERROR   : LaTeX compilation of ch9-cplx-source-transform-example-figure5.tex failed.
Re-run, requesting "source" as the format, to analyze the image.
Likely creating the entire document as PDF will fail similarly.
The transcript of the LaTeX run follows.
WARNING : LaTeX compilation of ch9-cplx-source-transform-example-figure5.tex failed
INFO    : converting ch2-deltawyeexample6.tex to ch2-deltawyeexample6.pdf
ERROR   : LaTeX compilation of ch2-deltawyeexample6.tex failed.
Re-run, requesting "source" as the format, to analyze the image.
Likely creating the entire document as PDF will fail similarly.
The transcript of the LaTeX run follows.
WARNING : LaTeX compilation of ch2-deltawyeexample6.tex failed
INFO    : converting ch7-homogeneous-example4-figure1.tex to ch7-homogeneous-example4-figure1.pdf
ERROR   : LaTeX compilation of ch7-homogeneous-example4-figure1.tex failed.
Re-run, requesting "source" as the format, to analyze the image.
Likely creating the entire document as PDF will fail similarly.
The transcript of the LaTeX run follows.
WARNING : LaTeX compilation of ch7-homogeneous-example4-figure1.tex failed
INFO    : converting ch2-circuit25fig.tex to ch2-circuit25fig.pdf
ERROR   : LaTeX compilation of ch2-circuit25fig.tex failed.
Re-run, requesting "source" as the format, to analyze the image.
Likely creating the entire document as PDF will fail similarly.
The transcript of the LaTeX run follows.
WARNING : LaTeX compilation of ch2-circuit25fig.tex failed
INFO    : converting ch2-eqresistancecktab3.tex to ch2-eqresistancecktab3.pdf
ERROR   : LaTeX compilation of ch2-eqresistancecktab3.tex failed.
Re-run, requesting "source" as the format, to analyze the image.
Likely creating the entire document as PDF will fail similarly.
The transcript of the LaTeX run follows.
WARNING : LaTeX compilation of ch2-eqresistancecktab3.tex failed
INFO    : converting ch1-exampletwoparallelcurrentsother.tex to ch1-exampletwoparallelcurrentsother.pdf
ERROR   : LaTeX compilation of ch1-exampletwoparallelcurrentsother.tex failed.
Re-run, requesting "source" as the format, to analyze the image.
Likely creating the entire document as PDF will fail similarly.
The transcript of the LaTeX run follows.
WARNING : LaTeX compilation of ch1-exampletwoparallelcurrentsother.tex failed
INFO    : converting ch6-general-rl-example5-solution8.tex to ch6-general-rl-example5-solution8.pdf
ERROR   : LaTeX compilation of ch6-general-rl-example5-solution8.tex failed.
Re-run, requesting "source" as the format, to analyze the image.
Likely creating the entire document as PDF will fail similarly.
The transcript of the LaTeX run follows.
WARNING : LaTeX compilation of ch6-general-rl-example5-solution8.tex failed
INFO    : converting ch3-circuit312figans3.tex to ch3-circuit312figans3.pdf
ERROR   : LaTeX compilation of ch3-circuit312figans3.tex failed.
Re-run, requesting "source" as the format, to analyze the image.
Likely creating the entire document as PDF will fail similarly.
The transcript of the LaTeX run follows.
WARNING : LaTeX compilation of ch3-circuit312figans3.tex failed
INFO    : converting ch9-complex-superposition-exercise2-figure1.tex to ch9-complex-superposition-exercise2-figure1.pdf
ERROR   : LaTeX compilation of ch9-complex-superposition-exercise2-figure1.tex failed.
Re-run, requesting "source" as the format, to analyze the image.
Likely creating the entire document as PDF will fail similarly.
The transcript of the LaTeX run follows.
WARNING : LaTeX compilation of ch9-complex-superposition-exercise2-figure1.tex failed
INFO    : converting ch4-examplecircuit41.tex to ch4-examplecircuit41.pdf
ERROR   : LaTeX compilation of ch4-examplecircuit41.tex failed.
Re-run, requesting "source" as the format, to analyze the image.
Likely creating the entire document as PDF will fail similarly.
The transcript of the LaTeX run follows.
WARNING : LaTeX compilation of ch4-examplecircuit41.tex failed
INFO    : converting ch5-tgeneralrcexample5solution10.tex to ch5-tgeneralrcexample5solution10.pdf
ERROR   : LaTeX compilation of ch5-tgeneralrcexample5solution10.tex failed.
Re-run, requesting "source" as the format, to analyze the image.
Likely creating the entire document as PDF will fail similarly.
The transcript of the LaTeX run follows.
WARNING : LaTeX compilation of ch5-tgeneralrcexample5solution10.tex failed
INFO    : converting ch8-wye-delta-impedance-figure4.tex to ch8-wye-delta-impedance-figure4.pdf
ERROR   : LaTeX compilation of ch8-wye-delta-impedance-figure4.tex failed.
Re-run, requesting "source" as the format, to analyze the image.
Likely creating the entire document as PDF will fail similarly.
The transcript of the LaTeX run follows.
WARNING : LaTeX compilation of ch8-wye-delta-impedance-figure4.tex failed
INFO    : converting ch9-transfer-function-example2-figure1.tex to ch9-transfer-function-example2-figure1.pdf
ERROR   : LaTeX compilation of ch9-transfer-function-example2-figure1.tex failed.
Re-run, requesting "source" as the format, to analyze the image.
Likely creating the entire document as PDF will fail similarly.
The transcript of the LaTeX run follows.
WARNING : LaTeX compilation of ch9-transfer-function-example2-figure1.tex failed
INFO    : converting ch6-general-rl-example3-solution2.tex to ch6-general-rl-example3-solution2.pdf
ERROR   : LaTeX compilation of ch6-general-rl-example3-solution2.tex failed.
Re-run, requesting "source" as the format, to analyze the image.
Likely creating the entire document as PDF will fail similarly.
The transcript of the LaTeX run follows.
WARNING : LaTeX compilation of ch6-general-rl-example3-solution2.tex failed
INFO    : converting ch2-circuit29fig.tex to ch2-circuit29fig.pdf
ERROR   : LaTeX compilation of ch2-circuit29fig.tex failed.
Re-run, requesting "source" as the format, to analyze the image.
Likely creating the entire document as PDF will fail similarly.
The transcript of the LaTeX run follows.
WARNING : LaTeX compilation of ch2-circuit29fig.tex failed
INFO    : converting ch3-openCircuitVoltageFigure1.tex to ch3-openCircuitVoltageFigure1.pdf
ERROR   : LaTeX compilation of ch3-openCircuitVoltageFigure1.tex failed.
Re-run, requesting "source" as the format, to analyze the image.
Likely creating the entire document as PDF will fail similarly.
The transcript of the LaTeX run follows.
WARNING : LaTeX compilation of ch3-openCircuitVoltageFigure1.tex failed
INFO    : converting ch5-tgeneralrcexample5solution2.tex to ch5-tgeneralrcexample5solution2.pdf
ERROR   : LaTeX compilation of ch5-tgeneralrcexample5solution2.tex failed.
Re-run, requesting "source" as the format, to analyze the image.
Likely creating the entire document as PDF will fail similarly.
The transcript of the LaTeX run follows.
WARNING : LaTeX compilation of ch5-tgeneralrcexample5solution2.tex failed
INFO    : converting ch5-chargercexample6.tex to ch5-chargercexample6.pdf
ERROR   : LaTeX compilation of ch5-chargercexample6.tex failed.
Re-run, requesting "source" as the format, to analyze the image.
Likely creating the entire document as PDF will fail similarly.
The transcript of the LaTeX run follows.
WARNING : LaTeX compilation of ch5-chargercexample6.tex failed
INFO    : converting ch9-bsf-analysis-example.tex to ch9-bsf-analysis-example.pdf
ERROR   : LaTeX compilation of ch9-bsf-analysis-example.tex failed.
Re-run, requesting "source" as the format, to analyze the image.
Likely creating the entire document as PDF will fail similarly.
The transcript of the LaTeX run follows.
WARNING : LaTeX compilation of ch9-bsf-analysis-example.tex failed
INFO    : converting ch11-sdomain-analysis-exercise2-diagram.tex to ch11-sdomain-analysis-exercise2-diagram.pdf
ERROR   : LaTeX compilation of ch11-sdomain-analysis-exercise2-diagram.tex failed.
Re-run, requesting "source" as the format, to analyze the image.
Likely creating the entire document as PDF will fail similarly.
The transcript of the LaTeX run follows.
WARNING : LaTeX compilation of ch11-sdomain-analysis-exercise2-diagram.tex failed
INFO    : converting ch7-parallelrlc-parasitic-resistance-general.tex to ch7-parallelrlc-parasitic-resistance-general.pdf
ERROR   : LaTeX compilation of ch7-parallelrlc-parasitic-resistance-general.tex failed.
Re-run, requesting "source" as the format, to analyze the image.
Likely creating the entire document as PDF will fail similarly.
The transcript of the LaTeX run follows.
WARNING : LaTeX compilation of ch7-parallelrlc-parasitic-resistance-general.tex failed
INFO    : converting ch3-shortedCurrentSource.tex to ch3-shortedCurrentSource.pdf
ERROR   : LaTeX compilation of ch3-shortedCurrentSource.tex failed.
Re-run, requesting "source" as the format, to analyze the image.
Likely creating the entire document as PDF will fail similarly.
The transcript of the LaTeX run follows.
WARNING : LaTeX compilation of ch3-shortedCurrentSource.tex failed
INFO    : converting ch5-homogeneousrcexample5solutiongraph1.tex to ch5-homogeneousrcexample5solutiongraph1.pdf
ERROR   : LaTeX compilation of ch5-homogeneousrcexample5solutiongraph1.tex failed.
Re-run, requesting "source" as the format, to analyze the image.
Likely creating the entire document as PDF will fail similarly.
The transcript of the LaTeX run follows.
WARNING : LaTeX compilation of ch5-homogeneousrcexample5solutiongraph1.tex failed
INFO    : converting ch1-dampedsinegraph.tex to ch1-dampedsinegraph.pdf
ERROR   : LaTeX compilation of ch1-dampedsinegraph.tex failed.
Re-run, requesting "source" as the format, to analyze the image.
Likely creating the entire document as PDF will fail similarly.
The transcript of the LaTeX run follows.
WARNING : LaTeX compilation of ch1-dampedsinegraph.tex failed
INFO    : converting ch9-voltage-current-div-exercise1-figure1.tex to ch9-voltage-current-div-exercise1-figure1.pdf
ERROR   : LaTeX compilation of ch9-voltage-current-div-exercise1-figure1.tex failed.
Re-run, requesting "source" as the format, to analyze the image.
Likely creating the entire document as PDF will fail similarly.
The transcript of the LaTeX run follows.
WARNING : LaTeX compilation of ch9-voltage-current-div-exercise1-figure1.tex failed
INFO    : converting ch9-poles-zeros-example1-figure1.tex to ch9-poles-zeros-example1-figure1.pdf
ERROR   : LaTeX compilation of ch9-poles-zeros-example1-figure1.tex failed.
Re-run, requesting "source" as the format, to analyze the image.
Likely creating the entire document as PDF will fail similarly.
The transcript of the LaTeX run follows.
WARNING : LaTeX compilation of ch9-poles-zeros-example1-figure1.tex failed
INFO    : converting ch1-rampfunctionexamplegraphderiv.tex to ch1-rampfunctionexamplegraphderiv.pdf
ERROR   : LaTeX compilation of ch1-rampfunctionexamplegraphderiv.tex failed.
Re-run, requesting "source" as the format, to analyze the image.
Likely creating the entire document as PDF will fail similarly.
The transcript of the LaTeX run follows.
WARNING : LaTeX compilation of ch1-rampfunctionexamplegraphderiv.tex failed
INFO    : converting ch6-ivrelationship-inductors-example5-diagram.tex to ch6-ivrelationship-inductors-example5-diagram.pdf
ERROR   : LaTeX compilation of ch6-ivrelationship-inductors-example5-diagram.tex failed.
Re-run, requesting "source" as the format, to analyze the image.
Likely creating the entire document as PDF will fail similarly.
The transcript of the LaTeX run follows.
WARNING : LaTeX compilation of ch6-ivrelationship-inductors-example5-diagram.tex failed
INFO    : converting ch2-circuit24figans1.tex to ch2-circuit24figans1.pdf
ERROR   : LaTeX compilation of ch2-circuit24figans1.tex failed.
Re-run, requesting "source" as the format, to analyze the image.
Likely creating the entire document as PDF will fail similarly.
The transcript of the LaTeX run follows.
WARNING : LaTeX compilation of ch2-circuit24figans1.tex failed
INFO    : converting ch8-equivalent-impedance-exercise4-diagram.tex to ch8-equivalent-impedance-exercise4-diagram.pdf
ERROR   : LaTeX compilation of ch8-equivalent-impedance-exercise4-diagram.tex failed.
Re-run, requesting "source" as the format, to analyze the image.
Likely creating the entire document as PDF will fail similarly.
The transcript of the LaTeX run follows.
WARNING : LaTeX compilation of ch8-equivalent-impedance-exercise4-diagram.tex failed
INFO    : converting ch9-complex-norton-exercise4-figure1.tex to ch9-complex-norton-exercise4-figure1.pdf
ERROR   : LaTeX compilation of ch9-complex-norton-exercise4-figure1.tex failed.
Re-run, requesting "source" as the format, to analyze the image.
Likely creating the entire document as PDF will fail similarly.
The transcript of the LaTeX run follows.
WARNING : LaTeX compilation of ch9-complex-norton-exercise4-figure1.tex failed
INFO    : converting ch5-tgeneralrcexample5solution3.tex to ch5-tgeneralrcexample5solution3.pdf
ERROR   : LaTeX compilation of ch5-tgeneralrcexample5solution3.tex failed.
Re-run, requesting "source" as the format, to analyze the image.
Likely creating the entire document as PDF will fail similarly.
The transcript of the LaTeX run follows.
WARNING : LaTeX compilation of ch5-tgeneralrcexample5solution3.tex failed
INFO    : converting ch10-max-power-transfer-exercise1-figure1.tex to ch10-max-power-transfer-exercise1-figure1.pdf
ERROR   : LaTeX compilation of ch10-max-power-transfer-exercise1-figure1.tex failed.
Re-run, requesting "source" as the format, to analyze the image.
Likely creating the entire document as PDF will fail similarly.
The transcript of the LaTeX run follows.
WARNING : LaTeX compilation of ch10-max-power-transfer-exercise1-figure1.tex failed
INFO    : converting ch1-electricpotential.tex to ch1-electricpotential.pdf
ERROR   : LaTeX compilation of ch1-electricpotential.tex failed.
Re-run, requesting "source" as the format, to analyze the image.
Likely creating the entire document as PDF will fail similarly.
The transcript of the LaTeX run follows.
WARNING : LaTeX compilation of ch1-electricpotential.tex failed
INFO    : converting ch7-non-homogeneous-second-example1-diagram.tex to ch7-non-homogeneous-second-example1-diagram.pdf
ERROR   : LaTeX compilation of ch7-non-homogeneous-second-example1-diagram.tex failed.
Re-run, requesting "source" as the format, to analyze the image.
Likely creating the entire document as PDF will fail similarly.
The transcript of the LaTeX run follows.
WARNING : LaTeX compilation of ch7-non-homogeneous-second-example1-diagram.tex failed
INFO    : converting ch3-circuit37figans1.tex to ch3-circuit37figans1.pdf
ERROR   : LaTeX compilation of ch3-circuit37figans1.tex failed.
Re-run, requesting "source" as the format, to analyze the image.
Likely creating the entire document as PDF will fail similarly.
The transcript of the LaTeX run follows.
WARNING : LaTeX compilation of ch3-circuit37figans1.tex failed
INFO    : converting ch6-general-rl-example3-solution3.tex to ch6-general-rl-example3-solution3.pdf
ERROR   : LaTeX compilation of ch6-general-rl-example3-solution3.tex failed.
Re-run, requesting "source" as the format, to analyze the image.
Likely creating the entire document as PDF will fail similarly.
The transcript of the LaTeX run follows.
WARNING : LaTeX compilation of ch6-general-rl-example3-solution3.tex failed
INFO    : converting ch6-rl-charging-example5-diagram.tex to ch6-rl-charging-example5-diagram.pdf
ERROR   : LaTeX compilation of ch6-rl-charging-example5-diagram.tex failed.
Re-run, requesting "source" as the format, to analyze the image.
Likely creating the entire document as PDF will fail similarly.
The transcript of the LaTeX run follows.
WARNING : LaTeX compilation of ch6-rl-charging-example5-diagram.tex failed
INFO    : converting ch4-voltagedivfollowerexamplefig.tex to ch4-voltagedivfollowerexamplefig.pdf
ERROR   : LaTeX compilation of ch4-voltagedivfollowerexamplefig.tex failed.
Re-run, requesting "source" as the format, to analyze the image.
Likely creating the entire document as PDF will fail similarly.
The transcript of the LaTeX run follows.
WARNING : LaTeX compilation of ch4-voltagedivfollowerexamplefig.tex failed
INFO    : converting ch8-wye-delta-impedance-figure5.tex to ch8-wye-delta-impedance-figure5.pdf
ERROR   : LaTeX compilation of ch8-wye-delta-impedance-figure5.tex failed.
Re-run, requesting "source" as the format, to analyze the image.
Likely creating the entire document as PDF will fail similarly.
The transcript of the LaTeX run follows.
WARNING : LaTeX compilation of ch8-wye-delta-impedance-figure5.tex failed
INFO    : converting ch5-tgeneralrcexample5solution11.tex to ch5-tgeneralrcexample5solution11.pdf
ERROR   : LaTeX compilation of ch5-tgeneralrcexample5solution11.tex failed.
Re-run, requesting "source" as the format, to analyze the image.
Likely creating the entire document as PDF will fail similarly.
The transcript of the LaTeX run follows.
WARNING : LaTeX compilation of ch5-tgeneralrcexample5solution11.tex failed
INFO    : converting ch9-lpf-magnitude-response.tex to ch9-lpf-magnitude-response.pdf
ERROR   : LaTeX compilation of ch9-lpf-magnitude-response.tex failed.
Re-run, requesting "source" as the format, to analyze the image.
Likely creating the entire document as PDF will fail similarly.
The transcript of the LaTeX run follows.
WARNING : LaTeX compilation of ch9-lpf-magnitude-response.tex failed
INFO    : converting ch10-leading-lagging-current-voltage-graph.tex to ch10-leading-lagging-current-voltage-graph.pdf
ERROR   : LaTeX compilation of ch10-leading-lagging-current-voltage-graph.tex failed.
Re-run, requesting "source" as the format, to analyze the image.
Likely creating the entire document as PDF will fail similarly.
The transcript of the LaTeX run follows.
WARNING : LaTeX compilation of ch10-leading-lagging-current-voltage-graph.tex failed
INFO    : converting ch3-circuit312figans2.tex to ch3-circuit312figans2.pdf
ERROR   : LaTeX compilation of ch3-circuit312figans2.tex failed.
Re-run, requesting "source" as the format, to analyze the image.
Likely creating the entire document as PDF will fail similarly.
The transcript of the LaTeX run follows.
WARNING : LaTeX compilation of ch3-circuit312figans2.tex failed
INFO    : converting ch9-transfer-functions-exercise1-figure2.tex to ch9-transfer-functions-exercise1-figure2.pdf
ERROR   : LaTeX compilation of ch9-transfer-functions-exercise1-figure2.tex failed.
Re-run, requesting "source" as the format, to analyze the image.
Likely creating the entire document as PDF will fail similarly.
The transcript of the LaTeX run follows.
WARNING : LaTeX compilation of ch9-transfer-functions-exercise1-figure2.tex failed
INFO    : converting ch6-general-rl-example5-solution9.tex to ch6-general-rl-example5-solution9.pdf
ERROR   : LaTeX compilation of ch6-general-rl-example5-solution9.tex failed.
Re-run, requesting "source" as the format, to analyze the image.
Likely creating the entire document as PDF will fail similarly.
The transcript of the LaTeX run follows.
WARNING : LaTeX compilation of ch6-general-rl-example5-solution9.tex failed
INFO    : converting ch2-varresistor.tex to ch2-varresistor.pdf
ERROR   : LaTeX compilation of ch2-varresistor.tex failed.
Re-run, requesting "source" as the format, to analyze the image.
Likely creating the entire document as PDF will fail similarly.
The transcript of the LaTeX run follows.
WARNING : LaTeX compilation of ch2-varresistor.tex failed
INFO    : converting ch2-eqresistancecktab2.tex to ch2-eqresistancecktab2.pdf
ERROR   : LaTeX compilation of ch2-eqresistancecktab2.tex failed.
Re-run, requesting "source" as the format, to analyze the image.
Likely creating the entire document as PDF will fail similarly.
The transcript of the LaTeX run follows.
WARNING : LaTeX compilation of ch2-eqresistancecktab2.tex failed
INFO    : converting ch10-power-factor-correction-exercise5-diagram.tex to ch10-power-factor-correction-exercise5-diagram.pdf
ERROR   : LaTeX compilation of ch10-power-factor-correction-exercise5-diagram.tex failed.
Re-run, requesting "source" as the format, to analyze the image.
Likely creating the entire document as PDF will fail similarly.
The transcript of the LaTeX run follows.
WARNING : LaTeX compilation of ch10-power-factor-correction-exercise5-diagram.tex failed
INFO    : converting ch7-varinput-symbolic-example1-figure2.tex to ch7-varinput-symbolic-example1-figure2.pdf
ERROR   : LaTeX compilation of ch7-varinput-symbolic-example1-figure2.tex failed.
Re-run, requesting "source" as the format, to analyze the image.
Likely creating the entire document as PDF will fail similarly.
The transcript of the LaTeX run follows.
WARNING : LaTeX compilation of ch7-varinput-symbolic-example1-figure2.tex failed
INFO    : converting ch3-circuit32figans4.tex to ch3-circuit32figans4.pdf
ERROR   : LaTeX compilation of ch3-circuit32figans4.tex failed.
Re-run, requesting "source" as the format, to analyze the image.
Likely creating the entire document as PDF will fail similarly.
The transcript of the LaTeX run follows.
WARNING : LaTeX compilation of ch3-circuit32figans4.tex failed
INFO    : converting ch9-cplx-source-transform-example-figure4.tex to ch9-cplx-source-transform-example-figure4.pdf
ERROR   : LaTeX compilation of ch9-cplx-source-transform-example-figure4.tex failed.
Re-run, requesting "source" as the format, to analyze the image.
Likely creating the entire document as PDF will fail similarly.
The transcript of the LaTeX run follows.
WARNING : LaTeX compilation of ch9-cplx-source-transform-example-figure4.tex failed
INFO    : converting ch2-deltawyeexample7.tex to ch2-deltawyeexample7.pdf
ERROR   : LaTeX compilation of ch2-deltawyeexample7.tex failed.
Re-run, requesting "source" as the format, to analyze the image.
Likely creating the entire document as PDF will fail similarly.
The transcript of the LaTeX run follows.
WARNING : LaTeX compilation of ch2-deltawyeexample7.tex failed
INFO    : converting ch7-homogeneous-general-numeric-example-fig1.tex to ch7-homogeneous-general-numeric-example-fig1.pdf
ERROR   : LaTeX compilation of ch7-homogeneous-general-numeric-example-fig1.tex failed.
Re-run, requesting "source" as the format, to analyze the image.
Likely creating the entire document as PDF will fail similarly.
The transcript of the LaTeX run follows.
WARNING : LaTeX compilation of ch7-homogeneous-general-numeric-example-fig1.tex failed
INFO    : converting ch6-general-rl-example4-solution7.tex to ch6-general-rl-example4-solution7.pdf
ERROR   : LaTeX compilation of ch6-general-rl-example4-solution7.tex failed.
Re-run, requesting "source" as the format, to analyze the image.
Likely creating the entire document as PDF will fail similarly.
The transcript of the LaTeX run follows.
WARNING : LaTeX compilation of ch6-general-rl-example4-solution7.tex failed
INFO    : converting ch3-sourceTransformationFigure1.tex to ch3-sourceTransformationFigure1.pdf
ERROR   : LaTeX compilation of ch3-sourceTransformationFigure1.tex failed.
Re-run, requesting "source" as the format, to analyze the image.
Likely creating the entire document as PDF will fail similarly.
The transcript of the LaTeX run follows.
WARNING : LaTeX compilation of ch3-sourceTransformationFigure1.tex failed
INFO    : converting ch11-sdomain-example2-figure1.tex to ch11-sdomain-example2-figure1.pdf
ERROR   : LaTeX compilation of ch11-sdomain-example2-figure1.tex failed.
Re-run, requesting "source" as the format, to analyze the image.
Likely creating the entire document as PDF will fail similarly.
The transcript of the LaTeX run follows.
WARNING : LaTeX compilation of ch11-sdomain-example2-figure1.tex failed
INFO    : converting ch10-complex-power-exercise5-diagram.tex to ch10-complex-power-exercise5-diagram.pdf
ERROR   : LaTeX compilation of ch10-complex-power-exercise5-diagram.tex failed.
Re-run, requesting "source" as the format, to analyze the image.
Likely creating the entire document as PDF will fail similarly.
The transcript of the LaTeX run follows.
WARNING : LaTeX compilation of ch10-complex-power-exercise5-diagram.tex failed
INFO    : converting ch9-complex-source-transformation-exercise5-figure1.tex to ch9-complex-source-transformation-exercise5-figure1.pdf
ERROR   : LaTeX compilation of ch9-complex-source-transformation-exercise5-figure1.tex failed.
Re-run, requesting "source" as the format, to analyze the image.
Likely creating the entire document as PDF will fail similarly.
The transcript of the LaTeX run follows.
WARNING : LaTeX compilation of ch9-complex-source-transformation-exercise5-figure1.tex failed
INFO    : converting ch5-generaltransient-endofchapter1.tex to ch5-generaltransient-endofchapter1.pdf
ERROR   : LaTeX compilation of ch5-generaltransient-endofchapter1.tex failed.
Re-run, requesting "source" as the format, to analyze the image.
Likely creating the entire document as PDF will fail similarly.
The transcript of the LaTeX run follows.
WARNING : LaTeX compilation of ch5-generaltransient-endofchapter1.tex failed
INFO    : converting ch9-filters-exercise1-figure2.tex to ch9-filters-exercise1-figure2.pdf
ERROR   : LaTeX compilation of ch9-filters-exercise1-figure2.tex failed.
Re-run, requesting "source" as the format, to analyze the image.
Likely creating the entire document as PDF will fail similarly.
The transcript of the LaTeX run follows.
WARNING : LaTeX compilation of ch9-filters-exercise1-figure2.tex failed
INFO    : converting ch8-equiv-impedance-example-fig2.tex to ch8-equiv-impedance-example-fig2.pdf
ERROR   : LaTeX compilation of ch8-equiv-impedance-example-fig2.tex failed.
Re-run, requesting "source" as the format, to analyze the image.
Likely creating the entire document as PDF will fail similarly.
The transcript of the LaTeX run follows.
WARNING : LaTeX compilation of ch8-equiv-impedance-example-fig2.tex failed
INFO    : converting ch4-voutvinplotopampsaturation.tex to ch4-voutvinplotopampsaturation.pdf
ERROR   : LaTeX compilation of ch4-voutvinplotopampsaturation.tex failed.
Re-run, requesting "source" as the format, to analyze the image.
Likely creating the entire document as PDF will fail similarly.
The transcript of the LaTeX run follows.
WARNING : LaTeX compilation of ch4-voutvinplotopampsaturation.tex failed
INFO    : converting ch9-filter-type-example2-figure3.tex to ch9-filter-type-example2-figure3.pdf
ERROR   : LaTeX compilation of ch9-filter-type-example2-figure3.tex failed.
Re-run, requesting "source" as the format, to analyze the image.
Likely creating the entire document as PDF will fail similarly.
The transcript of the LaTeX run follows.
WARNING : LaTeX compilation of ch9-filter-type-example2-figure3.tex failed
INFO    : converting ch7-homogeneous-overdamped-graph.tex to ch7-homogeneous-overdamped-graph.pdf
ERROR   : LaTeX compilation of ch7-homogeneous-overdamped-graph.tex failed.
Re-run, requesting "source" as the format, to analyze the image.
Likely creating the entire document as PDF will fail similarly.
The transcript of the LaTeX run follows.
WARNING : LaTeX compilation of ch7-homogeneous-overdamped-graph.tex failed
INFO    : converting ch5-equivalentcapacitanceex1.tex to ch5-equivalentcapacitanceex1.pdf
ERROR   : LaTeX compilation of ch5-equivalentcapacitanceex1.tex failed.
Re-run, requesting "source" as the format, to analyze the image.
Likely creating the entire document as PDF will fail similarly.
The transcript of the LaTeX run follows.
WARNING : LaTeX compilation of ch5-equivalentcapacitanceex1.tex failed
INFO    : converting ch5-chargingrcexample1solution1.tex to ch5-chargingrcexample1solution1.pdf
ERROR   : LaTeX compilation of ch5-chargingrcexample1solution1.tex failed.
Re-run, requesting "source" as the format, to analyze the image.
Likely creating the entire document as PDF will fail similarly.
The transcript of the LaTeX run follows.
WARNING : LaTeX compilation of ch5-chargingrcexample1solution1.tex failed
INFO    : converting ch9-filter-type-example2-figure1.tex to ch9-filter-type-example2-figure1.pdf
ERROR   : LaTeX compilation of ch9-filter-type-example2-figure1.tex failed.
Re-run, requesting "source" as the format, to analyze the image.
Likely creating the entire document as PDF will fail similarly.
The transcript of the LaTeX run follows.
WARNING : LaTeX compilation of ch9-filter-type-example2-figure1.tex failed
INFO    : converting ch2-circuit218fig.tex to ch2-circuit218fig.pdf
ERROR   : LaTeX compilation of ch2-circuit218fig.tex failed.
Re-run, requesting "source" as the format, to analyze the image.
Likely creating the entire document as PDF will fail similarly.
The transcript of the LaTeX run follows.
WARNING : LaTeX compilation of ch2-circuit218fig.tex failed
INFO    : converting ch5-ceqexample2solution2.tex to ch5-ceqexample2solution2.pdf
ERROR   : LaTeX compilation of ch5-ceqexample2solution2.tex failed.
Re-run, requesting "source" as the format, to analyze the image.
Likely creating the entire document as PDF will fail similarly.
The transcript of the LaTeX run follows.
WARNING : LaTeX compilation of ch5-ceqexample2solution2.tex failed
INFO    : converting ch1-circuit114exercise.tex to ch1-circuit114exercise.pdf
ERROR   : LaTeX compilation of ch1-circuit114exercise.tex failed.
Re-run, requesting "source" as the format, to analyze the image.
Likely creating the entire document as PDF will fail similarly.
The transcript of the LaTeX run follows.
WARNING : LaTeX compilation of ch1-circuit114exercise.tex failed
INFO    : converting ch5-equivalentcapacproblemsetnumber5.tex to ch5-equivalentcapacproblemsetnumber5.pdf
ERROR   : LaTeX compilation of ch5-equivalentcapacproblemsetnumber5.tex failed.
Re-run, requesting "source" as the format, to analyze the image.
Likely creating the entire document as PDF will fail similarly.
The transcript of the LaTeX run follows.
WARNING : LaTeX compilation of ch5-equivalentcapacproblemsetnumber5.tex failed
INFO    : converting ch9-filters-exercise4-diagram.tex to ch9-filters-exercise4-diagram.pdf
ERROR   : LaTeX compilation of ch9-filters-exercise4-diagram.tex failed.
Re-run, requesting "source" as the format, to analyze the image.
Likely creating the entire document as PDF will fail similarly.
The transcript of the LaTeX run follows.
WARNING : LaTeX compilation of ch9-filters-exercise4-diagram.tex failed
INFO    : converting ch9-complex-source-transformation-exercise5-figure3.tex to ch9-complex-source-transformation-exercise5-figure3.pdf
ERROR   : LaTeX compilation of ch9-complex-source-transformation-exercise5-figure3.tex failed.
Re-run, requesting "source" as the format, to analyze the image.
Likely creating the entire document as PDF will fail similarly.
The transcript of the LaTeX run follows.
WARNING : LaTeX compilation of ch9-complex-source-transformation-exercise5-figure3.tex failed
INFO    : converting ch9-complex-kcl-kvl-exercise5-diagram.tex to ch9-complex-kcl-kvl-exercise5-diagram.pdf
ERROR   : LaTeX compilation of ch9-complex-kcl-kvl-exercise5-diagram.tex failed.
Re-run, requesting "source" as the format, to analyze the image.
Likely creating the entire document as PDF will fail similarly.
The transcript of the LaTeX run follows.
WARNING : LaTeX compilation of ch9-complex-kcl-kvl-exercise5-diagram.tex failed
INFO    : converting ch9-cplx-norton-example-figure8.tex to ch9-cplx-norton-example-figure8.pdf
ERROR   : LaTeX compilation of ch9-cplx-norton-example-figure8.tex failed.
Re-run, requesting "source" as the format, to analyze the image.
Likely creating the entire document as PDF will fail similarly.
The transcript of the LaTeX run follows.
WARNING : LaTeX compilation of ch9-cplx-norton-example-figure8.tex failed
INFO    : converting ch5-generalrcexample8.tex to ch5-generalrcexample8.pdf
ERROR   : LaTeX compilation of ch5-generalrcexample8.tex failed.
Re-run, requesting "source" as the format, to analyze the image.
Likely creating the entire document as PDF will fail similarly.
The transcript of the LaTeX run follows.
WARNING : LaTeX compilation of ch5-generalrcexample8.tex failed
INFO    : converting ch3-circuit31fig.tex to ch3-circuit31fig.pdf
ERROR   : LaTeX compilation of ch3-circuit31fig.tex failed.
Re-run, requesting "source" as the format, to analyze the image.
Likely creating the entire document as PDF will fail similarly.
The transcript of the LaTeX run follows.
WARNING : LaTeX compilation of ch3-circuit31fig.tex failed
INFO    : converting ch3-sourceTransformationFigure3.tex to ch3-sourceTransformationFigure3.pdf
ERROR   : LaTeX compilation of ch3-sourceTransformationFigure3.tex failed.
Re-run, requesting "source" as the format, to analyze the image.
Likely creating the entire document as PDF will fail similarly.
The transcript of the LaTeX run follows.
WARNING : LaTeX compilation of ch3-sourceTransformationFigure3.tex failed
INFO    : converting ch11-sdomain-example2-figure3.tex to ch11-sdomain-example2-figure3.pdf
ERROR   : LaTeX compilation of ch11-sdomain-example2-figure3.tex failed.
Re-run, requesting "source" as the format, to analyze the image.
Likely creating the entire document as PDF will fail similarly.
The transcript of the LaTeX run follows.
WARNING : LaTeX compilation of ch11-sdomain-example2-figure3.tex failed
INFO    : converting ch2-deltawyeexample5.tex to ch2-deltawyeexample5.pdf
ERROR   : LaTeX compilation of ch2-deltawyeexample5.tex failed.
Re-run, requesting "source" as the format, to analyze the image.
Likely creating the entire document as PDF will fail similarly.
The transcript of the LaTeX run follows.
WARNING : LaTeX compilation of ch2-deltawyeexample5.tex failed
INFO    : converting ch7-homogeneous-example4-figure2.tex to ch7-homogeneous-example4-figure2.pdf
ERROR   : LaTeX compilation of ch7-homogeneous-example4-figure2.tex failed.
Re-run, requesting "source" as the format, to analyze the image.
Likely creating the entire document as PDF will fail similarly.
The transcript of the LaTeX run follows.
WARNING : LaTeX compilation of ch7-homogeneous-example4-figure2.tex failed
INFO    : converting ch9-cplx-source-transform-example-figure6.tex to ch9-cplx-source-transform-example-figure6.pdf
ERROR   : LaTeX compilation of ch9-cplx-source-transform-example-figure6.tex failed.
Re-run, requesting "source" as the format, to analyze the image.
Likely creating the entire document as PDF will fail similarly.
The transcript of the LaTeX run follows.
WARNING : LaTeX compilation of ch9-cplx-source-transform-example-figure6.tex failed
INFO    : converting ch9-first-order-lpf-rc.tex to ch9-first-order-lpf-rc.pdf
ERROR   : LaTeX compilation of ch9-first-order-lpf-rc.tex failed.
Re-run, requesting "source" as the format, to analyze the image.
Likely creating the entire document as PDF will fail similarly.
The transcript of the LaTeX run follows.
WARNING : LaTeX compilation of ch9-first-order-lpf-rc.tex failed
INFO    : converting ch6-general-rl-example4-solution5.tex to ch6-general-rl-example4-solution5.pdf
ERROR   : LaTeX compilation of ch6-general-rl-example4-solution5.tex failed.
Re-run, requesting "source" as the format, to analyze the image.
Likely creating the entire document as PDF will fail similarly.
The transcript of the LaTeX run follows.
WARNING : LaTeX compilation of ch6-general-rl-example4-solution5.tex failed
INFO    : converting ch1-currentdirectionexample.tex to ch1-currentdirectionexample.pdf
ERROR   : LaTeX compilation of ch1-currentdirectionexample.tex failed.
Re-run, requesting "source" as the format, to analyze the image.
Likely creating the entire document as PDF will fail similarly.
The transcript of the LaTeX run follows.
WARNING : LaTeX compilation of ch1-currentdirectionexample.tex failed
INFO    : converting ch7-homogeneous-general-numeric-example-fig3.tex to ch7-homogeneous-general-numeric-example-fig3.pdf
ERROR   : LaTeX compilation of ch7-homogeneous-general-numeric-example-fig3.tex failed.
Re-run, requesting "source" as the format, to analyze the image.
Likely creating the entire document as PDF will fail similarly.
The transcript of the LaTeX run follows.
WARNING : LaTeX compilation of ch7-homogeneous-general-numeric-example-fig3.tex failed
INFO    : converting ch1-dependentsourcesfigure.tex to ch1-dependentsourcesfigure.pdf
ERROR   : LaTeX compilation of ch1-dependentsourcesfigure.tex failed.
Re-run, requesting "source" as the format, to analyze the image.
Likely creating the entire document as PDF will fail similarly.
The transcript of the LaTeX run follows.
WARNING : LaTeX compilation of ch1-dependentsourcesfigure.tex failed
INFO    : converting ch5-homogeneousrccircuitlastexamplediagram.tex to ch5-homogeneousrccircuitlastexamplediagram.pdf
ERROR   : LaTeX compilation of ch5-homogeneousrccircuitlastexamplediagram.tex failed.
Re-run, requesting "source" as the format, to analyze the image.
Likely creating the entire document as PDF will fail similarly.
The transcript of the LaTeX run follows.
WARNING : LaTeX compilation of ch5-homogeneousrccircuitlastexamplediagram.tex failed
INFO    : converting ch3-circuit310fignothelpful.tex to ch3-circuit310fignothelpful.pdf
ERROR   : LaTeX compilation of ch3-circuit310fignothelpful.tex failed.
Re-run, requesting "source" as the format, to analyze the image.
Likely creating the entire document as PDF will fail similarly.
The transcript of the LaTeX run follows.
WARNING : LaTeX compilation of ch3-circuit310fignothelpful.tex failed
INFO    : converting ch9-transfer-functions-exercise4-diagram.tex to ch9-transfer-functions-exercise4-diagram.pdf
ERROR   : LaTeX compilation of ch9-transfer-functions-exercise4-diagram.tex failed.
Re-run, requesting "source" as the format, to analyze the image.
Likely creating the entire document as PDF will fail similarly.
The transcript of the LaTeX run follows.
WARNING : LaTeX compilation of ch9-transfer-functions-exercise4-diagram.tex failed
INFO    : converting ch4-examplecircuit42.tex to ch4-examplecircuit42.pdf
ERROR   : LaTeX compilation of ch4-examplecircuit42.tex failed.
Re-run, requesting "source" as the format, to analyze the image.
Likely creating the entire document as PDF will fail similarly.
The transcript of the LaTeX run follows.
WARNING : LaTeX compilation of ch4-examplecircuit42.tex failed
INFO    : converting ch9-cascaded-active-bpf-example-diagram.tex to ch9-cascaded-active-bpf-example-diagram.pdf
ERROR   : LaTeX compilation of ch9-cascaded-active-bpf-example-diagram.tex failed.
Re-run, requesting "source" as the format, to analyze the image.
Likely creating the entire document as PDF will fail similarly.
The transcript of the LaTeX run follows.
WARNING : LaTeX compilation of ch9-cascaded-active-bpf-example-diagram.tex failed
INFO    : converting ch9-complex-norton-exercise4-answer.tex to ch9-complex-norton-exercise4-answer.pdf
ERROR   : LaTeX compilation of ch9-complex-norton-exercise4-answer.tex failed.
Re-run, requesting "source" as the format, to analyze the image.
Likely creating the entire document as PDF will fail similarly.
The transcript of the LaTeX run follows.
WARNING : LaTeX compilation of ch9-complex-norton-exercise4-answer.tex failed
INFO    : converting ch7-series-parallel-example2-figure4.tex to ch7-series-parallel-example2-figure4.pdf
ERROR   : LaTeX compilation of ch7-series-parallel-example2-figure4.tex failed.
Re-run, requesting "source" as the format, to analyze the image.
Likely creating the entire document as PDF will fail similarly.
The transcript of the LaTeX run follows.
WARNING : LaTeX compilation of ch7-series-parallel-example2-figure4.tex failed
INFO    : converting ch6-general-rl-example3-solution1.tex to ch6-general-rl-example3-solution1.pdf
ERROR   : LaTeX compilation of ch6-general-rl-example3-solution1.tex failed.
Re-run, requesting "source" as the format, to analyze the image.
Likely creating the entire document as PDF will fail similarly.
The transcript of the LaTeX run follows.
WARNING : LaTeX compilation of ch6-general-rl-example3-solution1.tex failed
INFO    : converting ch5-tgeneralrcexample5solution1.tex to ch5-tgeneralrcexample5solution1.pdf
ERROR   : LaTeX compilation of ch5-tgeneralrcexample5solution1.tex failed.
Re-run, requesting "source" as the format, to analyze the image.
Likely creating the entire document as PDF will fail similarly.
The transcript of the LaTeX run follows.
WARNING : LaTeX compilation of ch5-tgeneralrcexample5solution1.tex failed
INFO    : converting ch5-chargercexample5.tex to ch5-chargercexample5.pdf
ERROR   : LaTeX compilation of ch5-chargercexample5.tex failed.
Re-run, requesting "source" as the format, to analyze the image.
Likely creating the entire document as PDF will fail similarly.
The transcript of the LaTeX run follows.
WARNING : LaTeX compilation of ch5-chargercexample5.tex failed
INFO    : converting ch2-circuit24figans3.tex to ch2-circuit24figans3.pdf
ERROR   : LaTeX compilation of ch2-circuit24figans3.tex failed.
Re-run, requesting "source" as the format, to analyze the image.
Likely creating the entire document as PDF will fail similarly.
The transcript of the LaTeX run follows.
WARNING : LaTeX compilation of ch2-circuit24figans3.tex failed
INFO    : converting ch5-parallelcaps-8-2-8-2.tex to ch5-parallelcaps-8-2-8-2.pdf
ERROR   : LaTeX compilation of ch5-parallelcaps-8-2-8-2.tex failed.
Re-run, requesting "source" as the format, to analyze the image.
Likely creating the entire document as PDF will fail similarly.
The transcript of the LaTeX run follows.
WARNING : LaTeX compilation of ch5-parallelcaps-8-2-8-2.tex failed
INFO    : converting ch3-openCircuitVoltageFigure2.tex to ch3-openCircuitVoltageFigure2.pdf
ERROR   : LaTeX compilation of ch3-openCircuitVoltageFigure2.tex failed.
Re-run, requesting "source" as the format, to analyze the image.
Likely creating the entire document as PDF will fail similarly.
The transcript of the LaTeX run follows.
WARNING : LaTeX compilation of ch3-openCircuitVoltageFigure2.tex failed
INFO    : converting ch1-open-and-closed-circuit.tex to ch1-open-and-closed-circuit.pdf
ERROR   : LaTeX compilation of ch1-open-and-closed-circuit.tex failed.
Re-run, requesting "source" as the format, to analyze the image.
Likely creating the entire document as PDF will fail similarly.
The transcript of the LaTeX run follows.
WARNING : LaTeX compilation of ch1-open-and-closed-circuit.tex failed
INFO    : converting ch5-homogeneousrcexample5solutiongraph2.tex to ch5-homogeneousrcexample5solutiongraph2.pdf
ERROR   : LaTeX compilation of ch5-homogeneousrcexample5solutiongraph2.tex failed.
Re-run, requesting "source" as the format, to analyze the image.
Likely creating the entire document as PDF will fail similarly.
The transcript of the LaTeX run follows.
WARNING : LaTeX compilation of ch5-homogeneousrcexample5solutiongraph2.tex failed
INFO    : converting ch9-lpf-second-order-example-figure.tex to ch9-lpf-second-order-example-figure.pdf
ERROR   : LaTeX compilation of ch9-lpf-second-order-example-figure.tex failed.
Re-run, requesting "source" as the format, to analyze the image.
Likely creating the entire document as PDF will fail similarly.
The transcript of the LaTeX run follows.
WARNING : LaTeX compilation of ch9-lpf-second-order-example-figure.tex failed
INFO    : converting ch2-eqresistancecktef.tex to ch2-eqresistancecktef.pdf
ERROR   : LaTeX compilation of ch2-eqresistancecktef.tex failed.
Re-run, requesting "source" as the format, to analyze the image.
Likely creating the entire document as PDF will fail similarly.
The transcript of the LaTeX run follows.
WARNING : LaTeX compilation of ch2-eqresistancecktef.tex failed
INFO    : converting ch5-homogeneousrcexample5solutiongraph3.tex to ch5-homogeneousrcexample5solutiongraph3.pdf
ERROR   : LaTeX compilation of ch5-homogeneousrcexample5solutiongraph3.tex failed.
Re-run, requesting "source" as the format, to analyze the image.
Likely creating the entire document as PDF will fail similarly.
The transcript of the LaTeX run follows.
WARNING : LaTeX compilation of ch5-homogeneousrcexample5solutiongraph3.tex failed
INFO    : converting ch9-complex-mesh-analysis-exercise3-figure1.tex to ch9-complex-mesh-analysis-exercise3-figure1.pdf
ERROR   : LaTeX compilation of ch9-complex-mesh-analysis-exercise3-figure1.tex failed.
Re-run, requesting "source" as the format, to analyze the image.
Likely creating the entire document as PDF will fail similarly.
The transcript of the LaTeX run follows.
WARNING : LaTeX compilation of ch9-complex-mesh-analysis-exercise3-figure1.tex failed
INFO    : converting ch9-complex-norton-equivalent-circuit.tex to ch9-complex-norton-equivalent-circuit.pdf
ERROR   : LaTeX compilation of ch9-complex-norton-equivalent-circuit.tex failed.
Re-run, requesting "source" as the format, to analyze the image.
Likely creating the entire document as PDF will fail similarly.
The transcript of the LaTeX run follows.
WARNING : LaTeX compilation of ch9-complex-norton-equivalent-circuit.tex failed
INFO    : converting ch9-cplx-thevenin-example-figure4.tex to ch9-cplx-thevenin-example-figure4.pdf
ERROR   : LaTeX compilation of ch9-cplx-thevenin-example-figure4.tex failed.
Re-run, requesting "source" as the format, to analyze the image.
Likely creating the entire document as PDF will fail similarly.
The transcript of the LaTeX run follows.
WARNING : LaTeX compilation of ch9-cplx-thevenin-example-figure4.tex failed
INFO    : converting ch3-openCircuitVoltageFigure3.tex to ch3-openCircuitVoltageFigure3.pdf
ERROR   : LaTeX compilation of ch3-openCircuitVoltageFigure3.tex failed.
Re-run, requesting "source" as the format, to analyze the image.
Likely creating the entire document as PDF will fail similarly.
The transcript of the LaTeX run follows.
WARNING : LaTeX compilation of ch3-openCircuitVoltageFigure3.tex failed
INFO    : converting ch3-circuit37figans2.tex to ch3-circuit37figans2.pdf
ERROR   : LaTeX compilation of ch3-circuit37figans2.tex failed.
Re-run, requesting "source" as the format, to analyze the image.
Likely creating the entire document as PDF will fail similarly.
The transcript of the LaTeX run follows.
WARNING : LaTeX compilation of ch3-circuit37figans2.tex failed
INFO    : converting ch9-complex-norton-exercise4-figure2.tex to ch9-complex-norton-exercise4-figure2.pdf
ERROR   : LaTeX compilation of ch9-complex-norton-exercise4-figure2.tex failed.
Re-run, requesting "source" as the format, to analyze the image.
Likely creating the entire document as PDF will fail similarly.
The transcript of the LaTeX run follows.
WARNING : LaTeX compilation of ch9-complex-norton-exercise4-figure2.tex failed
INFO    : converting ch5-chargercexample4.tex to ch5-chargercexample4.pdf
ERROR   : LaTeX compilation of ch5-chargercexample4.tex failed.
Re-run, requesting "source" as the format, to analyze the image.
Likely creating the entire document as PDF will fail similarly.
The transcript of the LaTeX run follows.
WARNING : LaTeX compilation of ch5-chargercexample4.tex failed
INFO    : converting ch2-circuit24figans2.tex to ch2-circuit24figans2.pdf
ERROR   : LaTeX compilation of ch2-circuit24figans2.tex failed.
Re-run, requesting "source" as the format, to analyze the image.
Likely creating the entire document as PDF will fail similarly.
The transcript of the LaTeX run follows.
WARNING : LaTeX compilation of ch2-circuit24figans2.tex failed
INFO    : converting ch8-deltawye-ex3-figure4.tex to ch8-deltawye-ex3-figure4.pdf
ERROR   : LaTeX compilation of ch8-deltawye-ex3-figure4.tex failed.
Re-run, requesting "source" as the format, to analyze the image.
Likely creating the entire document as PDF will fail similarly.
The transcript of the LaTeX run follows.
WARNING : LaTeX compilation of ch8-deltawye-ex3-figure4.tex failed
INFO    : converting ch7-series-rlc-example5-diagram.tex to ch7-series-rlc-example5-diagram.pdf
ERROR   : LaTeX compilation of ch7-series-rlc-example5-diagram.tex failed.
Re-run, requesting "source" as the format, to analyze the image.
Likely creating the entire document as PDF will fail similarly.
The transcript of the LaTeX run follows.
WARNING : LaTeX compilation of ch7-series-rlc-example5-diagram.tex failed
INFO    : converting ch5-tgeneralrcexample5solution12.tex to ch5-tgeneralrcexample5solution12.pdf
ERROR   : LaTeX compilation of ch5-tgeneralrcexample5solution12.tex failed.
Re-run, requesting "source" as the format, to analyze the image.
Likely creating the entire document as PDF will fail similarly.
The transcript of the LaTeX run follows.
WARNING : LaTeX compilation of ch5-tgeneralrcexample5solution12.tex failed
INFO    : converting ch4-examplecircuit43.tex to ch4-examplecircuit43.pdf
ERROR   : LaTeX compilation of ch4-examplecircuit43.tex failed.
Re-run, requesting "source" as the format, to analyze the image.
Likely creating the entire document as PDF will fail similarly.
The transcript of the LaTeX run follows.
WARNING : LaTeX compilation of ch4-examplecircuit43.tex failed
INFO    : converting ch2-circuit222fig.tex to ch2-circuit222fig.pdf
ERROR   : LaTeX compilation of ch2-circuit222fig.tex failed.
Re-run, requesting "source" as the format, to analyze the image.
Likely creating the entire document as PDF will fail similarly.
The transcript of the LaTeX run follows.
WARNING : LaTeX compilation of ch2-circuit222fig.tex failed
INFO    : converting ch9-current-source-transformed-voltage.tex to ch9-current-source-transformed-voltage.pdf
ERROR   : LaTeX compilation of ch9-current-source-transformed-voltage.tex failed.
Re-run, requesting "source" as the format, to analyze the image.
Likely creating the entire document as PDF will fail similarly.
The transcript of the LaTeX run follows.
WARNING : LaTeX compilation of ch9-current-source-transformed-voltage.tex failed
INFO    : converting ch3-circuit312figans.tex to ch3-circuit312figans.pdf
ERROR   : LaTeX compilation of ch3-circuit312figans.tex failed.
Re-run, requesting "source" as the format, to analyze the image.
Likely creating the entire document as PDF will fail similarly.
The transcript of the LaTeX run follows.
WARNING : LaTeX compilation of ch3-circuit312figans.tex failed
INFO    : converting ch9-transfer-functions-exercise1-figure1.tex to ch9-transfer-functions-exercise1-figure1.pdf
ERROR   : LaTeX compilation of ch9-transfer-functions-exercise1-figure1.tex failed.
Re-run, requesting "source" as the format, to analyze the image.
Likely creating the entire document as PDF will fail similarly.
The transcript of the LaTeX run follows.
WARNING : LaTeX compilation of ch9-transfer-functions-exercise1-figure1.tex failed
INFO    : converting ch3-circuit312figans1.tex to ch3-circuit312figans1.pdf
ERROR   : LaTeX compilation of ch3-circuit312figans1.tex failed.
Re-run, requesting "source" as the format, to analyze the image.
Likely creating the entire document as PDF will fail similarly.
The transcript of the LaTeX run follows.
WARNING : LaTeX compilation of ch3-circuit312figans1.tex failed
INFO    : converting ch6-parallelinductordiagram.tex to ch6-parallelinductordiagram.pdf
ERROR   : LaTeX compilation of ch6-parallelinductordiagram.tex failed.
Re-run, requesting "source" as the format, to analyze the image.
Likely creating the entire document as PDF will fail similarly.
The transcript of the LaTeX run follows.
WARNING : LaTeX compilation of ch6-parallelinductordiagram.tex failed
INFO    : converting ch7-varinput-symbolic-example1-figure1.tex to ch7-varinput-symbolic-example1-figure1.pdf
ERROR   : LaTeX compilation of ch7-varinput-symbolic-example1-figure1.tex failed.
Re-run, requesting "source" as the format, to analyze the image.
Likely creating the entire document as PDF will fail similarly.
The transcript of the LaTeX run follows.
WARNING : LaTeX compilation of ch7-varinput-symbolic-example1-figure1.tex failed
INFO    : converting ch10-power-compensation-circuit.tex to ch10-power-compensation-circuit.pdf
ERROR   : LaTeX compilation of ch10-power-compensation-circuit.tex failed.
Re-run, requesting "source" as the format, to analyze the image.
Likely creating the entire document as PDF will fail similarly.
The transcript of the LaTeX run follows.
WARNING : LaTeX compilation of ch10-power-compensation-circuit.tex failed
INFO    : converting ch7-homogeneous-general-numeric-example-fig2.tex to ch7-homogeneous-general-numeric-example-fig2.pdf
ERROR   : LaTeX compilation of ch7-homogeneous-general-numeric-example-fig2.tex failed.
Re-run, requesting "source" as the format, to analyze the image.
Likely creating the entire document as PDF will fail similarly.
The transcript of the LaTeX run follows.
WARNING : LaTeX compilation of ch7-homogeneous-general-numeric-example-fig2.tex failed
INFO    : converting ch6-general-rl-example4-solution4.tex to ch6-general-rl-example4-solution4.pdf
ERROR   : LaTeX compilation of ch6-general-rl-example4-solution4.tex failed.
Re-run, requesting "source" as the format, to analyze the image.
Likely creating the entire document as PDF will fail similarly.
The transcript of the LaTeX run follows.
WARNING : LaTeX compilation of ch6-general-rl-example4-solution4.tex failed
INFO    : converting ch2-deltawyeexample4.tex to ch2-deltawyeexample4.pdf
ERROR   : LaTeX compilation of ch2-deltawyeexample4.tex failed.
Re-run, requesting "source" as the format, to analyze the image.
Likely creating the entire document as PDF will fail similarly.
The transcript of the LaTeX run follows.
WARNING : LaTeX compilation of ch2-deltawyeexample4.tex failed
INFO    : converting ch6-generalexample2fig8b.tex to ch6-generalexample2fig8b.pdf
ERROR   : LaTeX compilation of ch6-generalexample2fig8b.tex failed.
Re-run, requesting "source" as the format, to analyze the image.
Likely creating the entire document as PDF will fail similarly.
The transcript of the LaTeX run follows.
WARNING : LaTeX compilation of ch6-generalexample2fig8b.tex failed
INFO    : converting ch11-sdomain-example2-figure2.tex to ch11-sdomain-example2-figure2.pdf
ERROR   : LaTeX compilation of ch11-sdomain-example2-figure2.tex failed.
Re-run, requesting "source" as the format, to analyze the image.
Likely creating the entire document as PDF will fail similarly.
The transcript of the LaTeX run follows.
WARNING : LaTeX compilation of ch11-sdomain-example2-figure2.tex failed
INFO    : converting ch5-generalrcexample9.tex to ch5-generalrcexample9.pdf
ERROR   : LaTeX compilation of ch5-generalrcexample9.tex failed.
Re-run, requesting "source" as the format, to analyze the image.
Likely creating the entire document as PDF will fail similarly.
The transcript of the LaTeX run follows.
WARNING : LaTeX compilation of ch5-generalrcexample9.tex failed
INFO    : converting ch3-sourceTransformationFigure2.tex to ch3-sourceTransformationFigure2.pdf
ERROR   : LaTeX compilation of ch3-sourceTransformationFigure2.tex failed.
Re-run, requesting "source" as the format, to analyze the image.
Likely creating the entire document as PDF will fail similarly.
The transcript of the LaTeX run follows.
WARNING : LaTeX compilation of ch3-sourceTransformationFigure2.tex failed
INFO    : converting ch9-complex-source-transformation-exercise5-figure2.tex to ch9-complex-source-transformation-exercise5-figure2.pdf
ERROR   : LaTeX compilation of ch9-complex-source-transformation-exercise5-figure2.tex failed.
Re-run, requesting "source" as the format, to analyze the image.
Likely creating the entire document as PDF will fail similarly.
The transcript of the LaTeX run follows.
WARNING : LaTeX compilation of ch9-complex-source-transformation-exercise5-figure2.tex failed
INFO    : converting ch9-cplx-norton-example-figure9.tex to ch9-cplx-norton-example-figure9.pdf
ERROR   : LaTeX compilation of ch9-cplx-norton-example-figure9.tex failed.
Re-run, requesting "source" as the format, to analyze the image.
Likely creating the entire document as PDF will fail similarly.
The transcript of the LaTeX run follows.
WARNING : LaTeX compilation of ch9-cplx-norton-example-figure9.tex failed
INFO    : converting ch2-wyecircuitdiagram.tex to ch2-wyecircuitdiagram.pdf
ERROR   : LaTeX compilation of ch2-wyecircuitdiagram.tex failed.
Re-run, requesting "source" as the format, to analyze the image.
Likely creating the entire document as PDF will fail similarly.
The transcript of the LaTeX run follows.
WARNING : LaTeX compilation of ch2-wyecircuitdiagram.tex failed
INFO    : converting ch8-equiv-impedance-example-fig1.tex to ch8-equiv-impedance-example-fig1.pdf
ERROR   : LaTeX compilation of ch8-equiv-impedance-example-fig1.tex failed.
Re-run, requesting "source" as the format, to analyze the image.
Likely creating the entire document as PDF will fail similarly.
The transcript of the LaTeX run follows.
WARNING : LaTeX compilation of ch8-equiv-impedance-example-fig1.tex failed
INFO    : converting ch9-filters-exercise1-figure1.tex to ch9-filters-exercise1-figure1.pdf
ERROR   : LaTeX compilation of ch9-filters-exercise1-figure1.tex failed.
Re-run, requesting "source" as the format, to analyze the image.
Likely creating the entire document as PDF will fail similarly.
The transcript of the LaTeX run follows.
WARNING : LaTeX compilation of ch9-filters-exercise1-figure1.tex failed
INFO    : converting ch5-equivalentcapacproblemsetnumber4.tex to ch5-equivalentcapacproblemsetnumber4.pdf
ERROR   : LaTeX compilation of ch5-equivalentcapacproblemsetnumber4.tex failed.
Re-run, requesting "source" as the format, to analyze the image.
Likely creating the entire document as PDF will fail similarly.
The transcript of the LaTeX run follows.
WARNING : LaTeX compilation of ch5-equivalentcapacproblemsetnumber4.tex failed
INFO    : converting ch6-rl-general-example3-diagram.tex to ch6-rl-general-example3-diagram.pdf
ERROR   : LaTeX compilation of ch6-rl-general-example3-diagram.tex failed.
Re-run, requesting "source" as the format, to analyze the image.
Likely creating the entire document as PDF will fail similarly.
The transcript of the LaTeX run follows.
WARNING : LaTeX compilation of ch6-rl-general-example3-diagram.tex failed
INFO    : converting ch4-invertingopampfigure.tex to ch4-invertingopampfigure.pdf
ERROR   : LaTeX compilation of ch4-invertingopampfigure.tex failed.
Re-run, requesting "source" as the format, to analyze the image.
Likely creating the entire document as PDF will fail similarly.
The transcript of the LaTeX run follows.
WARNING : LaTeX compilation of ch4-invertingopampfigure.tex failed
INFO    : converting ch2-resistorcolorbands.tex to ch2-resistorcolorbands.pdf
ERROR   : LaTeX compilation of ch2-resistorcolorbands.tex failed.
Re-run, requesting "source" as the format, to analyze the image.
Likely creating the entire document as PDF will fail similarly.
The transcript of the LaTeX run follows.
WARNING : LaTeX compilation of ch2-resistorcolorbands.tex failed
INFO    : converting ch4-invertingopampexamplefig.tex to ch4-invertingopampexamplefig.pdf
ERROR   : LaTeX compilation of ch4-invertingopampexamplefig.tex failed.
Re-run, requesting "source" as the format, to analyze the image.
Likely creating the entire document as PDF will fail similarly.
The transcript of the LaTeX run follows.
WARNING : LaTeX compilation of ch4-invertingopampexamplefig.tex failed
INFO    : converting ch11-sdomain-example1-figure2.tex to ch11-sdomain-example1-figure2.pdf
ERROR   : LaTeX compilation of ch11-sdomain-example1-figure2.tex failed.
Re-run, requesting "source" as the format, to analyze the image.
Likely creating the entire document as PDF will fail similarly.
The transcript of the LaTeX run follows.
WARNING : LaTeX compilation of ch11-sdomain-example1-figure2.tex failed
INFO    : converting ch8-deltawye-ex5-figure1.tex to ch8-deltawye-ex5-figure1.pdf
ERROR   : LaTeX compilation of ch8-deltawye-ex5-figure1.tex failed.
Re-run, requesting "source" as the format, to analyze the image.
Likely creating the entire document as PDF will fail similarly.
The transcript of the LaTeX run follows.
WARNING : LaTeX compilation of ch8-deltawye-ex5-figure1.tex failed
INFO    : converting ch5-dischargercexample3.tex to ch5-dischargercexample3.pdf
ERROR   : LaTeX compilation of ch5-dischargercexample3.tex failed.
Re-run, requesting "source" as the format, to analyze the image.
Likely creating the entire document as PDF will fail similarly.
The transcript of the LaTeX run follows.
WARNING : LaTeX compilation of ch5-dischargercexample3.tex failed
INFO    : converting ch6-equivalentinductance-example5-solution5.tex to ch6-equivalentinductance-example5-solution5.pdf
ERROR   : LaTeX compilation of ch6-equivalentinductance-example5-solution5.tex failed.
Re-run, requesting "source" as the format, to analyze the image.
Likely creating the entire document as PDF will fail similarly.
The transcript of the LaTeX run follows.
WARNING : LaTeX compilation of ch6-equivalentinductance-example5-solution5.tex failed
INFO    : converting ch6-generalexample1fig9.tex to ch6-generalexample1fig9.pdf
ERROR   : LaTeX compilation of ch6-generalexample1fig9.tex failed.
Re-run, requesting "source" as the format, to analyze the image.
Likely creating the entire document as PDF will fail similarly.
The transcript of the LaTeX run follows.
WARNING : LaTeX compilation of ch6-generalexample1fig9.tex failed
INFO    : converting ch6-generalrl-example2-solution3.tex to ch6-generalrl-example2-solution3.pdf
ERROR   : LaTeX compilation of ch6-generalrl-example2-solution3.tex failed.
Re-run, requesting "source" as the format, to analyze the image.
Likely creating the entire document as PDF will fail similarly.
The transcript of the LaTeX run follows.
WARNING : LaTeX compilation of ch6-generalrl-example2-solution3.tex failed
INFO    : converting ch7-varinput-symbolic-example2-figure1.tex to ch7-varinput-symbolic-example2-figure1.pdf
ERROR   : LaTeX compilation of ch7-varinput-symbolic-example2-figure1.tex failed.
Re-run, requesting "source" as the format, to analyze the image.
Likely creating the entire document as PDF will fail similarly.
The transcript of the LaTeX run follows.
WARNING : LaTeX compilation of ch7-varinput-symbolic-example2-figure1.tex failed
INFO    : converting ch5-dischargercexampledependent3.tex to ch5-dischargercexampledependent3.pdf
ERROR   : LaTeX compilation of ch5-dischargercexampledependent3.tex failed.
Re-run, requesting "source" as the format, to analyze the image.
Likely creating the entire document as PDF will fail similarly.
The transcript of the LaTeX run follows.
WARNING : LaTeX compilation of ch5-dischargercexampledependent3.tex failed
INFO    : converting ch9-complex-superposition-exercise4-figure6.tex to ch9-complex-superposition-exercise4-figure6.pdf
ERROR   : LaTeX compilation of ch9-complex-superposition-exercise4-figure6.tex failed.
Re-run, requesting "source" as the format, to analyze the image.
Likely creating the entire document as PDF will fail similarly.
The transcript of the LaTeX run follows.
WARNING : LaTeX compilation of ch9-complex-superposition-exercise4-figure6.tex failed
INFO    : converting ch6-homogeneousrlcircuit-example1-solution1.tex to ch6-homogeneousrlcircuit-example1-solution1.pdf
ERROR   : LaTeX compilation of ch6-homogeneousrlcircuit-example1-solution1.tex failed.
Re-run, requesting "source" as the format, to analyze the image.
Likely creating the entire document as PDF will fail similarly.
The transcript of the LaTeX run follows.
WARNING : LaTeX compilation of ch6-homogeneousrlcircuit-example1-solution1.tex failed
INFO    : converting ch2-highlowpotential.tex to ch2-highlowpotential.pdf
ERROR   : LaTeX compilation of ch2-highlowpotential.tex failed.
Re-run, requesting "source" as the format, to analyze the image.
Likely creating the entire document as PDF will fail similarly.
The transcript of the LaTeX run follows.
WARNING : LaTeX compilation of ch2-highlowpotential.tex failed
INFO    : converting ch2-wyedeltaexample2.tex to ch2-wyedeltaexample2.pdf
ERROR   : LaTeX compilation of ch2-wyedeltaexample2.tex failed.
Re-run, requesting "source" as the format, to analyze the image.
Likely creating the entire document as PDF will fail similarly.
The transcript of the LaTeX run follows.
WARNING : LaTeX compilation of ch2-wyedeltaexample2.tex failed
INFO    : converting ch9-filters-exercise2-figure1.tex to ch9-filters-exercise2-figure1.pdf
ERROR   : LaTeX compilation of ch9-filters-exercise2-figure1.tex failed.
Re-run, requesting "source" as the format, to analyze the image.
Likely creating the entire document as PDF will fail similarly.
The transcript of the LaTeX run follows.
WARNING : LaTeX compilation of ch9-filters-exercise2-figure1.tex failed
INFO    : converting ch2-eqresistanceckt.tex to ch2-eqresistanceckt.pdf
ERROR   : LaTeX compilation of ch2-eqresistanceckt.tex failed.
Re-run, requesting "source" as the format, to analyze the image.
Likely creating the entire document as PDF will fail similarly.
The transcript of the LaTeX run follows.
WARNING : LaTeX compilation of ch2-eqresistanceckt.tex failed
INFO    : converting ch6-generalexample2fig20.tex to ch6-generalexample2fig20.pdf
ERROR   : LaTeX compilation of ch6-generalexample2fig20.tex failed.
Re-run, requesting "source" as the format, to analyze the image.
Likely creating the entire document as PDF will fail similarly.
The transcript of the LaTeX run follows.
WARNING : LaTeX compilation of ch6-generalexample2fig20.tex failed
INFO    : converting ch9-complex-kcl-kvl-exercise3-figure1.tex to ch9-complex-kcl-kvl-exercise3-figure1.pdf
ERROR   : LaTeX compilation of ch9-complex-kcl-kvl-exercise3-figure1.tex failed.
Re-run, requesting "source" as the format, to analyze the image.
Likely creating the entire document as PDF will fail similarly.
The transcript of the LaTeX run follows.
WARNING : LaTeX compilation of ch9-complex-kcl-kvl-exercise3-figure1.tex failed
INFO    : converting ch2-eqresistancecktae2.tex to ch2-eqresistancecktae2.pdf
ERROR   : LaTeX compilation of ch2-eqresistancecktae2.tex failed.
Re-run, requesting "source" as the format, to analyze the image.
Likely creating the entire document as PDF will fail similarly.
The transcript of the LaTeX run follows.
WARNING : LaTeX compilation of ch2-eqresistancecktae2.tex failed
INFO    : converting ch6-generalrl-example1-solution6.tex to ch6-generalrl-example1-solution6.pdf
ERROR   : LaTeX compilation of ch6-generalrl-example1-solution6.tex failed.
Re-run, requesting "source" as the format, to analyze the image.
Likely creating the entire document as PDF will fail similarly.
The transcript of the LaTeX run follows.
WARNING : LaTeX compilation of ch6-generalrl-example1-solution6.tex failed
INFO    : converting ch3-circuit310figans4.tex to ch3-circuit310figans4.pdf
ERROR   : LaTeX compilation of ch3-circuit310figans4.tex failed.
Re-run, requesting "source" as the format, to analyze the image.
Likely creating the entire document as PDF will fail similarly.
The transcript of the LaTeX run follows.
WARNING : LaTeX compilation of ch3-circuit310figans4.tex failed
INFO    : converting ch2-circuit23figans2.tex to ch2-circuit23figans2.pdf
ERROR   : LaTeX compilation of ch2-circuit23figans2.tex failed.
Re-run, requesting "source" as the format, to analyze the image.
Likely creating the entire document as PDF will fail similarly.
The transcript of the LaTeX run follows.
WARNING : LaTeX compilation of ch2-circuit23figans2.tex failed
INFO    : converting ch5-nonhomogeneousrccircuitfigure.tex to ch5-nonhomogeneousrccircuitfigure.pdf
ERROR   : LaTeX compilation of ch5-nonhomogeneousrccircuitfigure.tex failed.
Re-run, requesting "source" as the format, to analyze the image.
Likely creating the entire document as PDF will fail similarly.
The transcript of the LaTeX run follows.
WARNING : LaTeX compilation of ch5-nonhomogeneousrccircuitfigure.tex failed
INFO    : converting ch8-equivalent-deltawye-exercise1-answer.tex to ch8-equivalent-deltawye-exercise1-answer.pdf
ERROR   : LaTeX compilation of ch8-equivalent-deltawye-exercise1-answer.tex failed.
Re-run, requesting "source" as the format, to analyze the image.
Likely creating the entire document as PDF will fail similarly.
The transcript of the LaTeX run follows.
WARNING : LaTeX compilation of ch8-equivalent-deltawye-exercise1-answer.tex failed
INFO    : converting ch6-homogeneousrl-example4-solution2.tex to ch6-homogeneousrl-example4-solution2.pdf
ERROR   : LaTeX compilation of ch6-homogeneousrl-example4-solution2.tex failed.
Re-run, requesting "source" as the format, to analyze the image.
Likely creating the entire document as PDF will fail similarly.
The transcript of the LaTeX run follows.
WARNING : LaTeX compilation of ch6-homogeneousrl-example4-solution2.tex failed
INFO    : converting ch9-transfer-functions-exercise2-figure1.tex to ch9-transfer-functions-exercise2-figure1.pdf
ERROR   : LaTeX compilation of ch9-transfer-functions-exercise2-figure1.tex failed.
Re-run, requesting "source" as the format, to analyze the image.
Likely creating the entire document as PDF will fail similarly.
The transcript of the LaTeX run follows.
WARNING : LaTeX compilation of ch9-transfer-functions-exercise2-figure1.tex failed
INFO    : converting ch9-complex-superposition-exercise1-figure3.tex to ch9-complex-superposition-exercise1-figure3.pdf
ERROR   : LaTeX compilation of ch9-complex-superposition-exercise1-figure3.tex failed.
Re-run, requesting "source" as the format, to analyze the image.
Likely creating the entire document as PDF will fail similarly.
The transcript of the LaTeX run follows.
WARNING : LaTeX compilation of ch9-complex-superposition-exercise1-figure3.tex failed
INFO    : converting ch3-circuit315figans1.tex to ch3-circuit315figans1.pdf
ERROR   : LaTeX compilation of ch3-circuit315figans1.tex failed.
Re-run, requesting "source" as the format, to analyze the image.
Likely creating the entire document as PDF will fail similarly.
The transcript of the LaTeX run follows.
WARNING : LaTeX compilation of ch3-circuit315figans1.tex failed
INFO    : converting ch3-circuit37figansnothelpful.tex to ch3-circuit37figansnothelpful.pdf
ERROR   : LaTeX compilation of ch3-circuit37figansnothelpful.tex failed.
Re-run, requesting "source" as the format, to analyze the image.
Likely creating the entire document as PDF will fail similarly.
The transcript of the LaTeX run follows.
WARNING : LaTeX compilation of ch3-circuit37figansnothelpful.tex failed
INFO    : converting ch5-generalrcexample2solution1.tex to ch5-generalrcexample2solution1.pdf
ERROR   : LaTeX compilation of ch5-generalrcexample2solution1.tex failed.
Re-run, requesting "source" as the format, to analyze the image.
Likely creating the entire document as PDF will fail similarly.
The transcript of the LaTeX run follows.
WARNING : LaTeX compilation of ch5-generalrcexample2solution1.tex failed
INFO    : converting ch6-equivalentinductance-example2-solution1.tex to ch6-equivalentinductance-example2-solution1.pdf
ERROR   : LaTeX compilation of ch6-equivalentinductance-example2-solution1.tex failed.
Re-run, requesting "source" as the format, to analyze the image.
Likely creating the entire document as PDF will fail similarly.
The transcript of the LaTeX run follows.
WARNING : LaTeX compilation of ch6-equivalentinductance-example2-solution1.tex failed
INFO    : converting ch3-circuit38figans4.tex to ch3-circuit38figans4.pdf
ERROR   : LaTeX compilation of ch3-circuit38figans4.tex failed.
Re-run, requesting "source" as the format, to analyze the image.
Likely creating the entire document as PDF will fail similarly.
The transcript of the LaTeX run follows.
WARNING : LaTeX compilation of ch3-circuit38figans4.tex failed
INFO    : converting ch9-cplx-current-divider-example-figure4.tex to ch9-cplx-current-divider-example-figure4.pdf
ERROR   : LaTeX compilation of ch9-cplx-current-divider-example-figure4.tex failed.
Re-run, requesting "source" as the format, to analyze the image.
Likely creating the entire document as PDF will fail similarly.
The transcript of the LaTeX run follows.
WARNING : LaTeX compilation of ch9-cplx-current-divider-example-figure4.tex failed
INFO    : converting ch4-examplecircuit413sol1.tex to ch4-examplecircuit413sol1.pdf
ERROR   : LaTeX compilation of ch4-examplecircuit413sol1.tex failed.
Re-run, requesting "source" as the format, to analyze the image.
Likely creating the entire document as PDF will fail similarly.
The transcript of the LaTeX run follows.
WARNING : LaTeX compilation of ch4-examplecircuit413sol1.tex failed
INFO    : converting ch7-non-homogeneous-example5-figure1.tex to ch7-non-homogeneous-example5-figure1.pdf
ERROR   : LaTeX compilation of ch7-non-homogeneous-example5-figure1.tex failed.
Re-run, requesting "source" as the format, to analyze the image.
Likely creating the entire document as PDF will fail similarly.
The transcript of the LaTeX run follows.
WARNING : LaTeX compilation of ch7-non-homogeneous-example5-figure1.tex failed
INFO    : converting ch3-circuit33figans2re.tex to ch3-circuit33figans2re.pdf
ERROR   : LaTeX compilation of ch3-circuit33figans2re.tex failed.
Re-run, requesting "source" as the format, to analyze the image.
Likely creating the entire document as PDF will fail similarly.
The transcript of the LaTeX run follows.
WARNING : LaTeX compilation of ch3-circuit33figans2re.tex failed
INFO    : converting ch9-cplx-current-divider-example-figure5.tex to ch9-cplx-current-divider-example-figure5.pdf
ERROR   : LaTeX compilation of ch9-cplx-current-divider-example-figure5.tex failed.
Re-run, requesting "source" as the format, to analyze the image.
Likely creating the entire document as PDF will fail similarly.
The transcript of the LaTeX run follows.
WARNING : LaTeX compilation of ch9-cplx-current-divider-example-figure5.tex failed
INFO    : converting ch1-exampletwoseriesvoltagesafter.tex to ch1-exampletwoseriesvoltagesafter.pdf
ERROR   : LaTeX compilation of ch1-exampletwoseriesvoltagesafter.tex failed.
Re-run, requesting "source" as the format, to analyze the image.
Likely creating the entire document as PDF will fail similarly.
The transcript of the LaTeX run follows.
WARNING : LaTeX compilation of ch1-exampletwoseriesvoltagesafter.tex failed
INFO    : converting ch5-generalrcexample5solutiongraph1.tex to ch5-generalrcexample5solutiongraph1.pdf
ERROR   : LaTeX compilation of ch5-generalrcexample5solutiongraph1.tex failed.
Re-run, requesting "source" as the format, to analyze the image.
Likely creating the entire document as PDF will fail similarly.
The transcript of the LaTeX run follows.
WARNING : LaTeX compilation of ch5-generalrcexample5solutiongraph1.tex failed
INFO    : converting ch7-homogeneous-second-example4-diagram.tex to ch7-homogeneous-second-example4-diagram.pdf
ERROR   : LaTeX compilation of ch7-homogeneous-second-example4-diagram.tex failed.
Re-run, requesting "source" as the format, to analyze the image.
Likely creating the entire document as PDF will fail similarly.
The transcript of the LaTeX run follows.
WARNING : LaTeX compilation of ch7-homogeneous-second-example4-diagram.tex failed
INFO    : converting ch9-complex-superposition-exercise1-figure2.tex to ch9-complex-superposition-exercise1-figure2.pdf
ERROR   : LaTeX compilation of ch9-complex-superposition-exercise1-figure2.tex failed.
Re-run, requesting "source" as the format, to analyze the image.
Likely creating the entire document as PDF will fail similarly.
The transcript of the LaTeX run follows.
WARNING : LaTeX compilation of ch9-complex-superposition-exercise1-figure2.tex failed
INFO    : converting ch2-circuitLoops.tex to ch2-circuitLoops.pdf
ERROR   : LaTeX compilation of ch2-circuitLoops.tex failed.
Re-run, requesting "source" as the format, to analyze the image.
Likely creating the entire document as PDF will fail similarly.
The transcript of the LaTeX run follows.
WARNING : LaTeX compilation of ch2-circuitLoops.tex failed
INFO    : converting ch6-homogeneousrl-example4-solution3.tex to ch6-homogeneousrl-example4-solution3.pdf
ERROR   : LaTeX compilation of ch6-homogeneousrl-example4-solution3.tex failed.
Re-run, requesting "source" as the format, to analyze the image.
Likely creating the entire document as PDF will fail similarly.
The transcript of the LaTeX run follows.
WARNING : LaTeX compilation of ch6-homogeneousrl-example4-solution3.tex failed
INFO    : converting ch9-complex-mesh-analysis-exercise5-diagram.tex to ch9-complex-mesh-analysis-exercise5-diagram.pdf
ERROR   : LaTeX compilation of ch9-complex-mesh-analysis-exercise5-diagram.tex failed.
Re-run, requesting "source" as the format, to analyze the image.
Likely creating the entire document as PDF will fail similarly.
The transcript of the LaTeX run follows.
WARNING : LaTeX compilation of ch9-complex-mesh-analysis-exercise5-diagram.tex failed
INFO    : converting ch9-complex-thevenin-exercise3-figure1.tex to ch9-complex-thevenin-exercise3-figure1.pdf
ERROR   : LaTeX compilation of ch9-complex-thevenin-exercise3-figure1.tex failed.
Re-run, requesting "source" as the format, to analyze the image.
Likely creating the entire document as PDF will fail similarly.
The transcript of the LaTeX run follows.
WARNING : LaTeX compilation of ch9-complex-thevenin-exercise3-figure1.tex failed
INFO    : converting ch2-potentiometer.tex to ch2-potentiometer.pdf
ERROR   : LaTeX compilation of ch2-potentiometer.tex failed.
Re-run, requesting "source" as the format, to analyze the image.
Likely creating the entire document as PDF will fail similarly.
The transcript of the LaTeX run follows.
WARNING : LaTeX compilation of ch2-potentiometer.tex failed
INFO    : converting ch2-circuit219figans1.tex to ch2-circuit219figans1.pdf
ERROR   : LaTeX compilation of ch2-circuit219figans1.tex failed.
Re-run, requesting "source" as the format, to analyze the image.
Likely creating the entire document as PDF will fail similarly.
The transcript of the LaTeX run follows.
WARNING : LaTeX compilation of ch2-circuit219figans1.tex failed
INFO    : converting ch2-circuit23figans3.tex to ch2-circuit23figans3.pdf
ERROR   : LaTeX compilation of ch2-circuit23figans3.tex failed.
Re-run, requesting "source" as the format, to analyze the image.
Likely creating the entire document as PDF will fail similarly.
The transcript of the LaTeX run follows.
WARNING : LaTeX compilation of ch2-circuit23figans3.tex failed
INFO    : converting ch1-resistors-connected-for-ohmmeter.tex to ch1-resistors-connected-for-ohmmeter.pdf
ERROR   : LaTeX compilation of ch1-resistors-connected-for-ohmmeter.tex failed.
Re-run, requesting "source" as the format, to analyze the image.
Likely creating the entire document as PDF will fail similarly.
The transcript of the LaTeX run follows.
WARNING : LaTeX compilation of ch1-resistors-connected-for-ohmmeter.tex failed
INFO    : converting ch9-complex-source-transformation-exercise3-figure6.tex to ch9-complex-source-transformation-exercise3-figure6.pdf
ERROR   : LaTeX compilation of ch9-complex-source-transformation-exercise3-figure6.tex failed.
Re-run, requesting "source" as the format, to analyze the image.
Likely creating the entire document as PDF will fail similarly.
The transcript of the LaTeX run follows.
WARNING : LaTeX compilation of ch9-complex-source-transformation-exercise3-figure6.tex failed
INFO    : converting ch2-eqresistancecktae3.tex to ch2-eqresistancecktae3.pdf
ERROR   : LaTeX compilation of ch2-eqresistancecktae3.tex failed.
Re-run, requesting "source" as the format, to analyze the image.
Likely creating the entire document as PDF will fail similarly.
The transcript of the LaTeX run follows.
WARNING : LaTeX compilation of ch2-eqresistancecktae3.tex failed
INFO    : converting ch6-generalrl-example1-solution7.tex to ch6-generalrl-example1-solution7.pdf
ERROR   : LaTeX compilation of ch6-generalrl-example1-solution7.tex failed.
Re-run, requesting "source" as the format, to analyze the image.
Likely creating the entire document as PDF will fail similarly.
The transcript of the LaTeX run follows.
WARNING : LaTeX compilation of ch6-generalrl-example1-solution7.tex failed
INFO    : converting ch1-exampletwoparallelcurrentsotherafter.tex to ch1-exampletwoparallelcurrentsotherafter.pdf
ERROR   : LaTeX compilation of ch1-exampletwoparallelcurrentsotherafter.tex failed.
Re-run, requesting "source" as the format, to analyze the image.
Likely creating the entire document as PDF will fail similarly.
The transcript of the LaTeX run follows.
WARNING : LaTeX compilation of ch1-exampletwoparallelcurrentsotherafter.tex failed
INFO    : converting ch6-generalexample2fig21.tex to ch6-generalexample2fig21.pdf
ERROR   : LaTeX compilation of ch6-generalexample2fig21.tex failed.
Re-run, requesting "source" as the format, to analyze the image.
Likely creating the entire document as PDF will fail similarly.
The transcript of the LaTeX run follows.
WARNING : LaTeX compilation of ch6-generalexample2fig21.tex failed
INFO    : converting ch1-circuit117exercise.tex to ch1-circuit117exercise.pdf
ERROR   : LaTeX compilation of ch1-circuit117exercise.tex failed.
Re-run, requesting "source" as the format, to analyze the image.
Likely creating the entire document as PDF will fail similarly.
The transcript of the LaTeX run follows.
WARNING : LaTeX compilation of ch1-circuit117exercise.tex failed
INFO    : converting ch3-circuit312fig.tex to ch3-circuit312fig.pdf
ERROR   : LaTeX compilation of ch3-circuit312fig.tex failed.
Re-run, requesting "source" as the format, to analyze the image.
Likely creating the entire document as PDF will fail similarly.
The transcript of the LaTeX run follows.
WARNING : LaTeX compilation of ch3-circuit312fig.tex failed
INFO    : converting ch6-chargingrl-example4-solution2.tex to ch6-chargingrl-example4-solution2.pdf
ERROR   : LaTeX compilation of ch6-chargingrl-example4-solution2.tex failed.
Re-run, requesting "source" as the format, to analyze the image.
Likely creating the entire document as PDF will fail similarly.
The transcript of the LaTeX run follows.
WARNING : LaTeX compilation of ch6-chargingrl-example4-solution2.tex failed
INFO    : converting ch2-wyedeltaexample3.tex to ch2-wyedeltaexample3.pdf
ERROR   : LaTeX compilation of ch2-wyedeltaexample3.tex failed.
Re-run, requesting "source" as the format, to analyze the image.
Likely creating the entire document as PDF will fail similarly.
The transcript of the LaTeX run follows.
WARNING : LaTeX compilation of ch2-wyedeltaexample3.tex failed
INFO    : converting ch9-filter-type-example1-figure1.tex to ch9-filter-type-example1-figure1.pdf
ERROR   : LaTeX compilation of ch9-filter-type-example1-figure1.tex failed.
Re-run, requesting "source" as the format, to analyze the image.
Likely creating the entire document as PDF will fail similarly.
The transcript of the LaTeX run follows.
WARNING : LaTeX compilation of ch9-filter-type-example1-figure1.tex failed
INFO    : converting ch3-maximumPowerFigureNorton.tex to ch3-maximumPowerFigureNorton.pdf
ERROR   : LaTeX compilation of ch3-maximumPowerFigureNorton.tex failed.
Re-run, requesting "source" as the format, to analyze the image.
Likely creating the entire document as PDF will fail similarly.
The transcript of the LaTeX run follows.
WARNING : LaTeX compilation of ch3-maximumPowerFigureNorton.tex failed
INFO    : converting ch2-circuit21fig.tex to ch2-circuit21fig.pdf
ERROR   : LaTeX compilation of ch2-circuit21fig.tex failed.
Re-run, requesting "source" as the format, to analyze the image.
Likely creating the entire document as PDF will fail similarly.
The transcript of the LaTeX run follows.
WARNING : LaTeX compilation of ch2-circuit21fig.tex failed
INFO    : converting ch9-complex-superposition-exercise4-figure7.tex to ch9-complex-superposition-exercise4-figure7.pdf
ERROR   : LaTeX compilation of ch9-complex-superposition-exercise4-figure7.tex failed.
Re-run, requesting "source" as the format, to analyze the image.
Likely creating the entire document as PDF will fail similarly.
The transcript of the LaTeX run follows.
WARNING : LaTeX compilation of ch9-complex-superposition-exercise4-figure7.tex failed
INFO    : converting ch3-nortonEquivalentCircuit.tex to ch3-nortonEquivalentCircuit.pdf
ERROR   : LaTeX compilation of ch3-nortonEquivalentCircuit.tex failed.
Re-run, requesting "source" as the format, to analyze the image.
Likely creating the entire document as PDF will fail similarly.
The transcript of the LaTeX run follows.
WARNING : LaTeX compilation of ch3-nortonEquivalentCircuit.tex failed
INFO    : converting ch3-superpositionExampleIndependentSource.tex to ch3-superpositionExampleIndependentSource.pdf
ERROR   : LaTeX compilation of ch3-superpositionExampleIndependentSource.tex failed.
Re-run, requesting "source" as the format, to analyze the image.
Likely creating the entire document as PDF will fail similarly.
The transcript of the LaTeX run follows.
WARNING : LaTeX compilation of ch3-superpositionExampleIndependentSource.tex failed
INFO    : converting ch5-dischargercexampledependent2.tex to ch5-dischargercexampledependent2.pdf
ERROR   : LaTeX compilation of ch5-dischargercexampledependent2.tex failed.
Re-run, requesting "source" as the format, to analyze the image.
Likely creating the entire document as PDF will fail similarly.
The transcript of the LaTeX run follows.
WARNING : LaTeX compilation of ch5-dischargercexampledependent2.tex failed
INFO    : converting ch4-voltagefollowerfig.tex to ch4-voltagefollowerfig.pdf
ERROR   : LaTeX compilation of ch4-voltagefollowerfig.tex failed.
Re-run, requesting "source" as the format, to analyze the image.
Likely creating the entire document as PDF will fail similarly.
The transcript of the LaTeX run follows.
WARNING : LaTeX compilation of ch4-voltagefollowerfig.tex failed
INFO    : converting ch6-generalrl-example2-solution2.tex to ch6-generalrl-example2-solution2.pdf
ERROR   : LaTeX compilation of ch6-generalrl-example2-solution2.tex failed.
Re-run, requesting "source" as the format, to analyze the image.
Likely creating the entire document as PDF will fail similarly.
The transcript of the LaTeX run follows.
WARNING : LaTeX compilation of ch6-generalrl-example2-solution2.tex failed
INFO    : converting ch2-circuit216.tex to ch2-circuit216.pdf
ERROR   : LaTeX compilation of ch2-circuit216.tex failed.
Re-run, requesting "source" as the format, to analyze the image.
Likely creating the entire document as PDF will fail similarly.
The transcript of the LaTeX run follows.
WARNING : LaTeX compilation of ch2-circuit216.tex failed
INFO    : converting ch7-series-parallel-example4-figure1.tex to ch7-series-parallel-example4-figure1.pdf
ERROR   : LaTeX compilation of ch7-series-parallel-example4-figure1.tex failed.
Re-run, requesting "source" as the format, to analyze the image.
Likely creating the entire document as PDF will fail similarly.
The transcript of the LaTeX run follows.
WARNING : LaTeX compilation of ch7-series-parallel-example4-figure1.tex failed
INFO    : converting ch5-dischargercexample2.tex to ch5-dischargercexample2.pdf
ERROR   : LaTeX compilation of ch5-dischargercexample2.tex failed.
Re-run, requesting "source" as the format, to analyze the image.
Likely creating the entire document as PDF will fail similarly.
The transcript of the LaTeX run follows.
WARNING : LaTeX compilation of ch5-dischargercexample2.tex failed
INFO    : converting ch11-sdomain-example1-figure3.tex to ch11-sdomain-example1-figure3.pdf
ERROR   : LaTeX compilation of ch11-sdomain-example1-figure3.tex failed.
Re-run, requesting "source" as the format, to analyze the image.
Likely creating the entire document as PDF will fail similarly.
The transcript of the LaTeX run follows.
WARNING : LaTeX compilation of ch11-sdomain-example1-figure3.tex failed
INFO    : converting ch6-generalexample1fig8.tex to ch6-generalexample1fig8.pdf
ERROR   : LaTeX compilation of ch6-generalexample1fig8.tex failed.
Re-run, requesting "source" as the format, to analyze the image.
Likely creating the entire document as PDF will fail similarly.
The transcript of the LaTeX run follows.
WARNING : LaTeX compilation of ch6-generalexample1fig8.tex failed
INFO    : converting ch6-equivalentinductance-example5-solution4.tex to ch6-equivalentinductance-example5-solution4.pdf
ERROR   : LaTeX compilation of ch6-equivalentinductance-example5-solution4.tex failed.
Re-run, requesting "source" as the format, to analyze the image.
Likely creating the entire document as PDF will fail similarly.
The transcript of the LaTeX run follows.
WARNING : LaTeX compilation of ch6-equivalentinductance-example5-solution4.tex failed
INFO    : converting ch7-series-parallel-example4-figure3.tex to ch7-series-parallel-example4-figure3.pdf
ERROR   : LaTeX compilation of ch7-series-parallel-example4-figure3.tex failed.
Re-run, requesting "source" as the format, to analyze the image.
Likely creating the entire document as PDF will fail similarly.
The transcript of the LaTeX run follows.
WARNING : LaTeX compilation of ch7-series-parallel-example4-figure3.tex failed
INFO    : converting ch2-circuit214.tex to ch2-circuit214.pdf
ERROR   : LaTeX compilation of ch2-circuit214.tex failed.
Re-run, requesting "source" as the format, to analyze the image.
Likely creating the entire document as PDF will fail similarly.
The transcript of the LaTeX run follows.
WARNING : LaTeX compilation of ch2-circuit214.tex failed
INFO    : converting ch6-equivalentinductance-example5-solution6.tex to ch6-equivalentinductance-example5-solution6.pdf
ERROR   : LaTeX compilation of ch6-equivalentinductance-example5-solution6.tex failed.
Re-run, requesting "source" as the format, to analyze the image.
Likely creating the entire document as PDF will fail similarly.
The transcript of the LaTeX run follows.
WARNING : LaTeX compilation of ch6-equivalentinductance-example5-solution6.tex failed
INFO    : converting ch11-sdomain-example1-figure1.tex to ch11-sdomain-example1-figure1.pdf
ERROR   : LaTeX compilation of ch11-sdomain-example1-figure1.tex failed.
Re-run, requesting "source" as the format, to analyze the image.
Likely creating the entire document as PDF will fail similarly.
The transcript of the LaTeX run follows.
WARNING : LaTeX compilation of ch11-sdomain-example1-figure1.tex failed
INFO    : converting ch8-deltawye-ex5-figure2.tex to ch8-deltawye-ex5-figure2.pdf
ERROR   : LaTeX compilation of ch8-deltawye-ex5-figure2.tex failed.
Re-run, requesting "source" as the format, to analyze the image.
Likely creating the entire document as PDF will fail similarly.
The transcript of the LaTeX run follows.
WARNING : LaTeX compilation of ch8-deltawye-ex5-figure2.tex failed
INFO    : converting ch6-equivalentinductance-example3-diagram.tex to ch6-equivalentinductance-example3-diagram.pdf
ERROR   : LaTeX compilation of ch6-equivalentinductance-example3-diagram.tex failed.
Re-run, requesting "source" as the format, to analyze the image.
Likely creating the entire document as PDF will fail similarly.
The transcript of the LaTeX run follows.
WARNING : LaTeX compilation of ch6-equivalentinductance-example3-diagram.tex failed
INFO    : converting ch6-equivalentinductance-example4-solution8.tex to ch6-equivalentinductance-example4-solution8.pdf
ERROR   : LaTeX compilation of ch6-equivalentinductance-example4-solution8.tex failed.
Re-run, requesting "source" as the format, to analyze the image.
Likely creating the entire document as PDF will fail similarly.
The transcript of the LaTeX run follows.
WARNING : LaTeX compilation of ch6-equivalentinductance-example4-solution8.tex failed
INFO    : converting ch7-varinput-symbolic-example2-figure2.tex to ch7-varinput-symbolic-example2-figure2.pdf
ERROR   : LaTeX compilation of ch7-varinput-symbolic-example2-figure2.tex failed.
Re-run, requesting "source" as the format, to analyze the image.
Likely creating the entire document as PDF will fail similarly.
The transcript of the LaTeX run follows.
WARNING : LaTeX compilation of ch7-varinput-symbolic-example2-figure2.tex failed
INFO    : converting ch9-complex-superposition-exercise4-figure5.tex to ch9-complex-superposition-exercise4-figure5.pdf
ERROR   : LaTeX compilation of ch9-complex-superposition-exercise4-figure5.tex failed.
Re-run, requesting "source" as the format, to analyze the image.
Likely creating the entire document as PDF will fail similarly.
The transcript of the LaTeX run follows.
WARNING : LaTeX compilation of ch9-complex-superposition-exercise4-figure5.tex failed
INFO    : converting ch3-circuit35figans4.tex to ch3-circuit35figans4.pdf
ERROR   : LaTeX compilation of ch3-circuit35figans4.tex failed.
Re-run, requesting "source" as the format, to analyze the image.
Likely creating the entire document as PDF will fail similarly.
The transcript of the LaTeX run follows.
WARNING : LaTeX compilation of ch3-circuit35figans4.tex failed
INFO    : converting ch4-examplecircuit47sol1.tex to ch4-examplecircuit47sol1.pdf
ERROR   : LaTeX compilation of ch4-examplecircuit47sol1.tex failed.
Re-run, requesting "source" as the format, to analyze the image.
Likely creating the entire document as PDF will fail similarly.
The transcript of the LaTeX run follows.
WARNING : LaTeX compilation of ch4-examplecircuit47sol1.tex failed
INFO    : converting ch2-wyedeltaexample1.tex to ch2-wyedeltaexample1.pdf
ERROR   : LaTeX compilation of ch2-wyedeltaexample1.tex failed.
Re-run, requesting "source" as the format, to analyze the image.
Likely creating the entire document as PDF will fail similarly.
The transcript of the LaTeX run follows.
WARNING : LaTeX compilation of ch2-wyedeltaexample1.tex failed
INFO    : converting ch6-homogeneousrlcircuit-example1-solution2.tex to ch6-homogeneousrlcircuit-example1-solution2.pdf
ERROR   : LaTeX compilation of ch6-homogeneousrlcircuit-example1-solution2.tex failed.
Re-run, requesting "source" as the format, to analyze the image.
Likely creating the entire document as PDF will fail similarly.
The transcript of the LaTeX run follows.
WARNING : LaTeX compilation of ch6-homogeneousrlcircuit-example1-solution2.tex failed
INFO    : converting ch9-filter-type-example1-figure3.tex to ch9-filter-type-example1-figure3.pdf
ERROR   : LaTeX compilation of ch9-filter-type-example1-figure3.tex failed.
Re-run, requesting "source" as the format, to analyze the image.
Likely creating the entire document as PDF will fail similarly.
The transcript of the LaTeX run follows.
WARNING : LaTeX compilation of ch9-filter-type-example1-figure3.tex failed
INFO    : converting ch6-generalexample2fig23.tex to ch6-generalexample2fig23.pdf
ERROR   : LaTeX compilation of ch6-generalexample2fig23.tex failed.
Re-run, requesting "source" as the format, to analyze the image.
Likely creating the entire document as PDF will fail similarly.
The transcript of the LaTeX run follows.
WARNING : LaTeX compilation of ch6-generalexample2fig23.tex failed
INFO    : converting ch9-complex-kcl-kvl-exercise3-figure2.tex to ch9-complex-kcl-kvl-exercise3-figure2.pdf
ERROR   : LaTeX compilation of ch9-complex-kcl-kvl-exercise3-figure2.tex failed.
Re-run, requesting "source" as the format, to analyze the image.
Likely creating the entire document as PDF will fail similarly.
The transcript of the LaTeX run follows.
WARNING : LaTeX compilation of ch9-complex-kcl-kvl-exercise3-figure2.tex failed
INFO    : converting ch1-integratingstepfunctiongraph.tex to ch1-integratingstepfunctiongraph.pdf
ERROR   : LaTeX compilation of ch1-integratingstepfunctiongraph.tex failed.
Re-run, requesting "source" as the format, to analyze the image.
Likely creating the entire document as PDF will fail similarly.
The transcript of the LaTeX run follows.
WARNING : LaTeX compilation of ch1-integratingstepfunctiongraph.tex failed
INFO    : converting ch9-filters-exercise2-figure2.tex to ch9-filters-exercise2-figure2.pdf
ERROR   : LaTeX compilation of ch9-filters-exercise2-figure2.tex failed.
Re-run, requesting "source" as the format, to analyze the image.
Likely creating the entire document as PDF will fail similarly.
The transcript of the LaTeX run follows.
WARNING : LaTeX compilation of ch9-filters-exercise2-figure2.tex failed
INFO    : converting ch6-generalrl-example1-solution5.tex to ch6-generalrl-example1-solution5.pdf
ERROR   : LaTeX compilation of ch6-generalrl-example1-solution5.tex failed.
Re-run, requesting "source" as the format, to analyze the image.
Likely creating the entire document as PDF will fail similarly.
The transcript of the LaTeX run follows.
WARNING : LaTeX compilation of ch6-generalrl-example1-solution5.tex failed
INFO    : converting ch7-challenge-second-example1-diagram.tex to ch7-challenge-second-example1-diagram.pdf
ERROR   : LaTeX compilation of ch7-challenge-second-example1-diagram.tex failed.
Re-run, requesting "source" as the format, to analyze the image.
Likely creating the entire document as PDF will fail similarly.
The transcript of the LaTeX run follows.
WARNING : LaTeX compilation of ch7-challenge-second-example1-diagram.tex failed
INFO    : converting ch2-meshanalysisex1.tex to ch2-meshanalysisex1.pdf
ERROR   : LaTeX compilation of ch2-meshanalysisex1.tex failed.
Re-run, requesting "source" as the format, to analyze the image.
Likely creating the entire document as PDF will fail similarly.
The transcript of the LaTeX run follows.
WARNING : LaTeX compilation of ch2-meshanalysisex1.tex failed
INFO    : converting ch9-complex-source-transformation-exercise3-figure4.tex to ch9-complex-source-transformation-exercise3-figure4.pdf
ERROR   : LaTeX compilation of ch9-complex-source-transformation-exercise3-figure4.tex failed.
Re-run, requesting "source" as the format, to analyze the image.
Likely creating the entire document as PDF will fail similarly.
The transcript of the LaTeX run follows.
WARNING : LaTeX compilation of ch9-complex-source-transformation-exercise3-figure4.tex failed
INFO    : converting ch7-challenge-exercise2-diagram.tex to ch7-challenge-exercise2-diagram.pdf
ERROR   : LaTeX compilation of ch7-challenge-exercise2-diagram.tex failed.
Re-run, requesting "source" as the format, to analyze the image.
Likely creating the entire document as PDF will fail similarly.
The transcript of the LaTeX run follows.
WARNING : LaTeX compilation of ch7-challenge-exercise2-diagram.tex failed
INFO    : converting ch2-circuit23figans1.tex to ch2-circuit23figans1.pdf
ERROR   : LaTeX compilation of ch2-circuit23figans1.tex failed.
Re-run, requesting "source" as the format, to analyze the image.
Likely creating the entire document as PDF will fail similarly.
The transcript of the LaTeX run follows.
WARNING : LaTeX compilation of ch2-circuit23figans1.tex failed
INFO    : converting ch1-measuringcurrentseries.tex to ch1-measuringcurrentseries.pdf
ERROR   : LaTeX compilation of ch1-measuringcurrentseries.tex failed.
Re-run, requesting "source" as the format, to analyze the image.
Likely creating the entire document as PDF will fail similarly.
The transcript of the LaTeX run follows.
WARNING : LaTeX compilation of ch1-measuringcurrentseries.tex failed
INFO    : converting ch9-poles-zeros-example2-figure1.tex to ch9-poles-zeros-example2-figure1.pdf
ERROR   : LaTeX compilation of ch9-poles-zeros-example2-figure1.tex failed.
Re-run, requesting "source" as the format, to analyze the image.
Likely creating the entire document as PDF will fail similarly.
The transcript of the LaTeX run follows.
WARNING : LaTeX compilation of ch9-poles-zeros-example2-figure1.tex failed
INFO    : converting ch5-generalrcexample5solution2.tex to ch5-generalrcexample5solution2.pdf
ERROR   : LaTeX compilation of ch5-generalrcexample5solution2.tex failed.
Re-run, requesting "source" as the format, to analyze the image.
Likely creating the entire document as PDF will fail similarly.
The transcript of the LaTeX run follows.
WARNING : LaTeX compilation of ch5-generalrcexample5solution2.tex failed
INFO    : converting ch9-voltage-current-div-exercise2-figure1.tex to ch9-voltage-current-div-exercise2-figure1.pdf
ERROR   : LaTeX compilation of ch9-voltage-current-div-exercise2-figure1.tex failed.
Re-run, requesting "source" as the format, to analyze the image.
Likely creating the entire document as PDF will fail similarly.
The transcript of the LaTeX run follows.
WARNING : LaTeX compilation of ch9-voltage-current-div-exercise2-figure1.tex failed
INFO    : converting ch9-complex-thevenin-exercise3-figure3.tex to ch9-complex-thevenin-exercise3-figure3.pdf
ERROR   : LaTeX compilation of ch9-complex-thevenin-exercise3-figure3.tex failed.
Re-run, requesting "source" as the format, to analyze the image.
Likely creating the entire document as PDF will fail similarly.
The transcript of the LaTeX run follows.
WARNING : LaTeX compilation of ch9-complex-thevenin-exercise3-figure3.tex failed
INFO    : converting ch3-superpositionExampleFigure.tex to ch3-superpositionExampleFigure.pdf
ERROR   : LaTeX compilation of ch3-superpositionExampleFigure.tex failed.
Re-run, requesting "source" as the format, to analyze the image.
Likely creating the entire document as PDF will fail similarly.
The transcript of the LaTeX run follows.
WARNING : LaTeX compilation of ch3-superpositionExampleFigure.tex failed
INFO    : converting ch3-equivalentCircuits.tex to ch3-equivalentCircuits.pdf
ERROR   : LaTeX compilation of ch3-equivalentCircuits.tex failed.
Re-run, requesting "source" as the format, to analyze the image.
Likely creating the entire document as PDF will fail similarly.
The transcript of the LaTeX run follows.
WARNING : LaTeX compilation of ch3-equivalentCircuits.tex failed
INFO    : converting ch11-sdomain-analysis-exercise4-figure1.tex to ch11-sdomain-analysis-exercise4-figure1.pdf
ERROR   : LaTeX compilation of ch11-sdomain-analysis-exercise4-figure1.tex failed.
Re-run, requesting "source" as the format, to analyze the image.
Likely creating the entire document as PDF will fail similarly.
The transcript of the LaTeX run follows.
WARNING : LaTeX compilation of ch11-sdomain-analysis-exercise4-figure1.tex failed
INFO    : converting ch3-circuit315figans.tex to ch3-circuit315figans.pdf
ERROR   : LaTeX compilation of ch3-circuit315figans.tex failed.
Re-run, requesting "source" as the format, to analyze the image.
Likely creating the entire document as PDF will fail similarly.
The transcript of the LaTeX run follows.
WARNING : LaTeX compilation of ch3-circuit315figans.tex failed
INFO    : converting ch6-homogeneousrl-example4-solution1.tex to ch6-homogeneousrl-example4-solution1.pdf
ERROR   : LaTeX compilation of ch6-homogeneousrl-example4-solution1.tex failed.
Re-run, requesting "source" as the format, to analyze the image.
Likely creating the entire document as PDF will fail similarly.
The transcript of the LaTeX run follows.
WARNING : LaTeX compilation of ch6-homogeneousrl-example4-solution1.tex failed
INFO    : converting ch6-chargingrl-example3-solution4.tex to ch6-chargingrl-example3-solution4.pdf
ERROR   : LaTeX compilation of ch6-chargingrl-example3-solution4.tex failed.
Re-run, requesting "source" as the format, to analyze the image.
Likely creating the entire document as PDF will fail similarly.
The transcript of the LaTeX run follows.
WARNING : LaTeX compilation of ch6-chargingrl-example3-solution4.tex failed
INFO    : converting ch9-cplx-current-voltage-divider-example5-diagram.tex to ch9-cplx-current-voltage-divider-example5-diagram.pdf
ERROR   : LaTeX compilation of ch9-cplx-current-voltage-divider-example5-diagram.tex failed.
Re-run, requesting "source" as the format, to analyze the image.
Likely creating the entire document as PDF will fail similarly.
The transcript of the LaTeX run follows.
WARNING : LaTeX compilation of ch9-cplx-current-voltage-divider-example5-diagram.tex failed
INFO    : converting ch9-transfer-functions-exercise2-figure2.tex to ch9-transfer-functions-exercise2-figure2.pdf
ERROR   : LaTeX compilation of ch9-transfer-functions-exercise2-figure2.tex failed.
Re-run, requesting "source" as the format, to analyze the image.
Likely creating the entire document as PDF will fail similarly.
The transcript of the LaTeX run follows.
WARNING : LaTeX compilation of ch9-transfer-functions-exercise2-figure2.tex failed
INFO    : converting ch3-circuit315figans2.tex to ch3-circuit315figans2.pdf
ERROR   : LaTeX compilation of ch3-circuit315figans2.tex failed.
Re-run, requesting "source" as the format, to analyze the image.
Likely creating the entire document as PDF will fail similarly.
The transcript of the LaTeX run follows.
WARNING : LaTeX compilation of ch3-circuit315figans2.tex failed
INFO    : converting ch9-complex-superposition-exercise4-diagram.tex to ch9-complex-superposition-exercise4-diagram.pdf
ERROR   : LaTeX compilation of ch9-complex-superposition-exercise4-diagram.tex failed.
Re-run, requesting "source" as the format, to analyze the image.
Likely creating the entire document as PDF will fail similarly.
The transcript of the LaTeX run follows.
WARNING : LaTeX compilation of ch9-complex-superposition-exercise4-diagram.tex failed
INFO    : converting ch4-opampcircuitmodel.tex to ch4-opampcircuitmodel.pdf
ERROR   : LaTeX compilation of ch4-opampcircuitmodel.tex failed.
Re-run, requesting "source" as the format, to analyze the image.
Likely creating the entire document as PDF will fail similarly.
The transcript of the LaTeX run follows.
WARNING : LaTeX compilation of ch4-opampcircuitmodel.tex failed
INFO    : converting ch6-equivalentinductance-example2-solution2.tex to ch6-equivalentinductance-example2-solution2.pdf
ERROR   : LaTeX compilation of ch6-equivalentinductance-example2-solution2.tex failed.
Re-run, requesting "source" as the format, to analyze the image.
Likely creating the entire document as PDF will fail similarly.
The transcript of the LaTeX run follows.
WARNING : LaTeX compilation of ch6-equivalentinductance-example2-solution2.tex failed
INFO    : converting ch5-generalrcexample2solution2.tex to ch5-generalrcexample2solution2.pdf
ERROR   : LaTeX compilation of ch5-generalrcexample2solution2.tex failed.
Re-run, requesting "source" as the format, to analyze the image.
Likely creating the entire document as PDF will fail similarly.
The transcript of the LaTeX run follows.
WARNING : LaTeX compilation of ch5-generalrcexample2solution2.tex failed
INFO    : converting ch5-generalrcexample5solutiongraph3.tex to ch5-generalrcexample5solutiongraph3.pdf
ERROR   : LaTeX compilation of ch5-generalrcexample5solutiongraph3.tex failed.
Re-run, requesting "source" as the format, to analyze the image.
Likely creating the entire document as PDF will fail similarly.
The transcript of the LaTeX run follows.
WARNING : LaTeX compilation of ch5-generalrcexample5solutiongraph3.tex failed
INFO    : converting ch7-non-homogeneous-example5-figure2.tex to ch7-non-homogeneous-example5-figure2.pdf
ERROR   : LaTeX compilation of ch7-non-homogeneous-example5-figure2.tex failed.
Re-run, requesting "source" as the format, to analyze the image.
Likely creating the entire document as PDF will fail similarly.
The transcript of the LaTeX run follows.
WARNING : LaTeX compilation of ch7-non-homogeneous-example5-figure2.tex failed
INFO    : converting ch5-homogeneousrcexample4solution1.tex to ch5-homogeneousrcexample4solution1.pdf
ERROR   : LaTeX compilation of ch5-homogeneousrcexample4solution1.tex failed.
Re-run, requesting "source" as the format, to analyze the image.
Likely creating the entire document as PDF will fail similarly.
The transcript of the LaTeX run follows.
WARNING : LaTeX compilation of ch5-homogeneousrcexample4solution1.tex failed
INFO    : converting ch7-nonhomogeneous-example5-diagram.tex to ch7-nonhomogeneous-example5-diagram.pdf
ERROR   : LaTeX compilation of ch7-nonhomogeneous-example5-diagram.tex failed.
Re-run, requesting "source" as the format, to analyze the image.
Likely creating the entire document as PDF will fail similarly.
The transcript of the LaTeX run follows.
WARNING : LaTeX compilation of ch7-nonhomogeneous-example5-diagram.tex failed
INFO    : converting ch9-cplx-current-divider-example-figure6.tex to ch9-cplx-current-divider-example-figure6.pdf
ERROR   : LaTeX compilation of ch9-cplx-current-divider-example-figure6.tex failed.
Re-run, requesting "source" as the format, to analyze the image.
Likely creating the entire document as PDF will fail similarly.
The transcript of the LaTeX run follows.
WARNING : LaTeX compilation of ch9-cplx-current-divider-example-figure6.tex failed
INFO    : converting ch9-transfer-function-example1-figure1.tex to ch9-transfer-function-example1-figure1.pdf
ERROR   : LaTeX compilation of ch9-transfer-function-example1-figure1.tex failed.
Re-run, requesting "source" as the format, to analyze the image.
Likely creating the entire document as PDF will fail similarly.
The transcript of the LaTeX run follows.
WARNING : LaTeX compilation of ch9-transfer-function-example1-figure1.tex failed
INFO    : converting ch7-non-homogeneous-example5-figure3.tex to ch7-non-homogeneous-example5-figure3.pdf
ERROR   : LaTeX compilation of ch7-non-homogeneous-example5-figure3.tex failed.
Re-run, requesting "source" as the format, to analyze the image.
Likely creating the entire document as PDF will fail similarly.
The transcript of the LaTeX run follows.
WARNING : LaTeX compilation of ch7-non-homogeneous-example5-figure3.tex failed
INFO    : converting ch2-kclkvlexfig.tex to ch2-kclkvlexfig.pdf
ERROR   : LaTeX compilation of ch2-kclkvlexfig.tex failed.
Re-run, requesting "source" as the format, to analyze the image.
Likely creating the entire document as PDF will fail similarly.
The transcript of the LaTeX run follows.
WARNING : LaTeX compilation of ch2-kclkvlexfig.tex failed
INFO    : converting ch5-generalrcexample5solutiongraph2.tex to ch5-generalrcexample5solutiongraph2.pdf
ERROR   : LaTeX compilation of ch5-generalrcexample5solutiongraph2.tex failed.
Re-run, requesting "source" as the format, to analyze the image.
Likely creating the entire document as PDF will fail similarly.
The transcript of the LaTeX run follows.
WARNING : LaTeX compilation of ch5-generalrcexample5solutiongraph2.tex failed
INFO    : converting ch6-equivalentinductance-example2-solution3.tex to ch6-equivalentinductance-example2-solution3.pdf
ERROR   : LaTeX compilation of ch6-equivalentinductance-example2-solution3.tex failed.
Re-run, requesting "source" as the format, to analyze the image.
Likely creating the entire document as PDF will fail similarly.
The transcript of the LaTeX run follows.
WARNING : LaTeX compilation of ch6-equivalentinductance-example2-solution3.tex failed
INFO    : converting ch5-generalrcexample2solution3.tex to ch5-generalrcexample2solution3.pdf
ERROR   : LaTeX compilation of ch5-generalrcexample2solution3.tex failed.
Re-run, requesting "source" as the format, to analyze the image.
Likely creating the entire document as PDF will fail similarly.
The transcript of the LaTeX run follows.
WARNING : LaTeX compilation of ch5-generalrcexample2solution3.tex failed
INFO    : converting ch10-max-power-exercise5-diagram.tex to ch10-max-power-exercise5-diagram.pdf
ERROR   : LaTeX compilation of ch10-max-power-exercise5-diagram.tex failed.
Re-run, requesting "source" as the format, to analyze the image.
Likely creating the entire document as PDF will fail similarly.
The transcript of the LaTeX run follows.
WARNING : LaTeX compilation of ch10-max-power-exercise5-diagram.tex failed
INFO    : converting ch1-ammeter.tex to ch1-ammeter.pdf
ERROR   : LaTeX compilation of ch1-ammeter.tex failed.
Re-run, requesting "source" as the format, to analyze the image.
Likely creating the entire document as PDF will fail similarly.
The transcript of the LaTeX run follows.
WARNING : LaTeX compilation of ch1-ammeter.tex failed
INFO    : converting ch9-complex-superposition-exercise1-figure1.tex to ch9-complex-superposition-exercise1-figure1.pdf
ERROR   : LaTeX compilation of ch9-complex-superposition-exercise1-figure1.tex failed.
Re-run, requesting "source" as the format, to analyze the image.
Likely creating the entire document as PDF will fail similarly.
The transcript of the LaTeX run follows.
WARNING : LaTeX compilation of ch9-complex-superposition-exercise1-figure1.tex failed
INFO    : converting ch6-chargingrl-example3-solution5.tex to ch6-chargingrl-example3-solution5.pdf
ERROR   : LaTeX compilation of ch6-chargingrl-example3-solution5.tex failed.
Re-run, requesting "source" as the format, to analyze the image.
Likely creating the entire document as PDF will fail similarly.
The transcript of the LaTeX run follows.
WARNING : LaTeX compilation of ch6-chargingrl-example3-solution5.tex failed
INFO    : converting ch11-sdomain-analysis-exercise1-diagram.tex to ch11-sdomain-analysis-exercise1-diagram.pdf
ERROR   : LaTeX compilation of ch11-sdomain-analysis-exercise1-diagram.tex failed.
Re-run, requesting "source" as the format, to analyze the image.
Likely creating the entire document as PDF will fail similarly.
The transcript of the LaTeX run follows.
WARNING : LaTeX compilation of ch11-sdomain-analysis-exercise1-diagram.tex failed
INFO    : converting ch5-generalrcexample5solution3.tex to ch5-generalrcexample5solution3.pdf
ERROR   : LaTeX compilation of ch5-generalrcexample5solution3.tex failed.
Re-run, requesting "source" as the format, to analyze the image.
Likely creating the entire document as PDF will fail similarly.
The transcript of the LaTeX run follows.
WARNING : LaTeX compilation of ch5-generalrcexample5solution3.tex failed
INFO    : converting ch2-circuit210fig.tex to ch2-circuit210fig.pdf
ERROR   : LaTeX compilation of ch2-circuit210fig.tex failed.
Re-run, requesting "source" as the format, to analyze the image.
Likely creating the entire document as PDF will fail similarly.
The transcript of the LaTeX run follows.
WARNING : LaTeX compilation of ch2-circuit210fig.tex failed
INFO    : converting ch9-complex-thevenin-exercise3-figure2.tex to ch9-complex-thevenin-exercise3-figure2.pdf
ERROR   : LaTeX compilation of ch9-complex-thevenin-exercise3-figure2.tex failed.
Re-run, requesting "source" as the format, to analyze the image.
Likely creating the entire document as PDF will fail similarly.
The transcript of the LaTeX run follows.
WARNING : LaTeX compilation of ch9-complex-thevenin-exercise3-figure2.tex failed
INFO    : converting ch9-complex-thevenin-exercise1-answer.tex to ch9-complex-thevenin-exercise1-answer.pdf
ERROR   : LaTeX compilation of ch9-complex-thevenin-exercise1-answer.tex failed.
Re-run, requesting "source" as the format, to analyze the image.
Likely creating the entire document as PDF will fail similarly.
The transcript of the LaTeX run follows.
WARNING : LaTeX compilation of ch9-complex-thevenin-exercise1-answer.tex failed
INFO    : converting ch9-complex-source-transformation-exercise3-figure5.tex to ch9-complex-source-transformation-exercise3-figure5.pdf
ERROR   : LaTeX compilation of ch9-complex-source-transformation-exercise3-figure5.tex failed.
Re-run, requesting "source" as the format, to analyze the image.
Likely creating the entire document as PDF will fail similarly.
The transcript of the LaTeX run follows.
WARNING : LaTeX compilation of ch9-complex-source-transformation-exercise3-figure5.tex failed
INFO    : converting ch6-generalrl-example1-solution4.tex to ch6-generalrl-example1-solution4.pdf
ERROR   : LaTeX compilation of ch6-generalrl-example1-solution4.tex failed.
Re-run, requesting "source" as the format, to analyze the image.
Likely creating the entire document as PDF will fail similarly.
The transcript of the LaTeX run follows.
WARNING : LaTeX compilation of ch6-generalrl-example1-solution4.tex failed
INFO    : converting ch6-generalexample2fig22.tex to ch6-generalexample2fig22.pdf
ERROR   : LaTeX compilation of ch6-generalexample2fig22.tex failed.
Re-run, requesting "source" as the format, to analyze the image.
Likely creating the entire document as PDF will fail similarly.
The transcript of the LaTeX run follows.
WARNING : LaTeX compilation of ch6-generalexample2fig22.tex failed
INFO    : converting ch9-complex-source-transformation-exercise3-diagram.tex to ch9-complex-source-transformation-exercise3-diagram.pdf
ERROR   : LaTeX compilation of ch9-complex-source-transformation-exercise3-diagram.tex failed.
Re-run, requesting "source" as the format, to analyze the image.
Likely creating the entire document as PDF will fail similarly.
The transcript of the LaTeX run follows.
WARNING : LaTeX compilation of ch9-complex-source-transformation-exercise3-diagram.tex failed
INFO    : converting ch9-filter-type-example1-figure2.tex to ch9-filter-type-example1-figure2.pdf
ERROR   : LaTeX compilation of ch9-filter-type-example1-figure2.tex failed.
Re-run, requesting "source" as the format, to analyze the image.
Likely creating the entire document as PDF will fail similarly.
The transcript of the LaTeX run follows.
WARNING : LaTeX compilation of ch9-filter-type-example1-figure2.tex failed
INFO    : converting ch6-homogeneous-rl-example5-diagram.tex to ch6-homogeneous-rl-example5-diagram.pdf
ERROR   : LaTeX compilation of ch6-homogeneous-rl-example5-diagram.tex failed.
Re-run, requesting "source" as the format, to analyze the image.
Likely creating the entire document as PDF will fail similarly.
The transcript of the LaTeX run follows.
WARNING : LaTeX compilation of ch6-homogeneous-rl-example5-diagram.tex failed
INFO    : converting ch12-555timerastable.tex to ch12-555timerastable.pdf
ERROR   : LaTeX compilation of ch12-555timerastable.tex failed.
Re-run, requesting "source" as the format, to analyze the image.
Likely creating the entire document as PDF will fail similarly.
The transcript of the LaTeX run follows.
WARNING : LaTeX compilation of ch12-555timerastable.tex failed
INFO    : converting ch1-sinusoidwave19exercise.tex to ch1-sinusoidwave19exercise.pdf
ERROR   : LaTeX compilation of ch1-sinusoidwave19exercise.tex failed.
Re-run, requesting "source" as the format, to analyze the image.
Likely creating the entire document as PDF will fail similarly.
The transcript of the LaTeX run follows.
WARNING : LaTeX compilation of ch1-sinusoidwave19exercise.tex failed
INFO    : converting ch6-chargingrl-example4-solution1.tex to ch6-chargingrl-example4-solution1.pdf
ERROR   : LaTeX compilation of ch6-chargingrl-example4-solution1.tex failed.
Re-run, requesting "source" as the format, to analyze the image.
Likely creating the entire document as PDF will fail similarly.
The transcript of the LaTeX run follows.
WARNING : LaTeX compilation of ch6-chargingrl-example4-solution1.tex failed
INFO    : converting ch8-equivalent-deltawye-exercise4-diagram.tex to ch8-equivalent-deltawye-exercise4-diagram.pdf
ERROR   : LaTeX compilation of ch8-equivalent-deltawye-exercise4-diagram.tex failed.
Re-run, requesting "source" as the format, to analyze the image.
Likely creating the entire document as PDF will fail similarly.
The transcript of the LaTeX run follows.
WARNING : LaTeX compilation of ch8-equivalent-deltawye-exercise4-diagram.tex failed
INFO    : converting ch5-dischargercexampledependent1.tex to ch5-dischargercexampledependent1.pdf
ERROR   : LaTeX compilation of ch5-dischargercexampledependent1.tex failed.
Re-run, requesting "source" as the format, to analyze the image.
Likely creating the entire document as PDF will fail similarly.
The transcript of the LaTeX run follows.
WARNING : LaTeX compilation of ch5-dischargercexampledependent1.tex failed
INFO    : converting ch9-complex-superposition-exercise4-figure4.tex to ch9-complex-superposition-exercise4-figure4.pdf
ERROR   : LaTeX compilation of ch9-complex-superposition-exercise4-figure4.tex failed.
Re-run, requesting "source" as the format, to analyze the image.
Likely creating the entire document as PDF will fail similarly.
The transcript of the LaTeX run follows.
WARNING : LaTeX compilation of ch9-complex-superposition-exercise4-figure4.tex failed
INFO    : converting ch5-generalrcendofchatperexamplecircuitquestion2.tex to ch5-generalrcendofchatperexamplecircuitquestion2.pdf
ERROR   : LaTeX compilation of ch5-generalrcendofchatperexamplecircuitquestion2.tex failed.
Re-run, requesting "source" as the format, to analyze the image.
Likely creating the entire document as PDF will fail similarly.
The transcript of the LaTeX run follows.
WARNING : LaTeX compilation of ch5-generalrcendofchatperexamplecircuitquestion2.tex failed
INFO    : converting ch10-power-factor-correction-exercise3-figure1.tex to ch10-power-factor-correction-exercise3-figure1.pdf
ERROR   : LaTeX compilation of ch10-power-factor-correction-exercise3-figure1.tex failed.
Re-run, requesting "source" as the format, to analyze the image.
Likely creating the entire document as PDF will fail similarly.
The transcript of the LaTeX run follows.
WARNING : LaTeX compilation of ch10-power-factor-correction-exercise3-figure1.tex failed
INFO    : converting ch2-ohmmeter.tex to ch2-ohmmeter.pdf
ERROR   : LaTeX compilation of ch2-ohmmeter.tex failed.
Re-run, requesting "source" as the format, to analyze the image.
Likely creating the entire document as PDF will fail similarly.
The transcript of the LaTeX run follows.
WARNING : LaTeX compilation of ch2-ohmmeter.tex failed
INFO    : converting ch7-challenge-example5-figure1.tex to ch7-challenge-example5-figure1.pdf
ERROR   : LaTeX compilation of ch7-challenge-example5-figure1.tex failed.
Re-run, requesting "source" as the format, to analyze the image.
Likely creating the entire document as PDF will fail similarly.
The transcript of the LaTeX run follows.
WARNING : LaTeX compilation of ch7-challenge-example5-figure1.tex failed
INFO    : converting ch7-varinput-symbolic-example2-figure3.tex to ch7-varinput-symbolic-example2-figure3.pdf
ERROR   : LaTeX compilation of ch7-varinput-symbolic-example2-figure3.tex failed.
Re-run, requesting "source" as the format, to analyze the image.
Likely creating the entire document as PDF will fail similarly.
The transcript of the LaTeX run follows.
WARNING : LaTeX compilation of ch7-varinput-symbolic-example2-figure3.tex failed
INFO    : converting ch6-equivalentinductance-example4-solution9.tex to ch6-equivalentinductance-example4-solution9.pdf
ERROR   : LaTeX compilation of ch6-equivalentinductance-example4-solution9.tex failed.
Re-run, requesting "source" as the format, to analyze the image.
Likely creating the entire document as PDF will fail similarly.
The transcript of the LaTeX run follows.
WARNING : LaTeX compilation of ch6-equivalentinductance-example4-solution9.tex failed
INFO    : converting ch6-generalrl-example2-solution1.tex to ch6-generalrl-example2-solution1.pdf
ERROR   : LaTeX compilation of ch6-generalrl-example2-solution1.tex failed.
Re-run, requesting "source" as the format, to analyze the image.
Likely creating the entire document as PDF will fail similarly.
The transcript of the LaTeX run follows.
WARNING : LaTeX compilation of ch6-generalrl-example2-solution1.tex failed
INFO    : converting ch3-circuit35fig.tex to ch3-circuit35fig.pdf
ERROR   : LaTeX compilation of ch3-circuit35fig.tex failed.
Re-run, requesting "source" as the format, to analyze the image.
Likely creating the entire document as PDF will fail similarly.
The transcript of the LaTeX run follows.
WARNING : LaTeX compilation of ch3-circuit35fig.tex failed
INFO    : converting ch6-equivalentinductance-example5-solution7.tex to ch6-equivalentinductance-example5-solution7.pdf
ERROR   : LaTeX compilation of ch6-equivalentinductance-example5-solution7.tex failed.
Re-run, requesting "source" as the format, to analyze the image.
Likely creating the entire document as PDF will fail similarly.
The transcript of the LaTeX run follows.
WARNING : LaTeX compilation of ch6-equivalentinductance-example5-solution7.tex failed
INFO    : converting ch5-dischargercexample1.tex to ch5-dischargercexample1.pdf
ERROR   : LaTeX compilation of ch5-dischargercexample1.tex failed.
Re-run, requesting "source" as the format, to analyze the image.
Likely creating the entire document as PDF will fail similarly.
The transcript of the LaTeX run follows.
WARNING : LaTeX compilation of ch5-dischargercexample1.tex failed
INFO    : converting elementarysignals118exercise-2-1-2.tex to elementarysignals118exercise-2-1-2.pdf
ERROR   : LaTeX compilation of elementarysignals118exercise-2-1-2.tex failed.
Re-run, requesting "source" as the format, to analyze the image.
Likely creating the entire document as PDF will fail similarly.
The transcript of the LaTeX run follows.
WARNING : LaTeX compilation of elementarysignals118exercise-2-1-2.tex failed
INFO    : converting ch8-deltawye-ex5-figure3.tex to ch8-deltawye-ex5-figure3.pdf
ERROR   : LaTeX compilation of ch8-deltawye-ex5-figure3.tex failed.
Re-run, requesting "source" as the format, to analyze the image.
Likely creating the entire document as PDF will fail similarly.
The transcript of the LaTeX run follows.
WARNING : LaTeX compilation of ch8-deltawye-ex5-figure3.tex failed
INFO    : converting ch2-circuit215.tex to ch2-circuit215.pdf
ERROR   : LaTeX compilation of ch2-circuit215.tex failed.
Re-run, requesting "source" as the format, to analyze the image.
Likely creating the entire document as PDF will fail similarly.
The transcript of the LaTeX run follows.
WARNING : LaTeX compilation of ch2-circuit215.tex failed
INFO    : converting ch7-series-parallel-example4-figure2.tex to ch7-series-parallel-example4-figure2.pdf
ERROR   : LaTeX compilation of ch7-series-parallel-example4-figure2.tex failed.
Re-run, requesting "source" as the format, to analyze the image.
Likely creating the entire document as PDF will fail similarly.
The transcript of the LaTeX run follows.
WARNING : LaTeX compilation of ch7-series-parallel-example4-figure2.tex failed
INFO    : converting ch6-generalrl-example2-solution5.tex to ch6-generalrl-example2-solution5.pdf
ERROR   : LaTeX compilation of ch6-generalrl-example2-solution5.tex failed.
Re-run, requesting "source" as the format, to analyze the image.
Likely creating the entire document as PDF will fail similarly.
The transcript of the LaTeX run follows.
WARNING : LaTeX compilation of ch6-generalrl-example2-solution5.tex failed
INFO    : converting ch6-rl-charging-example3-diagram.tex to ch6-rl-charging-example3-diagram.pdf
ERROR   : LaTeX compilation of ch6-rl-charging-example3-diagram.tex failed.
Re-run, requesting "source" as the format, to analyze the image.
Likely creating the entire document as PDF will fail similarly.
The transcript of the LaTeX run follows.
WARNING : LaTeX compilation of ch6-rl-charging-example3-diagram.tex failed
INFO    : converting ch8-deltawye-ex5-figure7.tex to ch8-deltawye-ex5-figure7.pdf
ERROR   : LaTeX compilation of ch8-deltawye-ex5-figure7.tex failed.
Re-run, requesting "source" as the format, to analyze the image.
Likely creating the entire document as PDF will fail similarly.
The transcript of the LaTeX run follows.
WARNING : LaTeX compilation of ch8-deltawye-ex5-figure7.tex failed
INFO    : converting ch5-dischargercexample5.tex to ch5-dischargercexample5.pdf
ERROR   : LaTeX compilation of ch5-dischargercexample5.tex failed.
Re-run, requesting "source" as the format, to analyze the image.
Likely creating the entire document as PDF will fail similarly.
The transcript of the LaTeX run follows.
WARNING : LaTeX compilation of ch5-dischargercexample5.tex failed
INFO    : converting ch6-equivalentinductance-example5-solution3.tex to ch6-equivalentinductance-example5-solution3.pdf
ERROR   : LaTeX compilation of ch6-equivalentinductance-example5-solution3.tex failed.
Re-run, requesting "source" as the format, to analyze the image.
Likely creating the entire document as PDF will fail similarly.
The transcript of the LaTeX run follows.
WARNING : LaTeX compilation of ch6-equivalentinductance-example5-solution3.tex failed
INFO    : converting ch3-circuit35figans1.tex to ch3-circuit35figans1.pdf
ERROR   : LaTeX compilation of ch3-circuit35figans1.tex failed.
Re-run, requesting "source" as the format, to analyze the image.
Likely creating the entire document as PDF will fail similarly.
The transcript of the LaTeX run follows.
WARNING : LaTeX compilation of ch3-circuit35figans1.tex failed
INFO    : converting ch5-dischargercexampledependent5.tex to ch5-dischargercexampledependent5.pdf
ERROR   : LaTeX compilation of ch5-dischargercexampledependent5.tex failed.
Re-run, requesting "source" as the format, to analyze the image.
Likely creating the entire document as PDF will fail similarly.
The transcript of the LaTeX run follows.
WARNING : LaTeX compilation of ch5-dischargercexampledependent5.tex failed
INFO    : converting ch9-complex-superposition-exercise1-diagram.tex to ch9-complex-superposition-exercise1-diagram.pdf
ERROR   : LaTeX compilation of ch9-complex-superposition-exercise1-diagram.tex failed.
Re-run, requesting "source" as the format, to analyze the image.
Likely creating the entire document as PDF will fail similarly.
The transcript of the LaTeX run follows.
WARNING : LaTeX compilation of ch9-complex-superposition-exercise1-diagram.tex failed
INFO    : converting ch9-marginal-poles-real-roots.tex to ch9-marginal-poles-real-roots.pdf
ERROR   : LaTeX compilation of ch9-marginal-poles-real-roots.tex failed.
Re-run, requesting "source" as the format, to analyze the image.
Likely creating the entire document as PDF will fail similarly.
The transcript of the LaTeX run follows.
WARNING : LaTeX compilation of ch9-marginal-poles-real-roots.tex failed
INFO    : converting ch2-wyedeltaexample4.tex to ch2-wyedeltaexample4.pdf
ERROR   : LaTeX compilation of ch2-wyedeltaexample4.tex failed.
Re-run, requesting "source" as the format, to analyze the image.
Likely creating the entire document as PDF will fail similarly.
The transcript of the LaTeX run follows.
WARNING : LaTeX compilation of ch2-wyedeltaexample4.tex failed
INFO    : converting ch11-sdomain-analysis-exercise1-figure1.tex to ch11-sdomain-analysis-exercise1-figure1.pdf
ERROR   : LaTeX compilation of ch11-sdomain-analysis-exercise1-figure1.tex failed.
Re-run, requesting "source" as the format, to analyze the image.
Likely creating the entire document as PDF will fail similarly.
The transcript of the LaTeX run follows.
WARNING : LaTeX compilation of ch11-sdomain-analysis-exercise1-figure1.tex failed
INFO    : converting ch3-voltageTransformToCurrent.tex to ch3-voltageTransformToCurrent.pdf
ERROR   : LaTeX compilation of ch3-voltageTransformToCurrent.tex failed.
Re-run, requesting "source" as the format, to analyze the image.
Likely creating the entire document as PDF will fail similarly.
The transcript of the LaTeX run follows.
WARNING : LaTeX compilation of ch3-voltageTransformToCurrent.tex failed
INFO    : converting ch5-homogeneousrcexample5solution3.tex to ch5-homogeneousrcexample5solution3.pdf
ERROR   : LaTeX compilation of ch5-homogeneousrcexample5solution3.tex failed.
Re-run, requesting "source" as the format, to analyze the image.
Likely creating the entire document as PDF will fail similarly.
The transcript of the LaTeX run follows.
WARNING : LaTeX compilation of ch5-homogeneousrcexample5solution3.tex failed
INFO    : converting ch3-circuit310figans2.tex to ch3-circuit310figans2.pdf
ERROR   : LaTeX compilation of ch3-circuit310figans2.tex failed.
Re-run, requesting "source" as the format, to analyze the image.
Likely creating the entire document as PDF will fail similarly.
The transcript of the LaTeX run follows.
WARNING : LaTeX compilation of ch3-circuit310figans2.tex failed
INFO    : converting ch5-generaltransientresistorexample8.tex to ch5-generaltransientresistorexample8.pdf
ERROR   : LaTeX compilation of ch5-generaltransientresistorexample8.tex failed.
Re-run, requesting "source" as the format, to analyze the image.
Likely creating the entire document as PDF will fail similarly.
The transcript of the LaTeX run follows.
WARNING : LaTeX compilation of ch5-generaltransientresistorexample8.tex failed
INFO    : converting ch2-circuit23figans4.tex to ch2-circuit23figans4.pdf
ERROR   : LaTeX compilation of ch2-circuit23figans4.tex failed.
Re-run, requesting "source" as the format, to analyze the image.
Likely creating the entire document as PDF will fail similarly.
The transcript of the LaTeX run follows.
WARNING : LaTeX compilation of ch2-circuit23figans4.tex failed
INFO    : converting ch10-complex-power-exercise3-diagram.tex to ch10-complex-power-exercise3-diagram.pdf
ERROR   : LaTeX compilation of ch10-complex-power-exercise3-diagram.tex failed.
Re-run, requesting "source" as the format, to analyze the image.
Likely creating the entire document as PDF will fail similarly.
The transcript of the LaTeX run follows.
WARNING : LaTeX compilation of ch10-complex-power-exercise3-diagram.tex failed
INFO    : converting ch6-equivalentinductance-example1-solution2.tex to ch6-equivalentinductance-example1-solution2.pdf
ERROR   : LaTeX compilation of ch6-equivalentinductance-example1-solution2.tex failed.
Re-run, requesting "source" as the format, to analyze the image.
Likely creating the entire document as PDF will fail similarly.
The transcript of the LaTeX run follows.
WARNING : LaTeX compilation of ch6-equivalentinductance-example1-solution2.tex failed
INFO    : converting ch7-challenge-second-example4-diagram.tex to ch7-challenge-second-example4-diagram.pdf
ERROR   : LaTeX compilation of ch7-challenge-second-example4-diagram.tex failed.
Re-run, requesting "source" as the format, to analyze the image.
Likely creating the entire document as PDF will fail similarly.
The transcript of the LaTeX run follows.
WARNING : LaTeX compilation of ch7-challenge-second-example4-diagram.tex failed
INFO    : converting ch5-equivalentcapacitance-examplequestion2.tex to ch5-equivalentcapacitance-examplequestion2.pdf
ERROR   : LaTeX compilation of ch5-equivalentcapacitance-examplequestion2.tex failed.
Re-run, requesting "source" as the format, to analyze the image.
Likely creating the entire document as PDF will fail similarly.
The transcript of the LaTeX run follows.
WARNING : LaTeX compilation of ch5-equivalentcapacitance-examplequestion2.tex failed
INFO    : converting ch9-complex-source-transformation-exercise3-figure1.tex to ch9-complex-source-transformation-exercise3-figure1.pdf
ERROR   : LaTeX compilation of ch9-complex-source-transformation-exercise3-figure1.tex failed.
Re-run, requesting "source" as the format, to analyze the image.
Likely creating the entire document as PDF will fail similarly.
The transcript of the LaTeX run follows.
WARNING : LaTeX compilation of ch9-complex-source-transformation-exercise3-figure1.tex failed
INFO    : converting ch6-homogeneousrl-example4-solution4.tex to ch6-homogeneousrl-example4-solution4.pdf
ERROR   : LaTeX compilation of ch6-homogeneousrl-example4-solution4.tex failed.
Re-run, requesting "source" as the format, to analyze the image.
Likely creating the entire document as PDF will fail similarly.
The transcript of the LaTeX run follows.
WARNING : LaTeX compilation of ch6-homogeneousrl-example4-solution4.tex failed
INFO    : converting ch6-chargingrl-example3-solution1.tex to ch6-chargingrl-example3-solution1.pdf
ERROR   : LaTeX compilation of ch6-chargingrl-example3-solution1.tex failed.
Re-run, requesting "source" as the format, to analyze the image.
Likely creating the entire document as PDF will fail similarly.
The transcript of the LaTeX run follows.
WARNING : LaTeX compilation of ch6-chargingrl-example3-solution1.tex failed
INFO    : converting ch10-power-factor-correction-exercise3-diagram.tex to ch10-power-factor-correction-exercise3-diagram.pdf
ERROR   : LaTeX compilation of ch10-power-factor-correction-exercise3-diagram.tex failed.
Re-run, requesting "source" as the format, to analyze the image.
Likely creating the entire document as PDF will fail similarly.
The transcript of the LaTeX run follows.
WARNING : LaTeX compilation of ch10-power-factor-correction-exercise3-diagram.tex failed
INFO    : converting ch9-cplx-current-divider-example-figure2.tex to ch9-cplx-current-divider-example-figure2.pdf
ERROR   : LaTeX compilation of ch9-cplx-current-divider-example-figure2.tex failed.
Re-run, requesting "source" as the format, to analyze the image.
Likely creating the entire document as PDF will fail similarly.
The transcript of the LaTeX run follows.
WARNING : LaTeX compilation of ch9-cplx-current-divider-example-figure2.tex failed
INFO    : converting ch3-circuit38figans2.tex to ch3-circuit38figans2.pdf
ERROR   : LaTeX compilation of ch3-circuit38figans2.tex failed.
Re-run, requesting "source" as the format, to analyze the image.
Likely creating the entire document as PDF will fail similarly.
The transcript of the LaTeX run follows.
WARNING : LaTeX compilation of ch3-circuit38figans2.tex failed
INFO    : converting ch5-generalrcexample2solution7.tex to ch5-generalrcexample2solution7.pdf
ERROR   : LaTeX compilation of ch5-generalrcexample2solution7.tex failed.
Re-run, requesting "source" as the format, to analyze the image.
Likely creating the entire document as PDF will fail similarly.
The transcript of the LaTeX run follows.
WARNING : LaTeX compilation of ch5-generalrcexample2solution7.tex failed
INFO    : converting ch12-555timerastabledischarging.tex to ch12-555timerastabledischarging.pdf
ERROR   : LaTeX compilation of ch12-555timerastabledischarging.tex failed.
Re-run, requesting "source" as the format, to analyze the image.
Likely creating the entire document as PDF will fail similarly.
The transcript of the LaTeX run follows.
WARNING : LaTeX compilation of ch12-555timerastabledischarging.tex failed
INFO    : converting ch5-generalrcexample2solution6.tex to ch5-generalrcexample2solution6.pdf
ERROR   : LaTeX compilation of ch5-generalrcexample2solution6.tex failed.
Re-run, requesting "source" as the format, to analyze the image.
Likely creating the entire document as PDF will fail similarly.
The transcript of the LaTeX run follows.
WARNING : LaTeX compilation of ch5-generalrcexample2solution6.tex failed
INFO    : converting ch5-generalrctransientexample5.tex to ch5-generalrctransientexample5.pdf
ERROR   : LaTeX compilation of ch5-generalrctransientexample5.tex failed.
Re-run, requesting "source" as the format, to analyze the image.
Likely creating the entire document as PDF will fail similarly.
The transcript of the LaTeX run follows.
WARNING : LaTeX compilation of ch5-generalrctransientexample5.tex failed
INFO    : converting ch7-homogeneous-example2-figure1.tex to ch7-homogeneous-example2-figure1.pdf
ERROR   : LaTeX compilation of ch7-homogeneous-example2-figure1.tex failed.
Re-run, requesting "source" as the format, to analyze the image.
Likely creating the entire document as PDF will fail similarly.
The transcript of the LaTeX run follows.
WARNING : LaTeX compilation of ch7-homogeneous-example2-figure1.tex failed
INFO    : converting ch3-circuit38figans3.tex to ch3-circuit38figans3.pdf
ERROR   : LaTeX compilation of ch3-circuit38figans3.tex failed.
Re-run, requesting "source" as the format, to analyze the image.
Likely creating the entire document as PDF will fail similarly.
The transcript of the LaTeX run follows.
WARNING : LaTeX compilation of ch3-circuit38figans3.tex failed
INFO    : converting ch9-cplx-current-divider-example-figure3.tex to ch9-cplx-current-divider-example-figure3.pdf
ERROR   : LaTeX compilation of ch9-cplx-current-divider-example-figure3.tex failed.
Re-run, requesting "source" as the format, to analyze the image.
Likely creating the entire document as PDF will fail similarly.
The transcript of the LaTeX run follows.
WARNING : LaTeX compilation of ch9-cplx-current-divider-example-figure3.tex failed
INFO    : converting ch7-series-parallel-example1-figure2.tex to ch7-series-parallel-example1-figure2.pdf
ERROR   : LaTeX compilation of ch7-series-parallel-example1-figure2.tex failed.
Re-run, requesting "source" as the format, to analyze the image.
Likely creating the entire document as PDF will fail similarly.
The transcript of the LaTeX run follows.
WARNING : LaTeX compilation of ch7-series-parallel-example1-figure2.tex failed
INFO    : converting ch8-equivalent-deltawye-exercise1-diagram.tex to ch8-equivalent-deltawye-exercise1-diagram.pdf
ERROR   : LaTeX compilation of ch8-equivalent-deltawye-exercise1-diagram.tex failed.
Re-run, requesting "source" as the format, to analyze the image.
Likely creating the entire document as PDF will fail similarly.
The transcript of the LaTeX run follows.
WARNING : LaTeX compilation of ch8-equivalent-deltawye-exercise1-diagram.tex failed
INFO    : converting ch2-potvoltagedivider.tex to ch2-potvoltagedivider.pdf
ERROR   : LaTeX compilation of ch2-potvoltagedivider.tex failed.
Re-run, requesting "source" as the format, to analyze the image.
Likely creating the entire document as PDF will fail similarly.
The transcript of the LaTeX run follows.
WARNING : LaTeX compilation of ch2-potvoltagedivider.tex failed
INFO    : converting ch9-complex-superposition-exercise1-figure4.tex to ch9-complex-superposition-exercise1-figure4.pdf
ERROR   : LaTeX compilation of ch9-complex-superposition-exercise1-figure4.tex failed.
Re-run, requesting "source" as the format, to analyze the image.
Likely creating the entire document as PDF will fail similarly.
The transcript of the LaTeX run follows.
WARNING : LaTeX compilation of ch9-complex-superposition-exercise1-figure4.tex failed
INFO    : converting ch1-exampletwoseriescurrents.tex to ch1-exampletwoseriescurrents.pdf
ERROR   : LaTeX compilation of ch1-exampletwoseriescurrents.tex failed.
Re-run, requesting "source" as the format, to analyze the image.
Likely creating the entire document as PDF will fail similarly.
The transcript of the LaTeX run follows.
WARNING : LaTeX compilation of ch1-exampletwoseriescurrents.tex failed
INFO    : converting ch5-equivalentcapacitance-examplequestion3.tex to ch5-equivalentcapacitance-examplequestion3.pdf
ERROR   : LaTeX compilation of ch5-equivalentcapacitance-examplequestion3.tex failed.
Re-run, requesting "source" as the format, to analyze the image.
Likely creating the entire document as PDF will fail similarly.
The transcript of the LaTeX run follows.
WARNING : LaTeX compilation of ch5-equivalentcapacitance-examplequestion3.tex failed
INFO    : converting ch1-dcpowersources.tex to ch1-dcpowersources.pdf
ERROR   : LaTeX compilation of ch1-dcpowersources.tex failed.
Re-run, requesting "source" as the format, to analyze the image.
Likely creating the entire document as PDF will fail similarly.
The transcript of the LaTeX run follows.
WARNING : LaTeX compilation of ch1-dcpowersources.tex failed
INFO    : converting ch2-circuit23figans5.tex to ch2-circuit23figans5.pdf
ERROR   : LaTeX compilation of ch2-circuit23figans5.tex failed.
Re-run, requesting "source" as the format, to analyze the image.
Likely creating the entire document as PDF will fail similarly.
The transcript of the LaTeX run follows.
WARNING : LaTeX compilation of ch2-circuit23figans5.tex failed
INFO    : converting ch2-wheatstonebridgefig.tex to ch2-wheatstonebridgefig.pdf
ERROR   : LaTeX compilation of ch2-wheatstonebridgefig.tex failed.
Re-run, requesting "source" as the format, to analyze the image.
Likely creating the entire document as PDF will fail similarly.
The transcript of the LaTeX run follows.
WARNING : LaTeX compilation of ch2-wheatstonebridgefig.tex failed
INFO    : converting ch3-currentTransformToVoltage.tex to ch3-currentTransformToVoltage.pdf
ERROR   : LaTeX compilation of ch3-currentTransformToVoltage.tex failed.
Re-run, requesting "source" as the format, to analyze the image.
Likely creating the entire document as PDF will fail similarly.
The transcript of the LaTeX run follows.
WARNING : LaTeX compilation of ch3-currentTransformToVoltage.tex failed
INFO    : converting ch2-circuit212fig.tex to ch2-circuit212fig.pdf
ERROR   : LaTeX compilation of ch2-circuit212fig.tex failed.
Re-run, requesting "source" as the format, to analyze the image.
Likely creating the entire document as PDF will fail similarly.
The transcript of the LaTeX run follows.
WARNING : LaTeX compilation of ch2-circuit212fig.tex failed
INFO    : converting ch3-circuit310figans3.tex to ch3-circuit310figans3.pdf
ERROR   : LaTeX compilation of ch3-circuit310figans3.tex failed.
Re-run, requesting "source" as the format, to analyze the image.
Likely creating the entire document as PDF will fail similarly.
The transcript of the LaTeX run follows.
WARNING : LaTeX compilation of ch3-circuit310figans3.tex failed
INFO    : converting ch6-generalrl-example1-solution1.tex to ch6-generalrl-example1-solution1.pdf
ERROR   : LaTeX compilation of ch6-generalrl-example1-solution1.tex failed.
Re-run, requesting "source" as the format, to analyze the image.
Likely creating the entire document as PDF will fail similarly.
The transcript of the LaTeX run follows.
WARNING : LaTeX compilation of ch6-generalrl-example1-solution1.tex failed
INFO    : converting ch5-homogeneousrcexample5solution2.tex to ch5-homogeneousrcexample5solution2.pdf
ERROR   : LaTeX compilation of ch5-homogeneousrcexample5solution2.tex failed.
Re-run, requesting "source" as the format, to analyze the image.
Likely creating the entire document as PDF will fail similarly.
The transcript of the LaTeX run follows.
WARNING : LaTeX compilation of ch5-homogeneousrcexample5solution2.tex failed
INFO    : converting ch6-seriesinductorsdiagram.tex to ch6-seriesinductorsdiagram.pdf
ERROR   : LaTeX compilation of ch6-seriesinductorsdiagram.tex failed.
Re-run, requesting "source" as the format, to analyze the image.
Likely creating the entire document as PDF will fail similarly.
The transcript of the LaTeX run follows.
WARNING : LaTeX compilation of ch6-seriesinductorsdiagram.tex failed
INFO    : converting ch12-clocksignalfigure.tex to ch12-clocksignalfigure.pdf
ERROR   : LaTeX compilation of ch12-clocksignalfigure.tex failed.
Re-run, requesting "source" as the format, to analyze the image.
Likely creating the entire document as PDF will fail similarly.
The transcript of the LaTeX run follows.
WARNING : LaTeX compilation of ch12-clocksignalfigure.tex failed
INFO    : converting ch6-homogeneousrl-example3-solution1.tex to ch6-homogeneousrl-example3-solution1.pdf
ERROR   : LaTeX compilation of ch6-homogeneousrl-example3-solution1.tex failed.
Re-run, requesting "source" as the format, to analyze the image.
Likely creating the entire document as PDF will fail similarly.
The transcript of the LaTeX run follows.
WARNING : LaTeX compilation of ch6-homogeneousrl-example3-solution1.tex failed
INFO    : converting ch11-sdomain-analysis-exercise4-diagram.tex to ch11-sdomain-analysis-exercise4-diagram.pdf
ERROR   : LaTeX compilation of ch11-sdomain-analysis-exercise4-diagram.tex failed.
Re-run, requesting "source" as the format, to analyze the image.
Likely creating the entire document as PDF will fail similarly.
The transcript of the LaTeX run follows.
WARNING : LaTeX compilation of ch11-sdomain-analysis-exercise4-diagram.tex failed
INFO    : converting ch2-wyedeltaexample5.tex to ch2-wyedeltaexample5.pdf
ERROR   : LaTeX compilation of ch2-wyedeltaexample5.tex failed.
Re-run, requesting "source" as the format, to analyze the image.
Likely creating the entire document as PDF will fail similarly.
The transcript of the LaTeX run follows.
WARNING : LaTeX compilation of ch2-wyedeltaexample5.tex failed
INFO    : converting ch5-generalrcexample4solution1.tex to ch5-generalrcexample4solution1.pdf
ERROR   : LaTeX compilation of ch5-generalrcexample4solution1.tex failed.
Re-run, requesting "source" as the format, to analyze the image.
Likely creating the entire document as PDF will fail similarly.
The transcript of the LaTeX run follows.
WARNING : LaTeX compilation of ch5-generalrcexample4solution1.tex failed
INFO    : converting ch5-dischargercexampledependent4.tex to ch5-dischargercexampledependent4.pdf
ERROR   : LaTeX compilation of ch5-dischargercexampledependent4.tex failed.
Re-run, requesting "source" as the format, to analyze the image.
Likely creating the entire document as PDF will fail similarly.
The transcript of the LaTeX run follows.
WARNING : LaTeX compilation of ch5-dischargercexampledependent4.tex failed
INFO    : converting ch1-circuit11exercise.tex to ch1-circuit11exercise.pdf
ERROR   : LaTeX compilation of ch1-circuit11exercise.tex failed.
Re-run, requesting "source" as the format, to analyze the image.
Likely creating the entire document as PDF will fail similarly.
The transcript of the LaTeX run follows.
WARNING : LaTeX compilation of ch1-circuit11exercise.tex failed
INFO    : converting ch2-potcartoon.tex to ch2-potcartoon.pdf
ERROR   : LaTeX compilation of ch2-potcartoon.tex failed.
Re-run, requesting "source" as the format, to analyze the image.
Likely creating the entire document as PDF will fail similarly.
The transcript of the LaTeX run follows.
WARNING : LaTeX compilation of ch2-potcartoon.tex failed
INFO    : converting ch9-complex-superposition-exercise4-figure1.tex to ch9-complex-superposition-exercise4-figure1.pdf
ERROR   : LaTeX compilation of ch9-complex-superposition-exercise4-figure1.tex failed.
Re-run, requesting "source" as the format, to analyze the image.
Likely creating the entire document as PDF will fail similarly.
The transcript of the LaTeX run follows.
WARNING : LaTeX compilation of ch9-complex-superposition-exercise4-figure1.tex failed
INFO    : converting ch5-homogeneousrcexample2solution2.tex to ch5-homogeneousrcexample2solution2.pdf
ERROR   : LaTeX compilation of ch5-homogeneousrcexample2solution2.tex failed.
Re-run, requesting "source" as the format, to analyze the image.
Likely creating the entire document as PDF will fail similarly.
The transcript of the LaTeX run follows.
WARNING : LaTeX compilation of ch5-homogeneousrcexample2solution2.tex failed
INFO    : converting ch5-dischargercexample4.tex to ch5-dischargercexample4.pdf
ERROR   : LaTeX compilation of ch5-dischargercexample4.tex failed.
Re-run, requesting "source" as the format, to analyze the image.
Likely creating the entire document as PDF will fail similarly.
The transcript of the LaTeX run follows.
WARNING : LaTeX compilation of ch5-dischargercexample4.tex failed
INFO    : converting ch8-deltawye-ex5-figure6.tex to ch8-deltawye-ex5-figure6.pdf
ERROR   : LaTeX compilation of ch8-deltawye-ex5-figure6.tex failed.
Re-run, requesting "source" as the format, to analyze the image.
Likely creating the entire document as PDF will fail similarly.
The transcript of the LaTeX run follows.
WARNING : LaTeX compilation of ch8-deltawye-ex5-figure6.tex failed
INFO    : converting ch6-equivalentinductance-example5-solution2.tex to ch6-equivalentinductance-example5-solution2.pdf
ERROR   : LaTeX compilation of ch6-equivalentinductance-example5-solution2.tex failed.
Re-run, requesting "source" as the format, to analyze the image.
Likely creating the entire document as PDF will fail similarly.
The transcript of the LaTeX run follows.
WARNING : LaTeX compilation of ch6-equivalentinductance-example5-solution2.tex failed
INFO    : converting ch2-circuit22figanswer.tex to ch2-circuit22figanswer.pdf
ERROR   : LaTeX compilation of ch2-circuit22figanswer.tex failed.
Re-run, requesting "source" as the format, to analyze the image.
Likely creating the entire document as PDF will fail similarly.
The transcript of the LaTeX run follows.
WARNING : LaTeX compilation of ch2-circuit22figanswer.tex failed
INFO    : converting ch12-555monostableoutput.tex to ch12-555monostableoutput.pdf
ERROR   : LaTeX compilation of ch12-555monostableoutput.tex failed.
Re-run, requesting "source" as the format, to analyze the image.
Likely creating the entire document as PDF will fail similarly.
The transcript of the LaTeX run follows.
WARNING : LaTeX compilation of ch12-555monostableoutput.tex failed
INFO    : converting ch6-generalrl-example2-solution4.tex to ch6-generalrl-example2-solution4.pdf
ERROR   : LaTeX compilation of ch6-generalrl-example2-solution4.tex failed.
Re-run, requesting "source" as the format, to analyze the image.
Likely creating the entire document as PDF will fail similarly.
The transcript of the LaTeX run follows.
WARNING : LaTeX compilation of ch6-generalrl-example2-solution4.tex failed
INFO    : converting ch4-voltagefollowercurrentfigure.tex to ch4-voltagefollowercurrentfigure.pdf
ERROR   : LaTeX compilation of ch4-voltagefollowercurrentfigure.tex failed.
Re-run, requesting "source" as the format, to analyze the image.
Likely creating the entire document as PDF will fail similarly.
The transcript of the LaTeX run follows.
WARNING : LaTeX compilation of ch4-voltagefollowercurrentfigure.tex failed
INFO    : converting ch8-deltawye-ex5-figure4.tex to ch8-deltawye-ex5-figure4.pdf
ERROR   : LaTeX compilation of ch8-deltawye-ex5-figure4.tex failed.
Re-run, requesting "source" as the format, to analyze the image.
Likely creating the entire document as PDF will fail similarly.
The transcript of the LaTeX run follows.
WARNING : LaTeX compilation of ch8-deltawye-ex5-figure4.tex failed
INFO    : converting ch5-dischargercexample6.tex to ch5-dischargercexample6.pdf
ERROR   : LaTeX compilation of ch5-dischargercexample6.tex failed.
Re-run, requesting "source" as the format, to analyze the image.
Likely creating the entire document as PDF will fail similarly.
The transcript of the LaTeX run follows.
WARNING : LaTeX compilation of ch5-dischargercexample6.tex failed
INFO    : converting ch7-series-rlc-example3-diagram.tex to ch7-series-rlc-example3-diagram.pdf
ERROR   : LaTeX compilation of ch7-series-rlc-example3-diagram.tex failed.
Re-run, requesting "source" as the format, to analyze the image.
Likely creating the entire document as PDF will fail similarly.
The transcript of the LaTeX run follows.
WARNING : LaTeX compilation of ch7-series-rlc-example3-diagram.tex failed
INFO    : converting ch6-inductor-ivrelationship-example3-diagram.tex to ch6-inductor-ivrelationship-example3-diagram.pdf
ERROR   : LaTeX compilation of ch6-inductor-ivrelationship-example3-diagram.tex failed.
Re-run, requesting "source" as the format, to analyze the image.
Likely creating the entire document as PDF will fail similarly.
The transcript of the LaTeX run follows.
WARNING : LaTeX compilation of ch6-inductor-ivrelationship-example3-diagram.tex failed
INFO    : converting ch9-complex-superposition-exercise4-figure3.tex to ch9-complex-superposition-exercise4-figure3.pdf
ERROR   : LaTeX compilation of ch9-complex-superposition-exercise4-figure3.tex failed.
Re-run, requesting "source" as the format, to analyze the image.
Likely creating the entire document as PDF will fail similarly.
The transcript of the LaTeX run follows.
WARNING : LaTeX compilation of ch9-complex-superposition-exercise4-figure3.tex failed
INFO    : converting ch3-circuit35figans2.tex to ch3-circuit35figans2.pdf
ERROR   : LaTeX compilation of ch3-circuit35figans2.tex failed.
Re-run, requesting "source" as the format, to analyze the image.
Likely creating the entire document as PDF will fail similarly.
The transcript of the LaTeX run follows.
WARNING : LaTeX compilation of ch3-circuit35figans2.tex failed
INFO    : converting ch6-homogeneousrl-example3-solution3.tex to ch6-homogeneousrl-example3-solution3.pdf
ERROR   : LaTeX compilation of ch6-homogeneousrl-example3-solution3.tex failed.
Re-run, requesting "source" as the format, to analyze the image.
Likely creating the entire document as PDF will fail similarly.
The transcript of the LaTeX run follows.
WARNING : LaTeX compilation of ch6-homogeneousrl-example3-solution3.tex failed
INFO    : converting ch9-complex-mesh-analysis-exercise5-figure1.tex to ch9-complex-mesh-analysis-exercise5-figure1.pdf
ERROR   : LaTeX compilation of ch9-complex-mesh-analysis-exercise5-figure1.tex failed.
Re-run, requesting "source" as the format, to analyze the image.
Likely creating the entire document as PDF will fail similarly.
The transcript of the LaTeX run follows.
WARNING : LaTeX compilation of ch9-complex-mesh-analysis-exercise5-figure1.tex failed
INFO    : converting ch9-complex-thevenin-exercise3-diagram.tex to ch9-complex-thevenin-exercise3-diagram.pdf
ERROR   : LaTeX compilation of ch9-complex-thevenin-exercise3-diagram.tex failed.
Re-run, requesting "source" as the format, to analyze the image.
Likely creating the entire document as PDF will fail similarly.
The transcript of the LaTeX run follows.
WARNING : LaTeX compilation of ch9-complex-thevenin-exercise3-diagram.tex failed
INFO    : converting ch11-sdomain-analysis-exercise1-figure2.tex to ch11-sdomain-analysis-exercise1-figure2.pdf
ERROR   : LaTeX compilation of ch11-sdomain-analysis-exercise1-figure2.tex failed.
Re-run, requesting "source" as the format, to analyze the image.
Likely creating the entire document as PDF will fail similarly.
The transcript of the LaTeX run follows.
WARNING : LaTeX compilation of ch11-sdomain-analysis-exercise1-figure2.tex failed
INFO    : converting ch6-generalrl-example1-solution3.tex to ch6-generalrl-example1-solution3.pdf
ERROR   : LaTeX compilation of ch6-generalrl-example1-solution3.tex failed.
Re-run, requesting "source" as the format, to analyze the image.
Likely creating the entire document as PDF will fail similarly.
The transcript of the LaTeX run follows.
WARNING : LaTeX compilation of ch6-generalrl-example1-solution3.tex failed
INFO    : converting ch3-circuit310figans1.tex to ch3-circuit310figans1.pdf
ERROR   : LaTeX compilation of ch3-circuit310figans1.tex failed.
Re-run, requesting "source" as the format, to analyze the image.
Likely creating the entire document as PDF will fail similarly.
The transcript of the LaTeX run follows.
WARNING : LaTeX compilation of ch3-circuit310figans1.tex failed
INFO    : converting ch6-generalexample2fig19.tex to ch6-generalexample2fig19.pdf
ERROR   : LaTeX compilation of ch6-generalexample2fig19.tex failed.
Re-run, requesting "source" as the format, to analyze the image.
Likely creating the entire document as PDF will fail similarly.
The transcript of the LaTeX run follows.
WARNING : LaTeX compilation of ch6-generalexample2fig19.tex failed
INFO    : converting ch11-fig-s-domain-resistor.tex to ch11-fig-s-domain-resistor.pdf
ERROR   : LaTeX compilation of ch11-fig-s-domain-resistor.tex failed.
Re-run, requesting "source" as the format, to analyze the image.
Likely creating the entire document as PDF will fail similarly.
The transcript of the LaTeX run follows.
WARNING : LaTeX compilation of ch11-fig-s-domain-resistor.tex failed
INFO    : converting ch2-resistorparallelarea.tex to ch2-resistorparallelarea.pdf
ERROR   : LaTeX compilation of ch2-resistorparallelarea.tex failed.
Re-run, requesting "source" as the format, to analyze the image.
Likely creating the entire document as PDF will fail similarly.
The transcript of the LaTeX run follows.
WARNING : LaTeX compilation of ch2-resistorparallelarea.tex failed
INFO    : converting ch6-rl-general-example5-diagram.tex to ch6-rl-general-example5-diagram.pdf
ERROR   : LaTeX compilation of ch6-rl-general-example5-diagram.tex failed.
Re-run, requesting "source" as the format, to analyze the image.
Likely creating the entire document as PDF will fail similarly.
The transcript of the LaTeX run follows.
WARNING : LaTeX compilation of ch6-rl-general-example5-diagram.tex failed
INFO    : converting ch9-complex-source-transformation-exercise3-figure2.tex to ch9-complex-source-transformation-exercise3-figure2.pdf
ERROR   : LaTeX compilation of ch9-complex-source-transformation-exercise3-figure2.tex failed.
Re-run, requesting "source" as the format, to analyze the image.
Likely creating the entire document as PDF will fail similarly.
The transcript of the LaTeX run follows.
WARNING : LaTeX compilation of ch9-complex-source-transformation-exercise3-figure2.tex failed
INFO    : converting ch5-equivalentcapacitance-examplequestion1.tex to ch5-equivalentcapacitance-examplequestion1.pdf
ERROR   : LaTeX compilation of ch5-equivalentcapacitance-examplequestion1.tex failed.
Re-run, requesting "source" as the format, to analyze the image.
Likely creating the entire document as PDF will fail similarly.
The transcript of the LaTeX run follows.
WARNING : LaTeX compilation of ch5-equivalentcapacitance-examplequestion1.tex failed
INFO    : converting ch6-equivalentinductance-example1-solution1.tex to ch6-equivalentinductance-example1-solution1.pdf
ERROR   : LaTeX compilation of ch6-equivalentinductance-example1-solution1.tex failed.
Re-run, requesting "source" as the format, to analyze the image.
Likely creating the entire document as PDF will fail similarly.
The transcript of the LaTeX run follows.
WARNING : LaTeX compilation of ch6-equivalentinductance-example1-solution1.tex failed
INFO    : converting ch4-examplecircuit412sol1.tex to ch4-examplecircuit412sol1.pdf
ERROR   : LaTeX compilation of ch4-examplecircuit412sol1.tex failed.
Re-run, requesting "source" as the format, to analyze the image.
Likely creating the entire document as PDF will fail similarly.
The transcript of the LaTeX run follows.
WARNING : LaTeX compilation of ch4-examplecircuit412sol1.tex failed
INFO    : converting ch6-chargingrl-example3-solution2.tex to ch6-chargingrl-example3-solution2.pdf
ERROR   : LaTeX compilation of ch6-chargingrl-example3-solution2.tex failed.
Re-run, requesting "source" as the format, to analyze the image.
Likely creating the entire document as PDF will fail similarly.
The transcript of the LaTeX run follows.
WARNING : LaTeX compilation of ch6-chargingrl-example3-solution2.tex failed
INFO    : converting ch5-generalrcexample5solution4.tex to ch5-generalrcexample5solution4.pdf
ERROR   : LaTeX compilation of ch5-generalrcexample5solution4.tex failed.
Re-run, requesting "source" as the format, to analyze the image.
Likely creating the entire document as PDF will fail similarly.
The transcript of the LaTeX run follows.
WARNING : LaTeX compilation of ch5-generalrcexample5solution4.tex failed
INFO    : converting ch9-cplx-current-divider-example-figure1.tex to ch9-cplx-current-divider-example-figure1.pdf
ERROR   : LaTeX compilation of ch9-cplx-current-divider-example-figure1.tex failed.
Re-run, requesting "source" as the format, to analyze the image.
Likely creating the entire document as PDF will fail similarly.
The transcript of the LaTeX run follows.
WARNING : LaTeX compilation of ch9-cplx-current-divider-example-figure1.tex failed
INFO    : converting ch3-circuit38figans1.tex to ch3-circuit38figans1.pdf
ERROR   : LaTeX compilation of ch3-circuit38figans1.tex failed.
Re-run, requesting "source" as the format, to analyze the image.
Likely creating the entire document as PDF will fail similarly.
The transcript of the LaTeX run follows.
WARNING : LaTeX compilation of ch3-circuit38figans1.tex failed
INFO    : converting ch4-comparatorfig.tex to ch4-comparatorfig.pdf
ERROR   : LaTeX compilation of ch4-comparatorfig.tex failed.
Re-run, requesting "source" as the format, to analyze the image.
Likely creating the entire document as PDF will fail similarly.
The transcript of the LaTeX run follows.
WARNING : LaTeX compilation of ch4-comparatorfig.tex failed
INFO    : converting ch7-non-homogeneous-example5-figure4.tex to ch7-non-homogeneous-example5-figure4.pdf
ERROR   : LaTeX compilation of ch7-non-homogeneous-example5-figure4.tex failed.
Re-run, requesting "source" as the format, to analyze the image.
Likely creating the entire document as PDF will fail similarly.
The transcript of the LaTeX run follows.
WARNING : LaTeX compilation of ch7-non-homogeneous-example5-figure4.tex failed
INFO    : converting ch7-homogeneous-example2-figure3.tex to ch7-homogeneous-example2-figure3.pdf
ERROR   : LaTeX compilation of ch7-homogeneous-example2-figure3.tex failed.
Re-run, requesting "source" as the format, to analyze the image.
Likely creating the entire document as PDF will fail similarly.
The transcript of the LaTeX run follows.
WARNING : LaTeX compilation of ch7-homogeneous-example2-figure3.tex failed
INFO    : converting ch5-generalrcexample2solution4.tex to ch5-generalrcexample2solution4.pdf
ERROR   : LaTeX compilation of ch5-generalrcexample2solution4.tex failed.
Re-run, requesting "source" as the format, to analyze the image.
Likely creating the entire document as PDF will fail similarly.
The transcript of the LaTeX run follows.
WARNING : LaTeX compilation of ch5-generalrcexample2solution4.tex failed
INFO    : converting ch7-homogeneous-example2-figure2.tex to ch7-homogeneous-example2-figure2.pdf
ERROR   : LaTeX compilation of ch7-homogeneous-example2-figure2.tex failed.
Re-run, requesting "source" as the format, to analyze the image.
Likely creating the entire document as PDF will fail similarly.
The transcript of the LaTeX run follows.
WARNING : LaTeX compilation of ch7-homogeneous-example2-figure2.tex failed
INFO    : converting ch5-generalrcexample2solution5.tex to ch5-generalrcexample2solution5.pdf
ERROR   : LaTeX compilation of ch5-generalrcexample2solution5.tex failed.
Re-run, requesting "source" as the format, to analyze the image.
Likely creating the entire document as PDF will fail similarly.
The transcript of the LaTeX run follows.
WARNING : LaTeX compilation of ch5-generalrcexample2solution5.tex failed
INFO    : converting ch5-generalrcexample5solutiongraph4.tex to ch5-generalrcexample5solutiongraph4.pdf
ERROR   : LaTeX compilation of ch5-generalrcexample5solutiongraph4.tex failed.
Re-run, requesting "source" as the format, to analyze the image.
Likely creating the entire document as PDF will fail similarly.
The transcript of the LaTeX run follows.
WARNING : LaTeX compilation of ch5-generalrcexample5solutiongraph4.tex failed
INFO    : converting ch1-stepfunctionfigure.tex to ch1-stepfunctionfigure.pdf
ERROR   : LaTeX compilation of ch1-stepfunctionfigure.tex failed.
Re-run, requesting "source" as the format, to analyze the image.
Likely creating the entire document as PDF will fail similarly.
The transcript of the LaTeX run follows.
WARNING : LaTeX compilation of ch1-stepfunctionfigure.tex failed
INFO    : converting ch2-circuit23fig.tex to ch2-circuit23fig.pdf
ERROR   : LaTeX compilation of ch2-circuit23fig.tex failed.
Re-run, requesting "source" as the format, to analyze the image.
Likely creating the entire document as PDF will fail similarly.
The transcript of the LaTeX run follows.
WARNING : LaTeX compilation of ch2-circuit23fig.tex failed
INFO    : converting ch7-series-parallel-example1-figure1.tex to ch7-series-parallel-example1-figure1.pdf
ERROR   : LaTeX compilation of ch7-series-parallel-example1-figure1.tex failed.
Re-run, requesting "source" as the format, to analyze the image.
Likely creating the entire document as PDF will fail similarly.
The transcript of the LaTeX run follows.
WARNING : LaTeX compilation of ch7-series-parallel-example1-figure1.tex failed
INFO    : converting ch3-circuit310fig.tex to ch3-circuit310fig.pdf
ERROR   : LaTeX compilation of ch3-circuit310fig.tex failed.
Re-run, requesting "source" as the format, to analyze the image.
Likely creating the entire document as PDF will fail similarly.
The transcript of the LaTeX run follows.
WARNING : LaTeX compilation of ch3-circuit310fig.tex failed
INFO    : converting ch2-minimumsaferesistorex1.tex to ch2-minimumsaferesistorex1.pdf
ERROR   : LaTeX compilation of ch2-minimumsaferesistorex1.tex failed.
Re-run, requesting "source" as the format, to analyze the image.
Likely creating the entire document as PDF will fail similarly.
The transcript of the LaTeX run follows.
WARNING : LaTeX compilation of ch2-minimumsaferesistorex1.tex failed
INFO    : converting ch6-chargingrl-example3-solution3.tex to ch6-chargingrl-example3-solution3.pdf
ERROR   : LaTeX compilation of ch6-chargingrl-example3-solution3.tex failed.
Re-run, requesting "source" as the format, to analyze the image.
Likely creating the entire document as PDF will fail similarly.
The transcript of the LaTeX run follows.
WARNING : LaTeX compilation of ch6-chargingrl-example3-solution3.tex failed
INFO    : converting ch9-complex-source-transformation-exercise3-figure3.tex to ch9-complex-source-transformation-exercise3-figure3.pdf
ERROR   : LaTeX compilation of ch9-complex-source-transformation-exercise3-figure3.tex failed.
Re-run, requesting "source" as the format, to analyze the image.
Likely creating the entire document as PDF will fail similarly.
The transcript of the LaTeX run follows.
WARNING : LaTeX compilation of ch9-complex-source-transformation-exercise3-figure3.tex failed
INFO    : converting ch9-complex-kcl-kvl-exercise3-diagram.tex to ch9-complex-kcl-kvl-exercise3-diagram.pdf
ERROR   : LaTeX compilation of ch9-complex-kcl-kvl-exercise3-diagram.tex failed.
Re-run, requesting "source" as the format, to analyze the image.
Likely creating the entire document as PDF will fail similarly.
The transcript of the LaTeX run follows.
WARNING : LaTeX compilation of ch9-complex-kcl-kvl-exercise3-diagram.tex failed
INFO    : converting ch2-circuit23figans6.tex to ch2-circuit23figans6.pdf
ERROR   : LaTeX compilation of ch2-circuit23figans6.tex failed.
Re-run, requesting "source" as the format, to analyze the image.
Likely creating the entire document as PDF will fail similarly.
The transcript of the LaTeX run follows.
WARNING : LaTeX compilation of ch2-circuit23figans6.tex failed
INFO    : converting ch1-circuit112exercise.tex to ch1-circuit112exercise.pdf
ERROR   : LaTeX compilation of ch1-circuit112exercise.tex failed.
Re-run, requesting "source" as the format, to analyze the image.
Likely creating the entire document as PDF will fail similarly.
The transcript of the LaTeX run follows.
WARNING : LaTeX compilation of ch1-circuit112exercise.tex failed
INFO    : converting ch4-flashadcfigure.tex to ch4-flashadcfigure.pdf
ERROR   : LaTeX compilation of ch4-flashadcfigure.tex failed.
Re-run, requesting "source" as the format, to analyze the image.
Likely creating the entire document as PDF will fail similarly.
The transcript of the LaTeX run follows.
WARNING : LaTeX compilation of ch4-flashadcfigure.tex failed
INFO    : converting ch3-theveninEquivalence.tex to ch3-theveninEquivalence.pdf
ERROR   : LaTeX compilation of ch3-theveninEquivalence.tex failed.
Re-run, requesting "source" as the format, to analyze the image.
Likely creating the entire document as PDF will fail similarly.
The transcript of the LaTeX run follows.
WARNING : LaTeX compilation of ch3-theveninEquivalence.tex failed
INFO    : converting ch6-generalexample2fig18.tex to ch6-generalexample2fig18.pdf
ERROR   : LaTeX compilation of ch6-generalexample2fig18.tex failed.
Re-run, requesting "source" as the format, to analyze the image.
Likely creating the entire document as PDF will fail similarly.
The transcript of the LaTeX run follows.
WARNING : LaTeX compilation of ch6-generalexample2fig18.tex failed
INFO    : converting ch4-pwmwavesfig.tex to ch4-pwmwavesfig.pdf
ERROR   : LaTeX compilation of ch4-pwmwavesfig.tex failed.
Re-run, requesting "source" as the format, to analyze the image.
Likely creating the entire document as PDF will fail similarly.
The transcript of the LaTeX run follows.
WARNING : LaTeX compilation of ch4-pwmwavesfig.tex failed
INFO    : converting ch5-homogeneousrcexample5solution1.tex to ch5-homogeneousrcexample5solution1.pdf
ERROR   : LaTeX compilation of ch5-homogeneousrcexample5solution1.tex failed.
Re-run, requesting "source" as the format, to analyze the image.
Likely creating the entire document as PDF will fail similarly.
The transcript of the LaTeX run follows.
WARNING : LaTeX compilation of ch5-homogeneousrcexample5solution1.tex failed
INFO    : converting ch6-generalrl-example1-solution2.tex to ch6-generalrl-example1-solution2.pdf
ERROR   : LaTeX compilation of ch6-generalrl-example1-solution2.tex failed.
Re-run, requesting "source" as the format, to analyze the image.
Likely creating the entire document as PDF will fail similarly.
The transcript of the LaTeX run follows.
WARNING : LaTeX compilation of ch6-generalrl-example1-solution2.tex failed
INFO    : converting ch1-circuit18exercise.tex to ch1-circuit18exercise.pdf
ERROR   : LaTeX compilation of ch1-circuit18exercise.tex failed.
Re-run, requesting "source" as the format, to analyze the image.
Likely creating the entire document as PDF will fail similarly.
The transcript of the LaTeX run follows.
WARNING : LaTeX compilation of ch1-circuit18exercise.tex failed
INFO    : converting ch2-wyedeltaexample6.tex to ch2-wyedeltaexample6.pdf
ERROR   : LaTeX compilation of ch2-wyedeltaexample6.tex failed.
Re-run, requesting "source" as the format, to analyze the image.
Likely creating the entire document as PDF will fail similarly.
The transcript of the LaTeX run follows.
WARNING : LaTeX compilation of ch2-wyedeltaexample6.tex failed
INFO    : converting ch6-homogeneousrl-example3-solution2.tex to ch6-homogeneousrl-example3-solution2.pdf
ERROR   : LaTeX compilation of ch6-homogeneousrl-example3-solution2.tex failed.
Re-run, requesting "source" as the format, to analyze the image.
Likely creating the entire document as PDF will fail similarly.
The transcript of the LaTeX run follows.
WARNING : LaTeX compilation of ch6-homogeneousrl-example3-solution2.tex failed
INFO    : converting ch9-transfer-functions-exercise2-diagram.tex to ch9-transfer-functions-exercise2-diagram.pdf
ERROR   : LaTeX compilation of ch9-transfer-functions-exercise2-diagram.tex failed.
Re-run, requesting "source" as the format, to analyze the image.
Likely creating the entire document as PDF will fail similarly.
The transcript of the LaTeX run follows.
WARNING : LaTeX compilation of ch9-transfer-functions-exercise2-diagram.tex failed
INFO    : converting ch7-homogeneous-second-example1-diagram.tex to ch7-homogeneous-second-example1-diagram.pdf
ERROR   : LaTeX compilation of ch7-homogeneous-second-example1-diagram.tex failed.
Re-run, requesting "source" as the format, to analyze the image.
Likely creating the entire document as PDF will fail similarly.
The transcript of the LaTeX run follows.
WARNING : LaTeX compilation of ch7-homogeneous-second-example1-diagram.tex failed
INFO    : converting ch9-complex-superposition-exercise4-figure2.tex to ch9-complex-superposition-exercise4-figure2.pdf
ERROR   : LaTeX compilation of ch9-complex-superposition-exercise4-figure2.tex failed.
Re-run, requesting "source" as the format, to analyze the image.
Likely creating the entire document as PDF will fail similarly.
The transcript of the LaTeX run follows.
WARNING : LaTeX compilation of ch9-complex-superposition-exercise4-figure2.tex failed
INFO    : converting ch5-homogeneousrcexample2solution1.tex to ch5-homogeneousrcexample2solution1.pdf
ERROR   : LaTeX compilation of ch5-homogeneousrcexample2solution1.tex failed.
Re-run, requesting "source" as the format, to analyze the image.
Likely creating the entire document as PDF will fail similarly.
The transcript of the LaTeX run follows.
WARNING : LaTeX compilation of ch5-homogeneousrcexample2solution1.tex failed
INFO    : converting ch3-circuit35figans3.tex to ch3-circuit35figans3.pdf
ERROR   : LaTeX compilation of ch3-circuit35figans3.tex failed.
Re-run, requesting "source" as the format, to analyze the image.
Likely creating the entire document as PDF will fail similarly.
The transcript of the LaTeX run follows.
WARNING : LaTeX compilation of ch3-circuit35figans3.tex failed
INFO    : converting ch1-rectpulseexamplegraph.tex to ch1-rectpulseexamplegraph.pdf
ERROR   : LaTeX compilation of ch1-rectpulseexamplegraph.tex failed.
Re-run, requesting "source" as the format, to analyze the image.
Likely creating the entire document as PDF will fail similarly.
The transcript of the LaTeX run follows.
WARNING : LaTeX compilation of ch1-rectpulseexamplegraph.tex failed
INFO    : converting ch3-circuit313figans.tex to ch3-circuit313figans.pdf
ERROR   : LaTeX compilation of ch3-circuit313figans.tex failed.
Re-run, requesting "source" as the format, to analyze the image.
Likely creating the entire document as PDF will fail similarly.
The transcript of the LaTeX run follows.
WARNING : LaTeX compilation of ch3-circuit313figans.tex failed
INFO    : converting ch1-triangularpulseexamplegraph.tex to ch1-triangularpulseexamplegraph.pdf
ERROR   : LaTeX compilation of ch1-triangularpulseexamplegraph.tex failed.
Re-run, requesting "source" as the format, to analyze the image.
Likely creating the entire document as PDF will fail similarly.
The transcript of the LaTeX run follows.
WARNING : LaTeX compilation of ch1-triangularpulseexamplegraph.tex failed
INFO    : converting elementarysignals119exercise-2-1-2.tex to elementarysignals119exercise-2-1-2.pdf
ERROR   : LaTeX compilation of elementarysignals119exercise-2-1-2.tex failed.
Re-run, requesting "source" as the format, to analyze the image.
Likely creating the entire document as PDF will fail similarly.
The transcript of the LaTeX run follows.
WARNING : LaTeX compilation of elementarysignals119exercise-2-1-2.tex failed
INFO    : converting ch6-equivalentinductance-example5-solution1.tex to ch6-equivalentinductance-example5-solution1.pdf
ERROR   : LaTeX compilation of ch6-equivalentinductance-example5-solution1.tex failed.
Re-run, requesting "source" as the format, to analyze the image.
Likely creating the entire document as PDF will fail similarly.
The transcript of the LaTeX run follows.
WARNING : LaTeX compilation of ch6-equivalentinductance-example5-solution1.tex failed
INFO    : converting ch5-dischargercexample7.tex to ch5-dischargercexample7.pdf
ERROR   : LaTeX compilation of ch5-dischargercexample7.tex failed.
Re-run, requesting "source" as the format, to analyze the image.
Likely creating the entire document as PDF will fail similarly.
The transcript of the LaTeX run follows.
WARNING : LaTeX compilation of ch5-dischargercexample7.tex failed
INFO    : converting ch8-deltawye-ex5-figure5.tex to ch8-deltawye-ex5-figure5.pdf
ERROR   : LaTeX compilation of ch8-deltawye-ex5-figure5.tex failed.
Re-run, requesting "source" as the format, to analyze the image.
Likely creating the entire document as PDF will fail similarly.
The transcript of the LaTeX run follows.
WARNING : LaTeX compilation of ch8-deltawye-ex5-figure5.tex failed
INFO    : converting ch4-noninvertingsummingopampcircuitdiagram.tex to ch4-noninvertingsummingopampcircuitdiagram.pdf
ERROR   : LaTeX compilation of ch4-noninvertingsummingopampcircuitdiagram.tex failed.
Re-run, requesting "source" as the format, to analyze the image.
Likely creating the entire document as PDF will fail similarly.
The transcript of the LaTeX run follows.
WARNING : LaTeX compilation of ch4-noninvertingsummingopampcircuitdiagram.tex failed
ERROR   : Unable to generate some latex-image assets:
 LaTeX compilation failed for 1196 "latex-image"(s).
Review the log for error messages, and LaTeX transcripts.
Images are:
  ch9-complex-superposition-exercise3-figure3.tex
  ch3-circuit38figansnothelpful2.tex
  ch9-active-firstorder-lpf-diagram1.tex
  ch5-equivalentcapexample1solution1.tex
  ch7-series-rlc-example4-diagram.tex
  ch6-equivalentinductance-example4-solution2.tex
  ch5-capsymbol.tex
  ch2-voltagedividerexmeshesfig1.tex
  ch9-complex-norton-exercise5-figure2.tex
  ch5-homogeneousrcexample1solution4.tex
  ch3-maxPowerFigure4.tex
  ch6-generalexample2fig15.tex
  ch9-complex-mesh-analysis-exercise2-figure1.tex
  ch6-chargingrl-example5-solution4.tex
  ch5-measuringcapacitance.tex
  ch9-unstable-poles-real-roots.tex
  ch6-homogeneousrl-example5-solution5.tex
  ch5-generaltransientresistorexample7.tex
  ch2-circuit225figans1.tex
  ch7-const-non-homogeneous-example1-figure3.tex
  ch9-complex-kcl-kvl-exercise1-figure1.tex
  ch7-homogeneous-parallelrlc-example-fig5.tex
  ch9-complex-source-transformation-exercise4-figure2.tex
  ch2-circuitMeshes.tex
  ch11-sdomain-example3-figure2.tex
  ch6-homogeneous-example2-solution2.tex
  ch5-dischargercexampledependentdiffeq1.tex
  ch7-homogeneous-example5-figure3.tex
  ch6-dischargingrlexamplefig1.tex
  ch3-nortonExampleFigure2.tex
  ch7-homogeneous-seriesrlc-example-fig1.tex
  ch2-eqresistancecktef3.tex
  ch6-chargingfromzeroexample2fig3.tex
  ch5-generalrcexample2solution8.tex
  ch2-circuit23figansdelta1.tex
  sources14exercise-2-1-2.tex
  ch6-chargingfromzeroexample2fig2.tex
  ch2-eqresistancecktef2.tex
  ch5-generalrcexample2solution9.tex
  ch3-circuit33figans4.tex
  ch3-nortonExampleFigure3.tex
  ch5-homogeneousrccircuitfigure.tex
  ch6-equivalentinductance-example4-solution10.tex
  ch5-rchomogeneousexample1.tex
  ch7-homogeneous-example5-figure2.tex
  ch6-homogeneous-example2-solution3.tex
  ch11-sdomain-example3-figure3.tex
  ch9-complex-source-transformation-exercise4-figure3.tex
  ch12-555timermonostablecharging.tex
  ch9-complex-kcl-kvl-exercise4-diagram.tex
  ch9-filters-exercise5-diagram.tex
  ch7-homogeneous-parallelrlc-example-fig4.tex
  ch1-circuit115exercise.tex
  ch7-const-non-homogeneous-example1-figure2.tex
  ch9-active-bsf-example-diagram.tex
  ch6-homogeneousrl-example5-solution4.tex
  ch5-generaltransientresistorexample6.tex
  ch6-chargingrl-example2-solution1.tex
  ch3-circuit315fig.tex
  ch6-chargingrl-example5-solution5.tex
  ch6-generalexample2fig14.tex
  ch9-complex-thevenin-exercise1-figure1.tex
  ch3-maxPowerFigure5.tex
  ch3-theveninExampleDependent1.tex
  ch2-kclexample1.tex
  ch3-circuit36figans1.tex
  ch2-circuit25figans1.tex
  ch9-transfer-function-example3-figure2.tex
  ch1-rampfunctiongraph.tex
  ch6-equivalentinductance-example4-solution3.tex
  ch7-non-homogeneous-example2-diagram.tex
  ch5generalrcexample1solution1.tex
  ch8-equivimpedance-ex5-figure4.tex
  ch2-circuit26fig.tex
  ch6-generalexample1fig1.tex
  ch9-transfer-functions-exercise5-diagram.tex
  ch7-homogeneous-parallelrlc-parasitic-diagram-t0plus.tex
  ch9-complex-superposition-exercise3-figure2.tex
  ch3-circuit313figans2.tex
  ch1-exponentialdecaygraph.tex
  ch3-circuit38figansnothelpful1.tex
  ch6-generalexample1fig3.tex
  ch9-active-firstorder-lpf-diagram2.tex
  ch5-equivalentcapexample1solution2.tex
  ch9-complex-norton-exercise5-answer.tex
  ch5generalrcexample1solution3.tex
  ch5-actualchargingrcexample4solution4.tex
  ch6-equivalentinductance-example4-solution1.tex
  ch7-homogeneous-seriesrlc-diagram-t0plus.tex
  ch9-equivalent-AC-circuits.tex
  ch9-complex-source-transformation-exercise1-figure4.tex
  ch2-circuit25figans3.tex
  ch2-voltagedividerexmeshesfig2.tex
  ch9-complex-norton-exercise5-figure1.tex
  ch8-equivalent-impedance-exercise5-diagram.tex
  ch3-passiveShort.tex
  ch3-theveninExampleDependent3.tex
  ch5-nonhomogeneousrccircuitfigureswitch.tex
  ch4-differentialamplifierfigure.tex
  ch6-chargingrl-example5-solution7.tex
  ch6-generalexample2fig16.tex
  ch9-complex-mesh-analysis-exercise2-figure2.tex
  ch6-general-rl-example2-diagram.tex
  ch5-generaltransientresistorexample4.tex
  ch6-homogeneousrl-example5-solution6.tex
  ch6-chargingrl-example2-solution3.tex
  ch2-potasvr.tex
  ch7-challenge-second-example3-diagram.tex
  ch9-complex-source-transformation-exercise4-figure1.tex
  ch10-complex-power-exercise4-diagram.tex
  ch11-sdomain-example3-figure1.tex
  ch2-circuit221fig.tex
  ch6-dischargingrlexamplefig2.tex
  ch6-equivalentinductance-example1-diagram.tex
  ch6-homogeneous-example2-solution1.tex
  ch10-power-factor-correction-exercise4-diagram.tex
  ch7-homogeneous-seriesrlc-example-fig2.tex
  ch3-nortonExampleFigure1.tex
  ch1-exampletwoseriescurrentsafter.tex
  ch2-circuit23figansdelta2.tex
  ch6-inductorsymbol.tex
  ch10-power-factor-correction-exercise1-figure1.tex
  ch6-chargingfromzeroexample2fig1.tex
  ch2-eqresistancecktab.tex
  ch7-homogeneous-seriesrlc-example-fig3.tex
  ch7-homogeneous-example5-figure1.tex
  ch6-dischargingrlexamplefig3.tex
  ch11-fig-s-domain-inductor.tex
  ch4-tnetworkcircuit.tex
  ch2-circuit217fig.tex
  ch1-voltage-current-plus-signs.tex
  ch6-homogeneousrlcircuit-example2-diagram.tex
  ch1-gravitationalpotential.tex
  ch7-const-non-homogeneous-example1-figure1.tex
  ch10-complex-power-exercise1-figure1.tex
  ch2-figresistorseries.tex
  ch9-bpf-analysis-example.tex
  ch6-chargingrl-example2-solution2.tex
  ch5-generaltransientresistorexample5.tex
  ch6-homogeneousrl-example5-solution7.tex
  ch6-generalexample2fig17.tex
  ch6-chargingrl-example5-solution6.tex
  ch11-sdomain-analysis-exercise3-diagram.tex
  ch3-theveninExampleDependent2.tex
  ch7-parallelrlc-diagram.tex
  ch9-hpf-analysis-example.tex
  ch2-circuit25figans2.tex
  ch3-circuit36figans2.tex
  ch9-transfer-function-example3-figure1.tex
  ch9-bsf-magnitude-response.tex
  ch5generalrcexample1solution2.tex
  ch5-equivalentcapexample1solution3.tex
  ch9-active-firstorder-lpf-diagram3.tex
  ch5-dischargercexample8.tex
  ch6-generalexample1fig2.tex
  ch3-circuit313figans1.tex
  ch4-differenceampcircuitdiagram.tex
  ch9-complex-superposition-exercise3-figure1.tex
  ch3-circuit32fig.tex
  ch6-generalexample1fig6.tex
  ch2-circuit223fig.tex
  ch10-power-factor-correction-exercise1-diagram.tex
  ch5-equivalentcapexample1solution7.tex
  ch5-actualchargingrcexample4solution1.tex
  ch1-measuringvoltagefig.tex
  ch6-equivalentinductance-example4-solution4.tex
  ch8-equivimpedance-ex5-figure3.tex
  ch5generalrcexample1solution6.tex
  ch6-equivalentinductance-example4-diagram.tex
  ch7-homogeneous-general-symbolic-example-fig2.tex
  ch2-short-circuit-voltage-zero.tex
  ch3-maxPowerFigure2.tex
  ch9-filters-exercise5-figure2.tex
  ch6-rldischarging.tex
  ch9-cplx-kclkvl-example-figure3.tex
  ch9-complex-source-transformation-exercise1-figure1.tex
  ch5-homogeneousrcexample1solution2.tex
  ch2-circuit25figans6.tex
  ch10-complex-power-exercise1-diagram.tex
  ch6-chargingrl-example5-solution2.tex
  ch6-generalexample2fig13.tex
  ch9-voltage-current-div-exercise5-figure1.tex
  ch6-homogeneousrl-example5-solution3.tex
  ch5-generaltransientresistorexample1.tex
  ch11-sdomain-analysis-exercise3-figure1.tex
  ch9-complex-source-transformation-exercise4-figure4.tex
  ch7-homogeneous-parallelrlc-example-fig3.tex
  ch7-const-non-homogeneous-example1-figure5.tex
  ch1-diracdeltafunctionexample.tex
  ch5-tantalumcapdiagram.tex
  ch6-homogeneous-example2-solution4.tex
  ch9-bsf-magnitude-response-highq-and-lowq.tex
  ch6-rl-charging-example1-diagram.tex
  ch7-non-homogeneous-example2-figure2.tex
  sources15exercise-2-1-2.tex
  ch9-transfer-functions-exercise5-figure2.tex
  ch11-fig-s-domain-closing-switch.tex
  ch2-eqresistancecktef5.tex
  ch6-chargingfromzeroexample2fig5.tex
  ch9-cplx-current-voltage-divider-example2-diagram.tex
  ch3-circuit33figans3.tex
  ch3-openCircuitVoltageCircuit.tex
  ch9-complex-superposition-exercise3-diagram.tex
  ch6-chargingrl-example1-solution3.tex
  ch6-chargingrl-example1-solution2.tex
  ch4-cascadedblockfigure.tex
  ch3-circuit33figans2.tex
  ch7-homogeneous-seriesrlc-example-fig6.tex
  ch6-chargingfromzeroexample2fig4.tex
  ch2-eqresistancecktef4.tex
  ch1-circuit13exercise.tex
  ch7-non-homogeneous-example2-figure3.tex
  ch8-equivalent-deltawye-exercise2-answer.tex
  ch7-homogeneous-example5-figure4.tex
  ch10-max-power-exercise2-diagram.tex
  ch2-highlowcurrent.tex
  ch7-const-non-homogeneous-example1-figure4.tex
  ch2-circuit219fig.tex
  ch9-complex-norton-exercise5-diagram.tex
  ch10-maximum-power-diagram-ac.tex
  ch7-homogeneous-parallelrlc-example-fig2.tex
  ch9-complex-source-transformation-exercise4-figure5.tex
  ch1-voltage-sources-that-cannot-be-combined-possibility2.tex
  ch6-homogeneousrl-example5-solution2.tex
  ch9-unity-gain-sallen-key-filter.tex
  ch6-generalexample2fig12.tex
  ch6-chargingrl-example5-solution3.tex
  ch9-complex-thevenin-equivalent-circuit.tex
  ch6-generalrl-example1-solution8.tex
  ch10-phase-rms-exercise5-diagram.tex
  ch9-cplx-kclkvl-example-figure2.tex
  ch5-homogeneousrcexample1solution3.tex
  ch9-complex-source-transformation-exercise4-diagram.tex
  ch10-complex-power-exercise4-figure1.tex
  ch3-maxPowerFigure3.tex
  ch5generalrcexample1solution7.tex
  ch8-equivimpedance-ex5-figure2.tex
  ch9-complex-superposition-exercise4-figure8.tex
  ch7-homogeneous-general-symbolic-example-fig3.tex
  ch5-measuringinductance.tex
  ch2-currentdividerexmeshesfig1.tex
  ch6-equivalentinductance-example4-solution5.tex
  ch7-series-parallel-example3-figure2.tex
  ch10-power-factor-correction-exercise4-figure1.tex
  ch9-complex-superposition-exercise3-figure4.tex
  ch7-challenge-example2-figure1.tex
  ch8-equivalent-deltawye-exercise3-diagram.tex
  ch5-equivalentcapexample1solution6.tex
  ch6-generalexample1fig7.tex
  ch5-equivalentcapexample1solution4.tex
  ch9-lpf-magnitude-response-first-and-second.tex
  ch6-generalexample1fig5.tex
  elementarysignals117exercise-4-9-2.tex
  ch2-resistorparallel.tex
  elementarysignals120exercise-2-1-2.tex
  ch6-equivalentinductance-example4-solution7.tex
  ch2-circuit220figans1.tex
  ch7-seriesrlc-diagram.tex
  ch5-actualchargingrcexample4solution2.tex
  ch7-homogeneous-general-symbolic-example-fig1.tex
  ch5generalrcexample1solution5.tex
  ch9-complex-kcl-kvl-exercise4-figure1.tex
  ch2-resistancefromviex1.tex
  ch3-maxPowerFigure1.tex
  ch9-filters-exercise5-figure1.tex
  ch2-circuit25figans5.tex
  ch5-homogeneousrcexample1solution1.tex
  ch9-complex-source-transformation-exercise1-figure2.tex
  ch6-generalexample2fig10.tex
  ch6-chargingrl-example5-solution1.tex
  ch11-sdomain-analysis-exercise3-figure2.tex
  ch5-generaltransientresistorexample2.tex
  ch9-complex-thevenin-exercise1-diagram.tex
  ch7-const-non-homogeneous-example1-figure6.tex
  ch6-dischargingrlexamplefig4.tex
  ch7-series-rlc-example1-diagram.tex
  ch7-non-homogeneous-example2-figure1.tex
  ch4-summingampfigure.tex
  ch2-eqresistancecktef6.tex
  ch9-transfer-functions-exercise5-figure1.tex
  ch2-voltagecalcex1.tex
  ch9-complex-thevenin-exercise2-answer.tex
  ch2-eqresistancecktae.tex
  ch7-homogeneous-seriesrlc-example-fig4.tex
  ch3-circuit33figans1.tex
  ch2-meshvsbranchfig.tex
  ch7-homogeneous-second-example3-diagram.tex
  ch7-homogeneous-seriesrlc-example-fig5.tex
  ch6-chargingrl-example1-solution1.tex
  ch9-bsf-example1-bode.tex
  ch1-voltmeter.tex
  ch6-dischargingrlexamplefig5.tex
  ch1-voltage-sources-that-cannot-be-combined-possibility1.tex
  ch5-polarizedcapsymbol.tex
  ch7-homogeneous-parallelrlc-example-fig1.tex
  ch7-non-homogeneous-parallelrlc-diagram-t0plus.tex
  ch5-generaltransientresistorexample3.tex
  ch9-complex-mesh-analysis-exercise2-diagram.tex
  ch6-homogeneousrl-example5-solution1.tex
  ch4-dividedfeedbackfig.tex
  ch2-powercalcex1.tex
  ch7-non-homogeneous-seriesrlc-diagram-t0plus.tex
  ch6-generalexample2fig11.tex
  ch9-bpf-magnitude-response-highq-and-lowq.tex
  ch9-complex-kcl-kvl-exercise1-diagram.tex
  ch9-complex-source-transformation-exercise1-figure3.tex
  ch9-cplx-kclkvl-example-figure1.tex
  ch2-circuit25figans4.tex
  ch1-rampfunctionexamplegraph.tex
  ch4-comparatorgraphfig.tex
  ch10-complex-power-exercise4-figure2.tex
  ch3-shortCircuitCurrentFigure.tex
  ch5generalrcexample1solution4.tex
  ch8-equivimpedance-ex5-figure1.tex
  ch2-circuit28fig.tex
  ch5-actualchargingrcexample4solution3.tex
  ch6-equivalentinductance-example4-solution6.tex
  ch7-series-parallel-example3-figure1.tex
  ch2-currentdividerexmeshesfig2.tex
  ch7-challenge-example2-figure2.tex
  ch5-ch5-discontinuouscurrent.tex
  ch6-equivalentinductance-example5-solution8.tex
  ch6-generalexample1fig4.tex
  ch5-equivalentcapexample1solution5.tex
  ch1-circuit113exercise.tex
  ch9-active-firstorder-hpf-diagram3.tex
  ch3-theveninExample4.tex
  ch9-complex-kcl-kvl-exercise2-diagram.tex
  ch6-equivalentinductanceexamplefig1.tex
  ch9-filters-exercise3-diagram.tex
  ch5-opampintegratorfigure.tex
  ch2-circuit211fig.tex
  ch9-cplx-norton-example-figure4.tex
  ch5-parallelcapdiagram.tex
  ch2-resistorserieslength.tex
  ch5-generalrcexample4.tex
  ch7-challenge-example1-figure2.tex
  ch3-maximumPowerFigure.tex
  ch3-circuit39figans2.tex
  ch6-general-rl-example5-solution11.tex
  ch4-examplecircuit410.tex
  ch5-chargingfromzeroendofchapter3.tex
  ch6-general-rl-example5-solution7.tex
  ch1-exampletwoseriesvoltages.tex
  ch11-fig-s-domain-capacitor.tex
  ch3-superpositionNumericSubcircuitFigure5.tex
  ch3-circuit34fig.tex
  ch5-chargingfromzerorcexample5solution2.tex
  ch8-deltawye-ex4-figure5.tex
  ch4-cascadedinvertingexamplefig.tex
  ch8-delta-wye-impedance-example-figure4.tex
  ch9-complex-superposition-exercise5-figure2.tex
  ch3-circuit34figans1.tex
  ch9-transfer-functions-exercise3-diagram.tex
  ch5-equivcapexample4solution1.tex
  ch9-complex-mesh-analysis-exercise1-diagram.tex
  ch9-cplx-superposition-example-figure2.tex
  ch5-homogeneouscircuitexamplequestion4.tex
  ch2-deltacircuitdiagram.tex
  ch3-circuit311figans2.tex
  ch6-generalexample2fig3.tex
  ch6-generalexample2fig2.tex
  ch2-referenceresistor.tex
  ch5-rcchargingvoltcurrentquestion5.tex
  ch4-twolinearequations.tex
  ch9-cplx-superposition-example-figure3.tex
  ch9-filters-exercse2-diagram.tex
  ch9-complex-thevenin-exercise2-diagram.tex
  elementarysignals120exercise-3-2-2.tex
  ch9-complex-mesh-analysis-exercise4-figure1.tex
  ch9-complex-superposition-exercise5-figure3.tex
  ch8-delta-wye-impedance-example-figure5.tex
  ch4-singleendedamp.tex
  ch5-parallelcaps-8-2-4-2.tex
  ch7-series-rlc-example2-diagram.tex
  ch7-non-homogeneous-example1-figure1.tex
  ch5-chargingfromzerorcexample5solution3.tex
  ch8-deltawye-ex4-figure4.tex
  ch6-general-rl-example5-solution6.tex
  ch7-underdamped-overdamped-graph.tex
  ch6-general-rl-example5-solution10.tex
  ch4-examplecircuit411.tex
  ch2-circuit25figansdelta2.tex
  ch3-superpositionNumericSubcircuitFigure3b.tex
  ch3-circuit39figans3.tex
  ch10-correct-capacitive-load-figure1.tex
  ch5-generalrcexample5.tex
  ch9-voltage-source-transformed-current.tex
  ch9-cplx-mesh-example-figure1.tex
  ch9-cplx-norton-example-figure5.tex
  ch6-chargingfromzeroexample1fig1.tex
  elementarysignals117exercise-4-12-2.tex
  ch9-complex-source-transformation-exercise2-figure2.tex
  ch6-rl-general-example4-diagram.tex
  ch9-hpf-example1-bode.tex
  ch9-active-firstorder-hpf-diagram2.tex
  ch9-cplx-voltage-divider-example-figure4.tex
  ch6-chargingfromzeroexample1fig3.tex
  ch6-equivalentinductanceexamplefig2.tex
  ch9-cplx-mesh-example-figure3.tex
  ch9-cplx-norton-example-figure7.tex
  ch5-generalrcexample7.tex
  ch3-circuit314figans4.tex
  ch7-challenge-example1-figure1.tex
  ch9-first-order-lpf-rl.tex
  ch10-correct-capacitive-load-figure3.tex
  ch4-examplecircuit413.tex
  ch6-general-rl-example5-solution12.tex
  ch3-circuit39figans1.tex
  ch3-superpositionNumericSubcircuitFigure6.tex
  ch7-homogeneous-example3-figure1.tex
  ch6-general-rl-example5-solution4.tex
  ch9-stable-pole-zeros.tex
  ch9-ch9-complex-superposition-exercise2-figure3.tex
  ch10-max-power-exercise1-diagram.tex
  ch7-non-homogeneous-example1-figure3.tex
  ch5-chargingfromzerorcexample5solution1.tex
  ch3-circuit34figans2.tex
  ch1-differentiatingstepfunctiongraph.tex
  ch9-complex-superposition-exercise5-figure1.tex
  ch5-equivcapexample4solution2.tex
  ch11-sdomain-analysis-exercise5-diagram.tex
  ch9-cplx-superposition-example-figure1.tex
  ch8-delta-wye-impedances-delta.tex
  ch5-parallelcaps-8-2-6-2.tex
  ch3-circuit311figans1.tex
  ch4-pwmcktfig.tex
  ch3-circuit313fig.tex
  ch6-generalexample2fig1.tex
  ch5-seriescapsfig.tex
  ch8-equivalent-impedance-exercise3-diagram.tex
  ch5-homogeneousrcatzeroplus.tex
  ch5-equivcapexample4solution3.tex
  ch2-cktloopmesh.tex
  ch9-cplx-current-voltage-divider-example1-diagram.tex
  ch3-circuit34figans3.tex
  ch5-parallelplatewithcharge.tex
  ch7-homogeneous-critically-damped-graph.tex
  ch7-non-homogeneous-example1-figure2.tex
  ch6-rl-charging-example2-diagram.tex
  ch9-ch9-complex-superposition-exercise2-figure2.tex
  ch6-general-rl-example5-solution5.tex
  ch2-circuit25figansdelta1.tex
  ch5-chargingfromzeroendofchapter1.tex
  ch4-examplecircuit412.tex
  ch10-correct-capacitive-load-figure2.tex
  ch10-power-factor-correction-exercise2-diagram.tex
  ch12-555astableoutput.tex
  ch2-threenodes.tex
  ch5-generalrcexample6.tex
  ch9-cplx-norton-example-figure6.tex
  ch9-cplx-mesh-example-figure2.tex
  ch7-challenge-second-example5-diagram.tex
  ch9-complex-source-transformation-exercise2-figure1.tex
  ch10-complex-power-exercise2-diagram.tex
  ch6-chargingfromzeroexample1fig2.tex
  ch9-active-firstorder-hpf-diagram1.tex
  ch4-noninvertingopampcktfigure.tex
  ch1-powerdeliverorabsorb.tex
  ch2-kvlexample1.tex
  ch5-chargingfromzerorcexample4solution3.tex
  ch3-theveninExample2.tex
  ch3-circuit31figans2.tex
  ch4-voltagediv9to5.tex
  ch9-cplx-voltage-divider-example-figure1.tex
  ch3-circuit311fig.tex
  ch9-cplx-norton-example-figure2.tex
  ch6-chargingrlcircuit-example4-diagram.tex
  ch9-first-order-hpf-rc.tex
  ch6-parasiticinductor.tex
  ch9-lpf-example1-bode.tex
  ch5-generalrcexample2.tex
  ch3-circuit314figans1.tex
  ch6-general-rl-example5-solution1.tex
  ch10-max-power-exercise4-diagram.tex
  ch3-superpositionNumericSubcircuitFigure3.tex
  ch1-exampletwoseriesvoltagesother.tex
  ch5-variablecapsymbol.tex
  ch5-chargingfromzeroendofchapter5.tex
  ch3-circuit39figans4.tex
  ch2-circuit22fig.tex
  ch7-series-parallel-example5-figure2.tex
  ch5-chargingfromzerorcexample5solution4.tex
  ch8-deltawye-ex4-figure3.tex
  ch4-examplecircuit48.tex
  ch8-equivimpedance-ex3-figure2.tex
  ch10-power-factor-correction-exercise2-figure1.tex
  ch8-delta-wye-impedance-example-figure2.tex
  ch9-complex-superposition-exercise5-figure4.tex
  ch3-circuit34figans7.tex
  ch8-equivalent-deltawye-exercise5-diagram.tex
  ch9-cplx-superposition-example-figure4.tex
  ch5-equivcapexample4solution7.tex
  ch6-homogeneous-rl-example4-diagram.tex
  ch6-homogeneousrlcircuit-example1-diagram.tex
  ch6-generalexample2fig5.tex
  ch5-generalrccircuitexamplecircuit4.tex
  ch6-generalexample2fig4.tex
  ch9-filters-exercise3-figure2.tex
  ch9-complex-kcl-kvl-exercise2-figure2.tex
  ch5-equivcapexample4solution6.tex
  ch10-maximum-power-transfer-exercise5-figure2.tex
  ch9-cplx-superposition-example-figure5.tex
  ch9-complex-superposition-exercise5-figure5.tex
  ch8-delta-wye-impedance-example-figure3.tex
  ch3-circuit34figans6.tex
  ch6-equivalentinductance-example2-diagram.tex
  ch5-chargingfromzerorcexample5solution5.tex
  ch4-examplecircuit49.tex
  ch8-deltawye-ex4-figure2.tex
  ch1-sinewave.tex
  ch7-series-parallel-example5-figure3.tex
  ch7-nonhomogeneous-example4-diagram.tex
  ch3-circuit39figans5.tex
  ch7-non-homogeneous-example4-figure2.tex
  ch5-chargingfromzeroendofchapter4.tex
  ch10-maximum-power-transfer-example1-figure1.tex
  ch3-superpositionNumericSubcircuitFigure2.tex
  ch9-bpf-magnitude-response.tex
  ch9-complex-superposition-exercise5-diagram.tex
  ch5-ceqexample1solution1.tex
  ch5-generalrcexample3.tex
  ch9-transfer-functions-exercise3-figure2.tex
  ch5-chargingfromzerorcexample3solution2.tex
  ch9-cplx-current-voltage-divider-example4-diagram.tex
  ch6-general-rl-example1-diagram.tex
  ch11-sdomain-analysis-exercise5-figure1.tex
  ch9-cplx-norton-example-figure3.tex
  ch9-poles-zeros-example3-figure1.tex
  ch9-voltage-current-div-exercise3-figure1.tex
  ch2-circuit218figans1.tex
  ch3-theveninExample3.tex
  ch10-max-power-transfer-exercise3-figure1.tex
  ch5-chargingfromzerorcexample4solution2.tex
  ch6-chargingfromzeroexample1fig5.tex
  ch2-kvlexample2.tex
  ch7-homogeneous-parallelrlc-diagram-t0plus.tex
  ch9-cplx-voltage-divider-example-figure2.tex
  ch2-cktnodes.tex
  ch3-circuit31figans1.tex
  ch3-theveninExample1.tex
  ch9-cplx-norton-example-figure1.tex
  ch9-complex-thevenin-exercise2-figure1.tex
  ch9-complex-mesh-analysis-exercise4-diagram.tex
  ch5-chargingfromzerocircuitexample1.tex
  ch1-rectpulsefig.tex
  ch8-delta-wye-impedances-wye.tex
  ch3-circuit314figans2.tex
  ch7-homogeneous-second-example5-diagram.tex
  ch5-generalrcexample1.tex
  ch6-general-rl-example5-solution2.tex
  ch1-diracdeltafigure.tex
  ch4-examplecircuit415.tex
  ch1-triangularpulsegraph.tex
  ch7-series-parallel-example5-figure1.tex
  ch9-transfer-function-bpf-bode.tex
  ch8-equivimpedance-ex3-figure1.tex
  ch3-circuit34figans4.tex
  ch8-delta-wye-impedance-example-figure1.tex
  ch3-circuit311figans.tex
  ch9-cplx-superposition-example-figure7.tex
  ch5-equivcapexample4solution4.tex
  ch5-tgeneralrcexample5solution8.tex
  ch1-circuit116exercise.tex
  ch2-circuit213fig.tex
  ch6-generalexample2fig6.tex
  ch9-complex-kcl-kvl-exercise2-figure1.tex
  ch3-shortedVoltageSource.tex
  ch9-filters-exercise3-figure1.tex
  ch6-generalexample2fig7.tex
  ch5-tgeneralrcexample5solution9.tex
  ch5-equivcapexample4solution5.tex
  ch9-cplx-superposition-example-figure6.tex
  ch2-resistorsymbol.tex
  ch10-maximum-power-transfer-exercise5-figure1.tex
  ch3-circuit34figans5.tex
  ch9-complex-superposition-exercise5-figure6.tex
  ch10-power-triangle-image.tex
  ch8-cartesian-vs-polar-coordinate-graphs.tex
  ch5-rchomogeneousdischargecircuit3.tex
  ch5-aluminumelectrolyticdiagram.tex
  ch1-exampletwoseriesvoltagesotherafter.tex
  ch2-circuit225fig.tex
  ch7-non-homogeneous-example1-figure4.tex
  ch8-deltawye-ex4-figure1.tex
  ch5-chargingfromzerorcexample5solution6.tex
  ch4-examplecircuit414.tex
  ch7-non-homogeneous-example4-figure1.tex
  ch3-circuit39figans6.tex
  ch3-superpositionNumericSubcircuitFigure1.tex
  ch6-general-rl-example5-solution3.tex
  ch10-maximum-power-transfer-example1-figure2.tex
  ch3-circuit314figans3.tex
  ch5-chargingfromzerorcexample3solution1.tex
  ch9-transfer-functions-exercise3-figure1.tex
  ch9-marginal-poles-cplx-roots.tex
  ch9-cplx-voltage-divider-example-figure3.tex
  ch2-circuit218figans2.tex
  ch5-chargingfromzerorcexample4solution1.tex
  ch6-chargingfromzeroexample1fig4.tex
  ch12-555timermonostable.tex
  ch10-complex-power-circuit-diagram-example-figure2.tex
  ch4-examplecircuit410sol2.tex
  ch9-complex-mesh-analysis-exercise3-diagram.tex
  ch2-voltagedividerexfig3.tex
  ch10-correcting-inductive-load-example1-figure3.tex
  ch9-first-order-hpf-rl.tex
  ch8-equiv-impedance-example-fig5.tex
  ch9-cplx-source-transform-example-figure3.tex
  ch7-homogeneous-general-numeric-example-fig6.tex
  ch6-generalexample1fig10.tex
  ch10-impedance-triangle-image.tex
  ch9-hpf-magnitude-response-first-and-second.tex
  ch2-open-circuit-current-zero.tex
  ch5-generaltransientexamplefiguregraphscomeon.tex
  ch9-transfer-functions-exercise1-diagram.tex
  ch2-eqresistancecktab5.tex
  ch3-circuit32figans3.tex
  ch7-homogeneous-second-example2-diagram.tex
  ch4-examplecircuit47.tex
  ch2-currentfromvrex1.tex
  ch3-circuit312figans5.tex
  ch7-challenge-example3-figure2.tex
  ch3-circuit33fig.tex
  ch7-series-parallel-example2-figure1.tex
  ch6-general-rl-example3-solution4.tex
  ch3-circuit34figans8.tex
  ch7-homogeneous-example1-figure2.tex
  ch8-equivimpedance-ex4-figure1.tex
  ch8-wye-delta-impedance-figure2.tex
  ch1-circuit111exercise.tex
  ch10-complex-power-exercise5-figure2.tex
  ch9-filters-exercise1-diagram.tex
  ch5-tgeneralrcexample5solution4.tex
  ch5-equivcapexample4solution8.tex
  ch3-superpositionSubcircuitFigure1.tex
  ch2-circuit215ans1.tex
  elementarysignals117exercise-4-6-2.tex
  ch5-ceramiccapdiagram.tex
  ch12-555pinout.tex
  ch5-tgeneralrcexample5solution5.tex
  ch5-chargercexample1.tex
  ch9-filters-exercise4-figure1.tex
  ch2-voltagefromirex2.tex
  ch9-cplx-thevenin-example-figure1.tex
  ch9-complex-kcl-kvl-exercise5-figure1.tex
  ch8-wye-delta-impedance-figure3.tex
  ch3-circuit34figans9.tex
  ch8-deltawye-ex3-figure1.tex
  ch6-general-rl-example3-solution5.tex
  ch7-challenge-example3-figure3.tex
  ch3-circuit312figans4.tex
  ch4-examplecircuit46.tex
  ch5-homogeneousrcexample1diagram.tex
  ch1-current-sources-that-cannot-be-combined-possibility1.tex
  ch2-eqresistancecktab4.tex
  ch3-circuit32figans2.tex
  ch9-transfer-functions-exercise4-figure1.tex
  ch7-homogeneous-parallelrlc-parasitic-example-fig1.tex
  ch3-circuit34figans10.tex
  ch3-shortCircuitCurrentExample1.tex
  ch6-generalexample1fig11.tex
  ch7-non-homogeneous-example3-figure1.tex
  ch2-currentdividerex2.tex
  ch6-general-rl-example4-solution1.tex
  ch5-dischargercexampledependentthevenin1.tex
  ch9-cplx-source-transform-example-figure2.tex
  ch2-circuit220fig.tex
  ch2-deltawyeexample1.tex
  ch10-correcting-inductive-load-example1-figure2.tex
  ch8-equiv-impedance-example-fig4.tex
  ch10-max-power-transfer-exercise4-figure2.tex
  ch2-voltagedividerexfig2.tex
  ch9-voltage-current-div-exercise4-figure2.tex
  ch4-invertingopampcurrent.tex
  ch5-opampdifffigure.tex
  ch10-complex-power-circuit-diagram-example-figure1.tex
  ch4-examplecircuit410sol1.tex
  ch9-complex-source-transformation-exercise5-figure5.tex
  ch3-circuit314figans.tex
  ch6-nonhomogeneousrlcircuitfigure.tex
  ch1-stepfunctionexamplegraph.tex
  ch9-complex-norton-exercise4-diagram.tex
  ch12-555timerastablecharging.tex
  ch6-general-rl-example4-solution3.tex
  ch7-homogeneous-general-numeric-example-fig5.tex
  ch2-deltawyeexample3.tex
  ch10-max-power-exercise3-diagram.tex
  ch7-non-homogeneous-example3-figure3.tex
  ch3-sourceTransformationFigure5.tex
  ch7-homogeneous-parallelrlc-parasitic-example-fig3.tex
  ch2-eqresistancecktab6.tex
  ch9-complex-thevenin-exercise3-answer.tex
  ch4-examplecircuit44.tex
  ch2-currentfromvrex2.tex
  ch8-equivalent-deltawye-exercise2-diagram.tex
  ch10-power-factor-correction-exercise5-figure1.tex
  ch3-circuit312figans6.tex
  ch7-challenge-example3-figure1.tex
  ch8-deltawye-ex3-figure3.tex
  ch7-series-parallel-example2-figure2.tex
  ch2-circuit27fig.tex
  ch8-wye-delta-impedance-figure1.tex
  ch7-homogeneous-example1-figure1.tex
  ch8-equivimpedance-ex4-figure2.tex
  ch1-groundsymbol.tex
  ch10-complex-power-exercise5-figure1.tex
  ch9-complex-kcl-kvl-exercise5-figure3.tex
  ch9-cplx-superposition-example-figure8.tex
  ch9-complex-source-transformation-exercise5-diagram.tex
  ch9-cplx-thevenin-example-figure3.tex
  ch3-superpositionSubcircuitFigure2.tex
  ch5-chargercexample3.tex
  ch10-phase-rms-exercise4-diagram.tex
  ch5-tgeneralrcexample5solution7.tex
  ch6-generalexample2fig9.tex
  ch3-circuit314fig.tex
  ch5-homogeneousrcexample5solutiongraph4.tex
  ch6-homogeneous-rl-example3-diagram.tex
  ch2-circuit215ans2.tex
  ch6-generalexample2fig8.tex
  ch5-tgeneralrcexample5solution6.tex
  ch5-chargercexample2.tex
  ch2-circuit24figans4.tex
  ch9-complex-kcl-kvl-exercise5-figure2.tex
  ch9-cplx-thevenin-example-figure2.tex
  ch2-voltagefromirex1.tex
  ch9-filters-exercise4-figure2.tex
  ch8-equivimpedance-ex4-figure3.tex
  ch6-equivalentinductance-example5-diagram.tex
  ch7-series-parallel-example2-figure3.tex
  ch8-deltawye-ex3-figure2.tex
  ch12-555timerschematic.tex
  ch1-current-sources-that-cannot-be-combined-possibility2.tex
  ch4-examplecircuit45.tex
  ch3-circuit32figans1.tex
  ch9-complex-superposition-exercise2-diagram.tex
  ch2-eqresistancecktab7.tex
  ch9-cplx-current-voltage-divider-example3-diagram.tex
  ch7-homogeneous-parallelrlc-parasitic-example-fig2.tex
  ch9-transfer-functions-exercise4-figure2.tex
  ch7-non-homogeneous-example3-figure2.tex
  ch3-sourceTransformationFigure4.tex
  ch7-nonhomogeneous-example3-diagram.tex
  ch4-currentsensingcircuit.tex
  ch2-deltawyeexample2.tex
  ch5-dischargercexampledependentthevenin2.tex
  ch9-cplx-source-transform-example-figure1.tex
  ch2-currentdividerex1.tex
  ch7-homogeneous-general-numeric-example-fig4.tex
  ch6-general-rl-example4-solution2.tex
  ch10-correcting-inductive-load-example1-figure1.tex
  ch2-voltagedividerexfig1.tex
  ch9-complex-source-transformation-exercise5-figure4.tex
  ch10-max-power-transfer-exercise4-figure1.tex
  ch1-acpowersources.tex
  ch11-sdomain-analysis-exercise2-figure1.tex
  ch9-voltage-current-div-exercise4-figure1.tex
  ch9-unstable-poles-cplx-roots.tex
  ch9-filter-type-example2-figure2.tex
  ch2-circuit224figans1.tex
  ch5-chargingrcexample1solution2.tex
  ch8-equiv-impedance-example-fig3.tex
  ch5-ceqexample2solution1.tex
  ch6-general-rl-example4-solution6.tex
  ch9-hpf-magnitude-response.tex
  ch9-cplx-source-transform-example-figure5.tex
  ch2-deltawyeexample6.tex
  ch7-homogeneous-example4-figure1.tex
  ch2-circuit25fig.tex
  ch2-eqresistancecktab3.tex
  ch1-exampletwoparallelcurrentsother.tex
  ch6-general-rl-example5-solution8.tex
  ch3-circuit312figans3.tex
  ch9-complex-superposition-exercise2-figure1.tex
  ch4-examplecircuit41.tex
  ch5-tgeneralrcexample5solution10.tex
  ch8-wye-delta-impedance-figure4.tex
  ch9-transfer-function-example2-figure1.tex
  ch6-general-rl-example3-solution2.tex
  ch2-circuit29fig.tex
  ch3-openCircuitVoltageFigure1.tex
  ch5-tgeneralrcexample5solution2.tex
  ch5-chargercexample6.tex
  ch9-bsf-analysis-example.tex
  ch11-sdomain-analysis-exercise2-diagram.tex
  ch7-parallelrlc-parasitic-resistance-general.tex
  ch3-shortedCurrentSource.tex
  ch5-homogeneousrcexample5solutiongraph1.tex
  ch1-dampedsinegraph.tex
  ch9-voltage-current-div-exercise1-figure1.tex
  ch9-poles-zeros-example1-figure1.tex
  ch1-rampfunctionexamplegraphderiv.tex
  ch6-ivrelationship-inductors-example5-diagram.tex
  ch2-circuit24figans1.tex
  ch8-equivalent-impedance-exercise4-diagram.tex
  ch9-complex-norton-exercise4-figure1.tex
  ch5-tgeneralrcexample5solution3.tex
  ch10-max-power-transfer-exercise1-figure1.tex
  ch1-electricpotential.tex
  ch7-non-homogeneous-second-example1-diagram.tex
  ch3-circuit37figans1.tex
  ch6-general-rl-example3-solution3.tex
  ch6-rl-charging-example5-diagram.tex
  ch4-voltagedivfollowerexamplefig.tex
  ch8-wye-delta-impedance-figure5.tex
  ch5-tgeneralrcexample5solution11.tex
  ch9-lpf-magnitude-response.tex
  ch10-leading-lagging-current-voltage-graph.tex
  ch3-circuit312figans2.tex
  ch9-transfer-functions-exercise1-figure2.tex
  ch6-general-rl-example5-solution9.tex
  ch2-varresistor.tex
  ch2-eqresistancecktab2.tex
  ch10-power-factor-correction-exercise5-diagram.tex
  ch7-varinput-symbolic-example1-figure2.tex
  ch3-circuit32figans4.tex
  ch9-cplx-source-transform-example-figure4.tex
  ch2-deltawyeexample7.tex
  ch7-homogeneous-general-numeric-example-fig1.tex
  ch6-general-rl-example4-solution7.tex
  ch3-sourceTransformationFigure1.tex
  ch11-sdomain-example2-figure1.tex
  ch10-complex-power-exercise5-diagram.tex
  ch9-complex-source-transformation-exercise5-figure1.tex
  ch5-generaltransient-endofchapter1.tex
  ch9-filters-exercise1-figure2.tex
  ch8-equiv-impedance-example-fig2.tex
  ch4-voutvinplotopampsaturation.tex
  ch9-filter-type-example2-figure3.tex
  ch7-homogeneous-overdamped-graph.tex
  ch5-equivalentcapacitanceex1.tex
  ch5-chargingrcexample1solution1.tex
  ch9-filter-type-example2-figure1.tex
  ch2-circuit218fig.tex
  ch5-ceqexample2solution2.tex
  ch1-circuit114exercise.tex
  ch5-equivalentcapacproblemsetnumber5.tex
  ch9-filters-exercise4-diagram.tex
  ch9-complex-source-transformation-exercise5-figure3.tex
  ch9-complex-kcl-kvl-exercise5-diagram.tex
  ch9-cplx-norton-example-figure8.tex
  ch5-generalrcexample8.tex
  ch3-circuit31fig.tex
  ch3-sourceTransformationFigure3.tex
  ch11-sdomain-example2-figure3.tex
  ch2-deltawyeexample5.tex
  ch7-homogeneous-example4-figure2.tex
  ch9-cplx-source-transform-example-figure6.tex
  ch9-first-order-lpf-rc.tex
  ch6-general-rl-example4-solution5.tex
  ch1-currentdirectionexample.tex
  ch7-homogeneous-general-numeric-example-fig3.tex
  ch1-dependentsourcesfigure.tex
  ch5-homogeneousrccircuitlastexamplediagram.tex
  ch3-circuit310fignothelpful.tex
  ch9-transfer-functions-exercise4-diagram.tex
  ch4-examplecircuit42.tex
  ch9-cascaded-active-bpf-example-diagram.tex
  ch9-complex-norton-exercise4-answer.tex
  ch7-series-parallel-example2-figure4.tex
  ch6-general-rl-example3-solution1.tex
  ch5-tgeneralrcexample5solution1.tex
  ch5-chargercexample5.tex
  ch2-circuit24figans3.tex
  ch5-parallelcaps-8-2-8-2.tex
  ch3-openCircuitVoltageFigure2.tex
  ch1-open-and-closed-circuit.tex
  ch5-homogeneousrcexample5solutiongraph2.tex
  ch9-lpf-second-order-example-figure.tex
  ch2-eqresistancecktef.tex
  ch5-homogeneousrcexample5solutiongraph3.tex
  ch9-complex-mesh-analysis-exercise3-figure1.tex
  ch9-complex-norton-equivalent-circuit.tex
  ch9-cplx-thevenin-example-figure4.tex
  ch3-openCircuitVoltageFigure3.tex
  ch3-circuit37figans2.tex
  ch9-complex-norton-exercise4-figure2.tex
  ch5-chargercexample4.tex
  ch2-circuit24figans2.tex
  ch8-deltawye-ex3-figure4.tex
  ch7-series-rlc-example5-diagram.tex
  ch5-tgeneralrcexample5solution12.tex
  ch4-examplecircuit43.tex
  ch2-circuit222fig.tex
  ch9-current-source-transformed-voltage.tex
  ch3-circuit312figans.tex
  ch9-transfer-functions-exercise1-figure1.tex
  ch3-circuit312figans1.tex
  ch6-parallelinductordiagram.tex
  ch7-varinput-symbolic-example1-figure1.tex
  ch10-power-compensation-circuit.tex
  ch7-homogeneous-general-numeric-example-fig2.tex
  ch6-general-rl-example4-solution4.tex
  ch2-deltawyeexample4.tex
  ch6-generalexample2fig8b.tex
  ch11-sdomain-example2-figure2.tex
  ch5-generalrcexample9.tex
  ch3-sourceTransformationFigure2.tex
  ch9-complex-source-transformation-exercise5-figure2.tex
  ch9-cplx-norton-example-figure9.tex
  ch2-wyecircuitdiagram.tex
  ch8-equiv-impedance-example-fig1.tex
  ch9-filters-exercise1-figure1.tex
  ch5-equivalentcapacproblemsetnumber4.tex
  ch6-rl-general-example3-diagram.tex
  ch4-invertingopampfigure.tex
  ch2-resistorcolorbands.tex
  ch4-invertingopampexamplefig.tex
  ch11-sdomain-example1-figure2.tex
  ch8-deltawye-ex5-figure1.tex
  ch5-dischargercexample3.tex
  ch6-equivalentinductance-example5-solution5.tex
  ch6-generalexample1fig9.tex
  ch6-generalrl-example2-solution3.tex
  ch7-varinput-symbolic-example2-figure1.tex
  ch5-dischargercexampledependent3.tex
  ch9-complex-superposition-exercise4-figure6.tex
  ch6-homogeneousrlcircuit-example1-solution1.tex
  ch2-highlowpotential.tex
  ch2-wyedeltaexample2.tex
  ch9-filters-exercise2-figure1.tex
  ch2-eqresistanceckt.tex
  ch6-generalexample2fig20.tex
  ch9-complex-kcl-kvl-exercise3-figure1.tex
  ch2-eqresistancecktae2.tex
  ch6-generalrl-example1-solution6.tex
  ch3-circuit310figans4.tex
  ch2-circuit23figans2.tex
  ch5-nonhomogeneousrccircuitfigure.tex
  ch8-equivalent-deltawye-exercise1-answer.tex
  ch6-homogeneousrl-example4-solution2.tex
  ch9-transfer-functions-exercise2-figure1.tex
  ch9-complex-superposition-exercise1-figure3.tex
  ch3-circuit315figans1.tex
  ch3-circuit37figansnothelpful.tex
  ch5-generalrcexample2solution1.tex
  ch6-equivalentinductance-example2-solution1.tex
  ch3-circuit38figans4.tex
  ch9-cplx-current-divider-example-figure4.tex
  ch4-examplecircuit413sol1.tex
  ch7-non-homogeneous-example5-figure1.tex
  ch3-circuit33figans2re.tex
  ch9-cplx-current-divider-example-figure5.tex
  ch1-exampletwoseriesvoltagesafter.tex
  ch5-generalrcexample5solutiongraph1.tex
  ch7-homogeneous-second-example4-diagram.tex
  ch9-complex-superposition-exercise1-figure2.tex
  ch2-circuitLoops.tex
  ch6-homogeneousrl-example4-solution3.tex
  ch9-complex-mesh-analysis-exercise5-diagram.tex
  ch9-complex-thevenin-exercise3-figure1.tex
  ch2-potentiometer.tex
  ch2-circuit219figans1.tex
  ch2-circuit23figans3.tex
  ch1-resistors-connected-for-ohmmeter.tex
  ch9-complex-source-transformation-exercise3-figure6.tex
  ch2-eqresistancecktae3.tex
  ch6-generalrl-example1-solution7.tex
  ch1-exampletwoparallelcurrentsotherafter.tex
  ch6-generalexample2fig21.tex
  ch1-circuit117exercise.tex
  ch3-circuit312fig.tex
  ch6-chargingrl-example4-solution2.tex
  ch2-wyedeltaexample3.tex
  ch9-filter-type-example1-figure1.tex
  ch3-maximumPowerFigureNorton.tex
  ch2-circuit21fig.tex
  ch9-complex-superposition-exercise4-figure7.tex
  ch3-nortonEquivalentCircuit.tex
  ch3-superpositionExampleIndependentSource.tex
  ch5-dischargercexampledependent2.tex
  ch4-voltagefollowerfig.tex
  ch6-generalrl-example2-solution2.tex
  ch2-circuit216.tex
  ch7-series-parallel-example4-figure1.tex
  ch5-dischargercexample2.tex
  ch11-sdomain-example1-figure3.tex
  ch6-generalexample1fig8.tex
  ch6-equivalentinductance-example5-solution4.tex
  ch7-series-parallel-example4-figure3.tex
  ch2-circuit214.tex
  ch6-equivalentinductance-example5-solution6.tex
  ch11-sdomain-example1-figure1.tex
  ch8-deltawye-ex5-figure2.tex
  ch6-equivalentinductance-example3-diagram.tex
  ch6-equivalentinductance-example4-solution8.tex
  ch7-varinput-symbolic-example2-figure2.tex
  ch9-complex-superposition-exercise4-figure5.tex
  ch3-circuit35figans4.tex
  ch4-examplecircuit47sol1.tex
  ch2-wyedeltaexample1.tex
  ch6-homogeneousrlcircuit-example1-solution2.tex
  ch9-filter-type-example1-figure3.tex
  ch6-generalexample2fig23.tex
  ch9-complex-kcl-kvl-exercise3-figure2.tex
  ch1-integratingstepfunctiongraph.tex
  ch9-filters-exercise2-figure2.tex
  ch6-generalrl-example1-solution5.tex
  ch7-challenge-second-example1-diagram.tex
  ch2-meshanalysisex1.tex
  ch9-complex-source-transformation-exercise3-figure4.tex
  ch7-challenge-exercise2-diagram.tex
  ch2-circuit23figans1.tex
  ch1-measuringcurrentseries.tex
  ch9-poles-zeros-example2-figure1.tex
  ch5-generalrcexample5solution2.tex
  ch9-voltage-current-div-exercise2-figure1.tex
  ch9-complex-thevenin-exercise3-figure3.tex
  ch3-superpositionExampleFigure.tex
  ch3-equivalentCircuits.tex
  ch11-sdomain-analysis-exercise4-figure1.tex
  ch3-circuit315figans.tex
  ch6-homogeneousrl-example4-solution1.tex
  ch6-chargingrl-example3-solution4.tex
  ch9-cplx-current-voltage-divider-example5-diagram.tex
  ch9-transfer-functions-exercise2-figure2.tex
  ch3-circuit315figans2.tex
  ch9-complex-superposition-exercise4-diagram.tex
  ch4-opampcircuitmodel.tex
  ch6-equivalentinductance-example2-solution2.tex
  ch5-generalrcexample2solution2.tex
  ch5-generalrcexample5solutiongraph3.tex
  ch7-non-homogeneous-example5-figure2.tex
  ch5-homogeneousrcexample4solution1.tex
  ch7-nonhomogeneous-example5-diagram.tex
  ch9-cplx-current-divider-example-figure6.tex
  ch9-transfer-function-example1-figure1.tex
  ch7-non-homogeneous-example5-figure3.tex
  ch2-kclkvlexfig.tex
  ch5-generalrcexample5solutiongraph2.tex
  ch6-equivalentinductance-example2-solution3.tex
  ch5-generalrcexample2solution3.tex
  ch10-max-power-exercise5-diagram.tex
  ch1-ammeter.tex
  ch9-complex-superposition-exercise1-figure1.tex
  ch6-chargingrl-example3-solution5.tex
  ch11-sdomain-analysis-exercise1-diagram.tex
  ch5-generalrcexample5solution3.tex
  ch2-circuit210fig.tex
  ch9-complex-thevenin-exercise3-figure2.tex
  ch9-complex-thevenin-exercise1-answer.tex
  ch9-complex-source-transformation-exercise3-figure5.tex
  ch6-generalrl-example1-solution4.tex
  ch6-generalexample2fig22.tex
  ch9-complex-source-transformation-exercise3-diagram.tex
  ch9-filter-type-example1-figure2.tex
  ch6-homogeneous-rl-example5-diagram.tex
  ch12-555timerastable.tex
  ch1-sinusoidwave19exercise.tex
  ch6-chargingrl-example4-solution1.tex
  ch8-equivalent-deltawye-exercise4-diagram.tex
  ch5-dischargercexampledependent1.tex
  ch9-complex-superposition-exercise4-figure4.tex
  ch5-generalrcendofchatperexamplecircuitquestion2.tex
  ch10-power-factor-correction-exercise3-figure1.tex
  ch2-ohmmeter.tex
  ch7-challenge-example5-figure1.tex
  ch7-varinput-symbolic-example2-figure3.tex
  ch6-equivalentinductance-example4-solution9.tex
  ch6-generalrl-example2-solution1.tex
  ch3-circuit35fig.tex
  ch6-equivalentinductance-example5-solution7.tex
  ch5-dischargercexample1.tex
  elementarysignals118exercise-2-1-2.tex
  ch8-deltawye-ex5-figure3.tex
  ch2-circuit215.tex
  ch7-series-parallel-example4-figure2.tex
  ch6-generalrl-example2-solution5.tex
  ch6-rl-charging-example3-diagram.tex
  ch8-deltawye-ex5-figure7.tex
  ch5-dischargercexample5.tex
  ch6-equivalentinductance-example5-solution3.tex
  ch3-circuit35figans1.tex
  ch5-dischargercexampledependent5.tex
  ch9-complex-superposition-exercise1-diagram.tex
  ch9-marginal-poles-real-roots.tex
  ch2-wyedeltaexample4.tex
  ch11-sdomain-analysis-exercise1-figure1.tex
  ch3-voltageTransformToCurrent.tex
  ch5-homogeneousrcexample5solution3.tex
  ch3-circuit310figans2.tex
  ch5-generaltransientresistorexample8.tex
  ch2-circuit23figans4.tex
  ch10-complex-power-exercise3-diagram.tex
  ch6-equivalentinductance-example1-solution2.tex
  ch7-challenge-second-example4-diagram.tex
  ch5-equivalentcapacitance-examplequestion2.tex
  ch9-complex-source-transformation-exercise3-figure1.tex
  ch6-homogeneousrl-example4-solution4.tex
  ch6-chargingrl-example3-solution1.tex
  ch10-power-factor-correction-exercise3-diagram.tex
  ch9-cplx-current-divider-example-figure2.tex
  ch3-circuit38figans2.tex
  ch5-generalrcexample2solution7.tex
  ch12-555timerastabledischarging.tex
  ch5-generalrcexample2solution6.tex
  ch5-generalrctransientexample5.tex
  ch7-homogeneous-example2-figure1.tex
  ch3-circuit38figans3.tex
  ch9-cplx-current-divider-example-figure3.tex
  ch7-series-parallel-example1-figure2.tex
  ch8-equivalent-deltawye-exercise1-diagram.tex
  ch2-potvoltagedivider.tex
  ch9-complex-superposition-exercise1-figure4.tex
  ch1-exampletwoseriescurrents.tex
  ch5-equivalentcapacitance-examplequestion3.tex
  ch1-dcpowersources.tex
  ch2-circuit23figans5.tex
  ch2-wheatstonebridgefig.tex
  ch3-currentTransformToVoltage.tex
  ch2-circuit212fig.tex
  ch3-circuit310figans3.tex
  ch6-generalrl-example1-solution1.tex
  ch5-homogeneousrcexample5solution2.tex
  ch6-seriesinductorsdiagram.tex
  ch12-clocksignalfigure.tex
  ch6-homogeneousrl-example3-solution1.tex
  ch11-sdomain-analysis-exercise4-diagram.tex
  ch2-wyedeltaexample5.tex
  ch5-generalrcexample4solution1.tex
  ch5-dischargercexampledependent4.tex
  ch1-circuit11exercise.tex
  ch2-potcartoon.tex
  ch9-complex-superposition-exercise4-figure1.tex
  ch5-homogeneousrcexample2solution2.tex
  ch5-dischargercexample4.tex
  ch8-deltawye-ex5-figure6.tex
  ch6-equivalentinductance-example5-solution2.tex
  ch2-circuit22figanswer.tex
  ch12-555monostableoutput.tex
  ch6-generalrl-example2-solution4.tex
  ch4-voltagefollowercurrentfigure.tex
  ch8-deltawye-ex5-figure4.tex
  ch5-dischargercexample6.tex
  ch7-series-rlc-example3-diagram.tex
  ch6-inductor-ivrelationship-example3-diagram.tex
  ch9-complex-superposition-exercise4-figure3.tex
  ch3-circuit35figans2.tex
  ch6-homogeneousrl-example3-solution3.tex
  ch9-complex-mesh-analysis-exercise5-figure1.tex
  ch9-complex-thevenin-exercise3-diagram.tex
  ch11-sdomain-analysis-exercise1-figure2.tex
  ch6-generalrl-example1-solution3.tex
  ch3-circuit310figans1.tex
  ch6-generalexample2fig19.tex
  ch11-fig-s-domain-resistor.tex
  ch2-resistorparallelarea.tex
  ch6-rl-general-example5-diagram.tex
  ch9-complex-source-transformation-exercise3-figure2.tex
  ch5-equivalentcapacitance-examplequestion1.tex
  ch6-equivalentinductance-example1-solution1.tex
  ch4-examplecircuit412sol1.tex
  ch6-chargingrl-example3-solution2.tex
  ch5-generalrcexample5solution4.tex
  ch9-cplx-current-divider-example-figure1.tex
  ch3-circuit38figans1.tex
  ch4-comparatorfig.tex
  ch7-non-homogeneous-example5-figure4.tex
  ch7-homogeneous-example2-figure3.tex
  ch5-generalrcexample2solution4.tex
  ch7-homogeneous-example2-figure2.tex
  ch5-generalrcexample2solution5.tex
  ch5-generalrcexample5solutiongraph4.tex
  ch1-stepfunctionfigure.tex
  ch2-circuit23fig.tex
  ch7-series-parallel-example1-figure1.tex
  ch3-circuit310fig.tex
  ch2-minimumsaferesistorex1.tex
  ch6-chargingrl-example3-solution3.tex
  ch9-complex-source-transformation-exercise3-figure3.tex
  ch9-complex-kcl-kvl-exercise3-diagram.tex
  ch2-circuit23figans6.tex
  ch1-circuit112exercise.tex
  ch4-flashadcfigure.tex
  ch3-theveninEquivalence.tex
  ch6-generalexample2fig18.tex
  ch4-pwmwavesfig.tex
  ch5-homogeneousrcexample5solution1.tex
  ch6-generalrl-example1-solution2.tex
  ch1-circuit18exercise.tex
  ch2-wyedeltaexample6.tex
  ch6-homogeneousrl-example3-solution2.tex
  ch9-transfer-functions-exercise2-diagram.tex
  ch7-homogeneous-second-example1-diagram.tex
  ch9-complex-superposition-exercise4-figure2.tex
  ch5-homogeneousrcexample2solution1.tex
  ch3-circuit35figans3.tex
  ch1-rectpulseexamplegraph.tex
  ch3-circuit313figans.tex
  ch1-triangularpulseexamplegraph.tex
  elementarysignals119exercise-2-1-2.tex
  ch6-equivalentinductance-example5-solution1.tex
  ch5-dischargercexample7.tex
  ch8-deltawye-ex5-figure5.tex
  ch4-noninvertingsummingopampcircuitdiagram.tex
INFO    : Removing temporary directory /var/folders/71/k29x_9652hd1cgj7kgcqdk400000gn/T/ptx-44h7k9sg
INFO    : Finished generating assets.

INFO    : Preparing to build into /Users/ajp/Dropbox/COD/Engineering 2210 - Circuit Analysis 1/new-Textbook/output/web.
INFO    : discovering source file's directory name: /Users/ajp/Dropbox/COD/Engineering 2210 - Circuit Analysis 1/new-Textbook/source
WARNING : (2026-07-30) the external directory is a property of your source, and is now declared with a "directories/@external" attribute within "docinfo". The publisher file entry "source/directories/@external" is honored meanwhile, but please relocate it.
INFO    : verifying and expanding input directory: /Users/ajp/Dropbox/COD/Engineering 2210 - Circuit Analysis 1/new-Textbook/source/../assets
INFO    : input directory expanded to absolute path: /Users/ajp/Dropbox/COD/Engineering 2210 - Circuit Analysis 1/new-Textbook/assets
INFO    : discovering source file's directory name: /Users/ajp/Dropbox/COD/Engineering 2210 - Circuit Analysis 1/new-Textbook/source
INFO    : XSL conversion of /Users/ajp/Dropbox/COD/Engineering 2210 - Circuit Analysis 1/new-Textbook/source/main.ptx by /Users/ajp/.ptx/2.52.3/core/xsl/utilities/report-publisher-variables.xsl
INFO    : messages from the log for XSL processing (prefaced with a *):
WARNING : * PTX:DEPRECATE: (2026-07-30) the external directory is a property of your source, and is now declared with a "directories/@external" attribute within "docinfo".  The publication file entry "source/directories/@external" is honored meanwhile, but please relocate it.
INFO    : successful application of /Users/ajp/.ptx/2.52.3/core/xsl/utilities/report-publisher-variables.xsl
INFO    : Downloading rs services file from https://runestone.academy/cdn/runestone/latest/webpack_static_imports.xml.
INFO    : Runestone Services via online CDN query: version 8.2.13
INFO    : Downloading Runestone Services, version 8.2.13
INFO    : Extracting Runestone Services from archive file
INFO    : Building custom css theme: theme-denver
INFO    : converting /Users/ajp/Dropbox/COD/Engineering 2210 - Circuit Analysis 1/new-Textbook/source/main.ptx to HTML in /var/folders/71/k29x_9652hd1cgj7kgcqdk400000gn/T/ptx-86flkyx0
INFO    : XSL conversion of /Users/ajp/Dropbox/COD/Engineering 2210 - Circuit Analysis 1/new-Textbook/source/main.ptx by /Users/ajp/.ptx/2.52.3/core/xsl/pretext-html.xsl
INFO    : messages from the log for XSL processing (prefaced with a *):
WARNING : * PTX:DEPRECATE: (2026-07-30) the external directory is a property of your source, and is now declared with a "directories/@external" attribute within "docinfo".  The publication file entry "source/directories/@external" is honored meanwhile, but please relocate it.
INFO    : * PTX:INFO:   checking all deprecated elements.
INFO    : successful application of /Users/ajp/.ptx/2.52.3/core/xsl/pretext-html.xsl
INFO    : Removing temporary directory /var/folders/71/k29x_9652hd1cgj7kgcqdk400000gn/T/ptx-86flkyx0
INFO    : Removing temporary directory /var/folders/71/k29x_9652hd1cgj7kgcqdk400000gn/T/ptx-6n26jvqe
INFO    : 
Finished build for target web. Run `pretext view web` to see the results.

FATAL   : There were errors during the build.  See above.
INFO    : ------------------------
exit    : Failed to build without errors.  Exiting...
INFO    : 
----------------------------------------------------
INFO    : While running pretext, the following errors occurred:

INFO    : (see log messages above or in the 'logs' folder for more information)
INFO    : ----------------------------------------------------
