INFO    : Building target web
INFO    : XSL conversion of /Users/ajp/Dropbox/COD/Engineering 2210 - Circuit Analysis 1/new-Textbook/source/main.ptx by /Users/ajp/.ptx/2.36.0/core/xsl/utilities/pretext-enhanced-source.xsl
INFO    : successful application of /Users/ajp/.ptx/2.36.0/core/xsl/utilities/pretext-enhanced-source.xsl
INFO    : Generating any needed assets.
INFO    : converting latex-image pictures from /Users/ajp/Dropbox/COD/Engineering 2210 - Circuit Analysis 1/new-Textbook/source/main.ptx to svg graphics for placement in /Users/ajp/Dropbox/COD/Engineering 2210 - Circuit Analysis 1/new-Textbook/generated-assets/latex-image
INFO    : extracting latex-image pictures from /Users/ajp/Dropbox/COD/Engineering 2210 - Circuit Analysis 1/new-Textbook/source/main.ptx
INFO    : string parameters passed to extraction stylesheet: {'cli.version': '2.36', 'publisher': '/Users/ajp/Dropbox/COD/Engineering 2210 - Circuit Analysis 1/new-Textbook/publication/publication.ptx'}
INFO    : discovering source file's directory name: /Users/ajp/Dropbox/COD/Engineering 2210 - Circuit Analysis 1/new-Textbook/source
INFO    : verifying and expanding input directory: /Users/ajp/Dropbox/COD/Engineering 2210 - Circuit Analysis 1/new-Textbook/source/../generated-assets
INFO    : input directory expanded to absolute path: /Users/ajp/Dropbox/COD/Engineering 2210 - Circuit Analysis 1/new-Textbook/generated-assets
INFO    : verifying and expanding input directory: /Users/ajp/Dropbox/COD/Engineering 2210 - Circuit Analysis 1/new-Textbook/source/../assets
INFO    : input directory expanded to absolute path: /Users/ajp/Dropbox/COD/Engineering 2210 - Circuit Analysis 1/new-Textbook/assets
INFO    : discovering source file's directory name: /Users/ajp/Dropbox/COD/Engineering 2210 - Circuit Analysis 1/new-Textbook/source
INFO    : XSL conversion of /Users/ajp/Dropbox/COD/Engineering 2210 - Circuit Analysis 1/new-Textbook/source/main.ptx by /Users/ajp/.ptx/2.36.0/core/xsl/extract-latex-image.xsl
INFO    : successful application of /Users/ajp/.ptx/2.36.0/core/xsl/extract-latex-image.xsl
INFO    : converting ch3-circuit38figansnothelpful2.tex to ch3-circuit38figansnothelpful2.pdf
INFO    : cropping ch3-circuit38figansnothelpful2.pdf to cropped-ch3-circuit38figansnothelpful2.pdf
INFO    : renaming cropped-ch3-circuit38figansnothelpful2.pdf to ch3-circuit38figansnothelpful2.pdf
INFO    : converting ch3-circuit38figansnothelpful2.pdf to ch3-circuit38figansnothelpful2.svg
INFO    : converting ch5-equivalentcapexample1solution1.tex to ch5-equivalentcapexample1solution1.pdf
INFO    : cropping ch5-equivalentcapexample1solution1.pdf to cropped-ch5-equivalentcapexample1solution1.pdf
INFO    : renaming cropped-ch5-equivalentcapexample1solution1.pdf to ch5-equivalentcapexample1solution1.pdf
INFO    : converting ch5-equivalentcapexample1solution1.pdf to ch5-equivalentcapexample1solution1.svg
INFO    : converting ch7-series-rlc-example4-diagram.tex to ch7-series-rlc-example4-diagram.pdf
INFO    : cropping ch7-series-rlc-example4-diagram.pdf to cropped-ch7-series-rlc-example4-diagram.pdf
INFO    : renaming cropped-ch7-series-rlc-example4-diagram.pdf to ch7-series-rlc-example4-diagram.pdf
INFO    : converting ch7-series-rlc-example4-diagram.pdf to ch7-series-rlc-example4-diagram.svg
INFO    : converting ch6-equivalentinductance-example4-solution2.tex to ch6-equivalentinductance-example4-solution2.pdf
INFO    : cropping ch6-equivalentinductance-example4-solution2.pdf to cropped-ch6-equivalentinductance-example4-solution2.pdf
INFO    : renaming cropped-ch6-equivalentinductance-example4-solution2.pdf to ch6-equivalentinductance-example4-solution2.pdf
INFO    : converting ch6-equivalentinductance-example4-solution2.pdf to ch6-equivalentinductance-example4-solution2.svg
INFO    : converting ch5-capsymbol.tex to ch5-capsymbol.pdf
INFO    : cropping ch5-capsymbol.pdf to cropped-ch5-capsymbol.pdf
INFO    : renaming cropped-ch5-capsymbol.pdf to ch5-capsymbol.pdf
INFO    : converting ch5-capsymbol.pdf to ch5-capsymbol.svg
INFO    : converting ch2-voltagedividerexmeshesfig1.tex to ch2-voltagedividerexmeshesfig1.pdf
INFO    : cropping ch2-voltagedividerexmeshesfig1.pdf to cropped-ch2-voltagedividerexmeshesfig1.pdf
INFO    : renaming cropped-ch2-voltagedividerexmeshesfig1.pdf to ch2-voltagedividerexmeshesfig1.pdf
INFO    : converting ch2-voltagedividerexmeshesfig1.pdf to ch2-voltagedividerexmeshesfig1.svg
INFO    : converting ch5-homogeneousrcexample1solution4.tex to ch5-homogeneousrcexample1solution4.pdf
INFO    : cropping ch5-homogeneousrcexample1solution4.pdf to cropped-ch5-homogeneousrcexample1solution4.pdf
INFO    : renaming cropped-ch5-homogeneousrcexample1solution4.pdf to ch5-homogeneousrcexample1solution4.pdf
INFO    : converting ch5-homogeneousrcexample1solution4.pdf to ch5-homogeneousrcexample1solution4.svg
INFO    : converting ch3-maxPowerFigure4.tex to ch3-maxPowerFigure4.pdf
INFO    : cropping ch3-maxPowerFigure4.pdf to cropped-ch3-maxPowerFigure4.pdf
INFO    : renaming cropped-ch3-maxPowerFigure4.pdf to ch3-maxPowerFigure4.pdf
INFO    : converting ch3-maxPowerFigure4.pdf to ch3-maxPowerFigure4.svg
INFO    : converting ch6-generalexample2fig15.tex to ch6-generalexample2fig15.pdf
INFO    : cropping ch6-generalexample2fig15.pdf to cropped-ch6-generalexample2fig15.pdf
INFO    : renaming cropped-ch6-generalexample2fig15.pdf to ch6-generalexample2fig15.pdf
INFO    : converting ch6-generalexample2fig15.pdf to ch6-generalexample2fig15.svg
INFO    : converting ch6-chargingrl-example5-solution4.tex to ch6-chargingrl-example5-solution4.pdf
INFO    : cropping ch6-chargingrl-example5-solution4.pdf to cropped-ch6-chargingrl-example5-solution4.pdf
INFO    : renaming cropped-ch6-chargingrl-example5-solution4.pdf to ch6-chargingrl-example5-solution4.pdf
INFO    : converting ch6-chargingrl-example5-solution4.pdf to ch6-chargingrl-example5-solution4.svg
INFO    : converting ch5-measuringcapacitance.tex to ch5-measuringcapacitance.pdf
INFO    : cropping ch5-measuringcapacitance.pdf to cropped-ch5-measuringcapacitance.pdf
INFO    : renaming cropped-ch5-measuringcapacitance.pdf to ch5-measuringcapacitance.pdf
INFO    : converting ch5-measuringcapacitance.pdf to ch5-measuringcapacitance.svg
INFO    : converting ch6-homogeneousrl-example5-solution5.tex to ch6-homogeneousrl-example5-solution5.pdf
INFO    : cropping ch6-homogeneousrl-example5-solution5.pdf to cropped-ch6-homogeneousrl-example5-solution5.pdf
INFO    : renaming cropped-ch6-homogeneousrl-example5-solution5.pdf to ch6-homogeneousrl-example5-solution5.pdf
INFO    : converting ch6-homogeneousrl-example5-solution5.pdf to ch6-homogeneousrl-example5-solution5.svg
INFO    : converting ch5-generaltransientresistorexample7.tex to ch5-generaltransientresistorexample7.pdf
INFO    : cropping ch5-generaltransientresistorexample7.pdf to cropped-ch5-generaltransientresistorexample7.pdf
INFO    : renaming cropped-ch5-generaltransientresistorexample7.pdf to ch5-generaltransientresistorexample7.pdf
INFO    : converting ch5-generaltransientresistorexample7.pdf to ch5-generaltransientresistorexample7.svg
INFO    : converting ch2-circuit225figans1.tex to ch2-circuit225figans1.pdf
INFO    : cropping ch2-circuit225figans1.pdf to cropped-ch2-circuit225figans1.pdf
INFO    : renaming cropped-ch2-circuit225figans1.pdf to ch2-circuit225figans1.pdf
INFO    : converting ch2-circuit225figans1.pdf to ch2-circuit225figans1.svg
INFO    : converting ch7-homogeneous-parallelrlc-example-fig5.tex to ch7-homogeneous-parallelrlc-example-fig5.pdf
INFO    : cropping ch7-homogeneous-parallelrlc-example-fig5.pdf to cropped-ch7-homogeneous-parallelrlc-example-fig5.pdf
INFO    : renaming cropped-ch7-homogeneous-parallelrlc-example-fig5.pdf to ch7-homogeneous-parallelrlc-example-fig5.pdf
INFO    : converting ch7-homogeneous-parallelrlc-example-fig5.pdf to ch7-homogeneous-parallelrlc-example-fig5.svg
INFO    : converting ch2-circuit214fig4.tex to ch2-circuit214fig4.pdf
INFO    : cropping ch2-circuit214fig4.pdf to cropped-ch2-circuit214fig4.pdf
INFO    : renaming cropped-ch2-circuit214fig4.pdf to ch2-circuit214fig4.pdf
INFO    : converting ch2-circuit214fig4.pdf to ch2-circuit214fig4.svg
INFO    : converting ch2-circuitMeshes.tex to ch2-circuitMeshes.pdf
INFO    : cropping ch2-circuitMeshes.pdf to cropped-ch2-circuitMeshes.pdf
INFO    : renaming cropped-ch2-circuitMeshes.pdf to ch2-circuitMeshes.pdf
INFO    : converting ch2-circuitMeshes.pdf to ch2-circuitMeshes.svg
INFO    : converting ch6-homogeneous-example2-solution2.tex to ch6-homogeneous-example2-solution2.pdf
INFO    : cropping ch6-homogeneous-example2-solution2.pdf to cropped-ch6-homogeneous-example2-solution2.pdf
INFO    : renaming cropped-ch6-homogeneous-example2-solution2.pdf to ch6-homogeneous-example2-solution2.pdf
INFO    : converting ch6-homogeneous-example2-solution2.pdf to ch6-homogeneous-example2-solution2.svg
INFO    : converting ch5-dischargercexampledependentdiffeq1.tex to ch5-dischargercexampledependentdiffeq1.pdf
INFO    : cropping ch5-dischargercexampledependentdiffeq1.pdf to cropped-ch5-dischargercexampledependentdiffeq1.pdf
INFO    : renaming cropped-ch5-dischargercexampledependentdiffeq1.pdf to ch5-dischargercexampledependentdiffeq1.pdf
INFO    : converting ch5-dischargercexampledependentdiffeq1.pdf to ch5-dischargercexampledependentdiffeq1.svg
INFO    : converting ch7-homogeneous-example5-figure3.tex to ch7-homogeneous-example5-figure3.pdf
INFO    : cropping ch7-homogeneous-example5-figure3.pdf to cropped-ch7-homogeneous-example5-figure3.pdf
INFO    : renaming cropped-ch7-homogeneous-example5-figure3.pdf to ch7-homogeneous-example5-figure3.pdf
INFO    : converting ch7-homogeneous-example5-figure3.pdf to ch7-homogeneous-example5-figure3.svg
INFO    : converting ch6-dischargingrlexamplefig1.tex to ch6-dischargingrlexamplefig1.pdf
INFO    : cropping ch6-dischargingrlexamplefig1.pdf to cropped-ch6-dischargingrlexamplefig1.pdf
INFO    : renaming cropped-ch6-dischargingrlexamplefig1.pdf to ch6-dischargingrlexamplefig1.pdf
INFO    : converting ch6-dischargingrlexamplefig1.pdf to ch6-dischargingrlexamplefig1.svg
INFO    : converting ch3-nortonExampleFigure2.tex to ch3-nortonExampleFigure2.pdf
INFO    : cropping ch3-nortonExampleFigure2.pdf to cropped-ch3-nortonExampleFigure2.pdf
INFO    : renaming cropped-ch3-nortonExampleFigure2.pdf to ch3-nortonExampleFigure2.pdf
INFO    : converting ch3-nortonExampleFigure2.pdf to ch3-nortonExampleFigure2.svg
INFO    : converting ch7-homogeneous-seriesrlc-example-fig1.tex to ch7-homogeneous-seriesrlc-example-fig1.pdf
INFO    : cropping ch7-homogeneous-seriesrlc-example-fig1.pdf to cropped-ch7-homogeneous-seriesrlc-example-fig1.pdf
INFO    : renaming cropped-ch7-homogeneous-seriesrlc-example-fig1.pdf to ch7-homogeneous-seriesrlc-example-fig1.pdf
INFO    : converting ch7-homogeneous-seriesrlc-example-fig1.pdf to ch7-homogeneous-seriesrlc-example-fig1.svg
INFO    : converting ch6-chargingfromzeroexample2fig3.tex to ch6-chargingfromzeroexample2fig3.pdf
INFO    : cropping ch6-chargingfromzeroexample2fig3.pdf to cropped-ch6-chargingfromzeroexample2fig3.pdf
INFO    : renaming cropped-ch6-chargingfromzeroexample2fig3.pdf to ch6-chargingfromzeroexample2fig3.pdf
INFO    : converting ch6-chargingfromzeroexample2fig3.pdf to ch6-chargingfromzeroexample2fig3.svg
INFO    : converting ch5-generalrcexample2solution8.tex to ch5-generalrcexample2solution8.pdf
INFO    : cropping ch5-generalrcexample2solution8.pdf to cropped-ch5-generalrcexample2solution8.pdf
INFO    : renaming cropped-ch5-generalrcexample2solution8.pdf to ch5-generalrcexample2solution8.pdf
INFO    : converting ch5-generalrcexample2solution8.pdf to ch5-generalrcexample2solution8.svg
INFO    : converting ch2-circuit23figansdelta1.tex to ch2-circuit23figansdelta1.pdf
INFO    : cropping ch2-circuit23figansdelta1.pdf to cropped-ch2-circuit23figansdelta1.pdf
INFO    : renaming cropped-ch2-circuit23figansdelta1.pdf to ch2-circuit23figansdelta1.pdf
INFO    : converting ch2-circuit23figansdelta1.pdf to ch2-circuit23figansdelta1.svg
INFO    : converting sources14exercise-2-1-2.tex to sources14exercise-2-1-2.pdf
INFO    : cropping sources14exercise-2-1-2.pdf to cropped-sources14exercise-2-1-2.pdf
INFO    : renaming cropped-sources14exercise-2-1-2.pdf to sources14exercise-2-1-2.pdf
INFO    : converting sources14exercise-2-1-2.pdf to sources14exercise-2-1-2.svg
INFO    : converting ch6-chargingfromzeroexample2fig2.tex to ch6-chargingfromzeroexample2fig2.pdf
INFO    : cropping ch6-chargingfromzeroexample2fig2.pdf to cropped-ch6-chargingfromzeroexample2fig2.pdf
INFO    : renaming cropped-ch6-chargingfromzeroexample2fig2.pdf to ch6-chargingfromzeroexample2fig2.pdf
INFO    : converting ch6-chargingfromzeroexample2fig2.pdf to ch6-chargingfromzeroexample2fig2.svg
INFO    : converting ch5-generalrcexample2solution9.tex to ch5-generalrcexample2solution9.pdf
INFO    : cropping ch5-generalrcexample2solution9.pdf to cropped-ch5-generalrcexample2solution9.pdf
INFO    : renaming cropped-ch5-generalrcexample2solution9.pdf to ch5-generalrcexample2solution9.pdf
INFO    : converting ch5-generalrcexample2solution9.pdf to ch5-generalrcexample2solution9.svg
INFO    : converting ch3-circuit33figans4.tex to ch3-circuit33figans4.pdf
INFO    : cropping ch3-circuit33figans4.pdf to cropped-ch3-circuit33figans4.pdf
INFO    : renaming cropped-ch3-circuit33figans4.pdf to ch3-circuit33figans4.pdf
INFO    : converting ch3-circuit33figans4.pdf to ch3-circuit33figans4.svg
INFO    : converting ch3-nortonExampleFigure3.tex to ch3-nortonExampleFigure3.pdf
INFO    : cropping ch3-nortonExampleFigure3.pdf to cropped-ch3-nortonExampleFigure3.pdf
INFO    : renaming cropped-ch3-nortonExampleFigure3.pdf to ch3-nortonExampleFigure3.pdf
INFO    : converting ch3-nortonExampleFigure3.pdf to ch3-nortonExampleFigure3.svg
INFO    : converting ch5-homogeneousrccircuitfigure.tex to ch5-homogeneousrccircuitfigure.pdf
INFO    : cropping ch5-homogeneousrccircuitfigure.pdf to cropped-ch5-homogeneousrccircuitfigure.pdf
INFO    : renaming cropped-ch5-homogeneousrccircuitfigure.pdf to ch5-homogeneousrccircuitfigure.pdf
INFO    : converting ch5-homogeneousrccircuitfigure.pdf to ch5-homogeneousrccircuitfigure.svg
INFO    : converting ch6-equivalentinductance-example4-solution10.tex to ch6-equivalentinductance-example4-solution10.pdf
INFO    : cropping ch6-equivalentinductance-example4-solution10.pdf to cropped-ch6-equivalentinductance-example4-solution10.pdf
INFO    : renaming cropped-ch6-equivalentinductance-example4-solution10.pdf to ch6-equivalentinductance-example4-solution10.pdf
INFO    : converting ch6-equivalentinductance-example4-solution10.pdf to ch6-equivalentinductance-example4-solution10.svg
INFO    : converting ch5-rchomogeneousexample1.tex to ch5-rchomogeneousexample1.pdf
INFO    : cropping ch5-rchomogeneousexample1.pdf to cropped-ch5-rchomogeneousexample1.pdf
INFO    : renaming cropped-ch5-rchomogeneousexample1.pdf to ch5-rchomogeneousexample1.pdf
INFO    : converting ch5-rchomogeneousexample1.pdf to ch5-rchomogeneousexample1.svg
INFO    : converting ch7-homogeneous-example5-figure2.tex to ch7-homogeneous-example5-figure2.pdf
INFO    : cropping ch7-homogeneous-example5-figure2.pdf to cropped-ch7-homogeneous-example5-figure2.pdf
INFO    : renaming cropped-ch7-homogeneous-example5-figure2.pdf to ch7-homogeneous-example5-figure2.pdf
INFO    : converting ch7-homogeneous-example5-figure2.pdf to ch7-homogeneous-example5-figure2.svg
INFO    : converting ch6-homogeneous-example2-solution3.tex to ch6-homogeneous-example2-solution3.pdf
INFO    : cropping ch6-homogeneous-example2-solution3.pdf to cropped-ch6-homogeneous-example2-solution3.pdf
INFO    : renaming cropped-ch6-homogeneous-example2-solution3.pdf to ch6-homogeneous-example2-solution3.pdf
INFO    : converting ch6-homogeneous-example2-solution3.pdf to ch6-homogeneous-example2-solution3.svg
INFO    : converting ch12-555timermonostablecharging.tex to ch12-555timermonostablecharging.pdf
INFO    : cropping ch12-555timermonostablecharging.pdf to cropped-ch12-555timermonostablecharging.pdf
INFO    : renaming cropped-ch12-555timermonostablecharging.pdf to ch12-555timermonostablecharging.pdf
INFO    : converting ch12-555timermonostablecharging.pdf to ch12-555timermonostablecharging.svg
INFO    : converting ch7-homogeneous-parallelrlc-example-fig4.tex to ch7-homogeneous-parallelrlc-example-fig4.pdf
INFO    : cropping ch7-homogeneous-parallelrlc-example-fig4.pdf to cropped-ch7-homogeneous-parallelrlc-example-fig4.pdf
INFO    : renaming cropped-ch7-homogeneous-parallelrlc-example-fig4.pdf to ch7-homogeneous-parallelrlc-example-fig4.pdf
INFO    : converting ch7-homogeneous-parallelrlc-example-fig4.pdf to ch7-homogeneous-parallelrlc-example-fig4.svg
INFO    : converting ch1-circuit115exercise.tex to ch1-circuit115exercise.pdf
INFO    : cropping ch1-circuit115exercise.pdf to cropped-ch1-circuit115exercise.pdf
INFO    : renaming cropped-ch1-circuit115exercise.pdf to ch1-circuit115exercise.pdf
INFO    : converting ch1-circuit115exercise.pdf to ch1-circuit115exercise.svg
INFO    : converting ch6-homogeneousrl-example5-solution4.tex to ch6-homogeneousrl-example5-solution4.pdf
INFO    : cropping ch6-homogeneousrl-example5-solution4.pdf to cropped-ch6-homogeneousrl-example5-solution4.pdf
INFO    : renaming cropped-ch6-homogeneousrl-example5-solution4.pdf to ch6-homogeneousrl-example5-solution4.pdf
INFO    : converting ch6-homogeneousrl-example5-solution4.pdf to ch6-homogeneousrl-example5-solution4.svg
INFO    : converting ch5-generaltransientresistorexample6.tex to ch5-generaltransientresistorexample6.pdf
INFO    : cropping ch5-generaltransientresistorexample6.pdf to cropped-ch5-generaltransientresistorexample6.pdf
INFO    : renaming cropped-ch5-generaltransientresistorexample6.pdf to ch5-generaltransientresistorexample6.pdf
INFO    : converting ch5-generaltransientresistorexample6.pdf to ch5-generaltransientresistorexample6.svg
INFO    : converting ch6-chargingrl-example2-solution1.tex to ch6-chargingrl-example2-solution1.pdf
INFO    : cropping ch6-chargingrl-example2-solution1.pdf to cropped-ch6-chargingrl-example2-solution1.pdf
INFO    : renaming cropped-ch6-chargingrl-example2-solution1.pdf to ch6-chargingrl-example2-solution1.pdf
INFO    : converting ch6-chargingrl-example2-solution1.pdf to ch6-chargingrl-example2-solution1.svg
INFO    : converting ch3-circuit315fig.tex to ch3-circuit315fig.pdf
INFO    : cropping ch3-circuit315fig.pdf to cropped-ch3-circuit315fig.pdf
INFO    : renaming cropped-ch3-circuit315fig.pdf to ch3-circuit315fig.pdf
INFO    : converting ch3-circuit315fig.pdf to ch3-circuit315fig.svg
INFO    : converting ch6-chargingrl-example5-solution5.tex to ch6-chargingrl-example5-solution5.pdf
INFO    : cropping ch6-chargingrl-example5-solution5.pdf to cropped-ch6-chargingrl-example5-solution5.pdf
INFO    : renaming cropped-ch6-chargingrl-example5-solution5.pdf to ch6-chargingrl-example5-solution5.pdf
INFO    : converting ch6-chargingrl-example5-solution5.pdf to ch6-chargingrl-example5-solution5.svg
INFO    : converting ch6-generalexample2fig14.tex to ch6-generalexample2fig14.pdf
INFO    : cropping ch6-generalexample2fig14.pdf to cropped-ch6-generalexample2fig14.pdf
INFO    : renaming cropped-ch6-generalexample2fig14.pdf to ch6-generalexample2fig14.pdf
INFO    : converting ch6-generalexample2fig14.pdf to ch6-generalexample2fig14.svg
INFO    : converting ch3-maxPowerFigure5.tex to ch3-maxPowerFigure5.pdf
INFO    : cropping ch3-maxPowerFigure5.pdf to cropped-ch3-maxPowerFigure5.pdf
INFO    : renaming cropped-ch3-maxPowerFigure5.pdf to ch3-maxPowerFigure5.pdf
INFO    : converting ch3-maxPowerFigure5.pdf to ch3-maxPowerFigure5.svg
INFO    : converting ch3-theveninExampleDependent1.tex to ch3-theveninExampleDependent1.pdf
INFO    : cropping ch3-theveninExampleDependent1.pdf to cropped-ch3-theveninExampleDependent1.pdf
INFO    : renaming cropped-ch3-theveninExampleDependent1.pdf to ch3-theveninExampleDependent1.pdf
INFO    : converting ch3-theveninExampleDependent1.pdf to ch3-theveninExampleDependent1.svg
INFO    : converting ch2-kclexample1.tex to ch2-kclexample1.pdf
INFO    : cropping ch2-kclexample1.pdf to cropped-ch2-kclexample1.pdf
INFO    : renaming cropped-ch2-kclexample1.pdf to ch2-kclexample1.pdf
INFO    : converting ch2-kclexample1.pdf to ch2-kclexample1.svg
INFO    : converting ch3-circuit36figans1.tex to ch3-circuit36figans1.pdf
INFO    : cropping ch3-circuit36figans1.pdf to cropped-ch3-circuit36figans1.pdf
INFO    : renaming cropped-ch3-circuit36figans1.pdf to ch3-circuit36figans1.pdf
INFO    : converting ch3-circuit36figans1.pdf to ch3-circuit36figans1.svg
INFO    : converting ch2-circuit25figans1.tex to ch2-circuit25figans1.pdf
INFO    : cropping ch2-circuit25figans1.pdf to cropped-ch2-circuit25figans1.pdf
INFO    : renaming cropped-ch2-circuit25figans1.pdf to ch2-circuit25figans1.pdf
INFO    : converting ch2-circuit25figans1.pdf to ch2-circuit25figans1.svg
INFO    : converting ch1-rampfunctiongraph.tex to ch1-rampfunctiongraph.pdf
INFO    : cropping ch1-rampfunctiongraph.pdf to cropped-ch1-rampfunctiongraph.pdf
INFO    : renaming cropped-ch1-rampfunctiongraph.pdf to ch1-rampfunctiongraph.pdf
INFO    : converting ch1-rampfunctiongraph.pdf to ch1-rampfunctiongraph.svg
INFO    : converting ch6-equivalentinductance-example4-solution3.tex to ch6-equivalentinductance-example4-solution3.pdf
INFO    : cropping ch6-equivalentinductance-example4-solution3.pdf to cropped-ch6-equivalentinductance-example4-solution3.pdf
INFO    : renaming cropped-ch6-equivalentinductance-example4-solution3.pdf to ch6-equivalentinductance-example4-solution3.pdf
INFO    : converting ch6-equivalentinductance-example4-solution3.pdf to ch6-equivalentinductance-example4-solution3.svg
INFO    : converting ch5generalrcexample1solution1.tex to ch5generalrcexample1solution1.pdf
INFO    : cropping ch5generalrcexample1solution1.pdf to cropped-ch5generalrcexample1solution1.pdf
INFO    : renaming cropped-ch5generalrcexample1solution1.pdf to ch5generalrcexample1solution1.pdf
INFO    : converting ch5generalrcexample1solution1.pdf to ch5generalrcexample1solution1.svg
INFO    : converting ch2-circuit26fig.tex to ch2-circuit26fig.pdf
INFO    : cropping ch2-circuit26fig.pdf to cropped-ch2-circuit26fig.pdf
INFO    : renaming cropped-ch2-circuit26fig.pdf to ch2-circuit26fig.pdf
INFO    : converting ch2-circuit26fig.pdf to ch2-circuit26fig.svg
INFO    : converting ch6-generalexample1fig1.tex to ch6-generalexample1fig1.pdf
INFO    : cropping ch6-generalexample1fig1.pdf to cropped-ch6-generalexample1fig1.pdf
INFO    : renaming cropped-ch6-generalexample1fig1.pdf to ch6-generalexample1fig1.pdf
INFO    : converting ch6-generalexample1fig1.pdf to ch6-generalexample1fig1.svg
INFO    : converting ch7-homogeneous-parallelrlc-parasitic-diagram-t0plus.tex to ch7-homogeneous-parallelrlc-parasitic-diagram-t0plus.pdf
INFO    : cropping ch7-homogeneous-parallelrlc-parasitic-diagram-t0plus.pdf to cropped-ch7-homogeneous-parallelrlc-parasitic-diagram-t0plus.pdf
INFO    : renaming cropped-ch7-homogeneous-parallelrlc-parasitic-diagram-t0plus.pdf to ch7-homogeneous-parallelrlc-parasitic-diagram-t0plus.pdf
INFO    : converting ch7-homogeneous-parallelrlc-parasitic-diagram-t0plus.pdf to ch7-homogeneous-parallelrlc-parasitic-diagram-t0plus.svg
INFO    : converting ch3-circuit313figans2.tex to ch3-circuit313figans2.pdf
INFO    : cropping ch3-circuit313figans2.pdf to cropped-ch3-circuit313figans2.pdf
INFO    : renaming cropped-ch3-circuit313figans2.pdf to ch3-circuit313figans2.pdf
INFO    : converting ch3-circuit313figans2.pdf to ch3-circuit313figans2.svg
INFO    : converting ch1-exponentialdecaygraph.tex to ch1-exponentialdecaygraph.pdf
INFO    : cropping ch1-exponentialdecaygraph.pdf to cropped-ch1-exponentialdecaygraph.pdf
INFO    : renaming cropped-ch1-exponentialdecaygraph.pdf to ch1-exponentialdecaygraph.pdf
INFO    : converting ch1-exponentialdecaygraph.pdf to ch1-exponentialdecaygraph.svg
INFO    : converting ch3-circuit38figansnothelpful1.tex to ch3-circuit38figansnothelpful1.pdf
INFO    : cropping ch3-circuit38figansnothelpful1.pdf to cropped-ch3-circuit38figansnothelpful1.pdf
INFO    : renaming cropped-ch3-circuit38figansnothelpful1.pdf to ch3-circuit38figansnothelpful1.pdf
INFO    : converting ch3-circuit38figansnothelpful1.pdf to ch3-circuit38figansnothelpful1.svg
INFO    : converting ch6-generalexample1fig3.tex to ch6-generalexample1fig3.pdf
INFO    : cropping ch6-generalexample1fig3.pdf to cropped-ch6-generalexample1fig3.pdf
INFO    : renaming cropped-ch6-generalexample1fig3.pdf to ch6-generalexample1fig3.pdf
INFO    : converting ch6-generalexample1fig3.pdf to ch6-generalexample1fig3.svg
INFO    : converting ch5-equivalentcapexample1solution2.tex to ch5-equivalentcapexample1solution2.pdf
INFO    : cropping ch5-equivalentcapexample1solution2.pdf to cropped-ch5-equivalentcapexample1solution2.pdf
INFO    : renaming cropped-ch5-equivalentcapexample1solution2.pdf to ch5-equivalentcapexample1solution2.pdf
INFO    : converting ch5-equivalentcapexample1solution2.pdf to ch5-equivalentcapexample1solution2.svg
INFO    : converting ch5generalrcexample1solution3.tex to ch5generalrcexample1solution3.pdf
INFO    : cropping ch5generalrcexample1solution3.pdf to cropped-ch5generalrcexample1solution3.pdf
INFO    : renaming cropped-ch5generalrcexample1solution3.pdf to ch5generalrcexample1solution3.pdf
INFO    : converting ch5generalrcexample1solution3.pdf to ch5generalrcexample1solution3.svg
INFO    : converting ch5-actualchargingrcexample4solution4.tex to ch5-actualchargingrcexample4solution4.pdf
INFO    : cropping ch5-actualchargingrcexample4solution4.pdf to cropped-ch5-actualchargingrcexample4solution4.pdf
INFO    : renaming cropped-ch5-actualchargingrcexample4solution4.pdf to ch5-actualchargingrcexample4solution4.pdf
INFO    : converting ch5-actualchargingrcexample4solution4.pdf to ch5-actualchargingrcexample4solution4.svg
INFO    : converting ch6-equivalentinductance-example4-solution1.tex to ch6-equivalentinductance-example4-solution1.pdf
INFO    : cropping ch6-equivalentinductance-example4-solution1.pdf to cropped-ch6-equivalentinductance-example4-solution1.pdf
INFO    : renaming cropped-ch6-equivalentinductance-example4-solution1.pdf to ch6-equivalentinductance-example4-solution1.pdf
INFO    : converting ch6-equivalentinductance-example4-solution1.pdf to ch6-equivalentinductance-example4-solution1.svg
INFO    : converting ch7-homogeneous-seriesrlc-diagram-t0plus.tex to ch7-homogeneous-seriesrlc-diagram-t0plus.pdf
INFO    : cropping ch7-homogeneous-seriesrlc-diagram-t0plus.pdf to cropped-ch7-homogeneous-seriesrlc-diagram-t0plus.pdf
INFO    : renaming cropped-ch7-homogeneous-seriesrlc-diagram-t0plus.pdf to ch7-homogeneous-seriesrlc-diagram-t0plus.pdf
INFO    : converting ch7-homogeneous-seriesrlc-diagram-t0plus.pdf to ch7-homogeneous-seriesrlc-diagram-t0plus.svg
INFO    : converting ch2-circuit25figans3.tex to ch2-circuit25figans3.pdf
INFO    : cropping ch2-circuit25figans3.pdf to cropped-ch2-circuit25figans3.pdf
INFO    : renaming cropped-ch2-circuit25figans3.pdf to ch2-circuit25figans3.pdf
INFO    : converting ch2-circuit25figans3.pdf to ch2-circuit25figans3.svg
INFO    : converting ch2-voltagedividerexmeshesfig2.tex to ch2-voltagedividerexmeshesfig2.pdf
INFO    : cropping ch2-voltagedividerexmeshesfig2.pdf to cropped-ch2-voltagedividerexmeshesfig2.pdf
INFO    : renaming cropped-ch2-voltagedividerexmeshesfig2.pdf to ch2-voltagedividerexmeshesfig2.pdf
INFO    : converting ch2-voltagedividerexmeshesfig2.pdf to ch2-voltagedividerexmeshesfig2.svg
INFO    : converting ch3-passiveShort.tex to ch3-passiveShort.pdf
INFO    : cropping ch3-passiveShort.pdf to cropped-ch3-passiveShort.pdf
INFO    : renaming cropped-ch3-passiveShort.pdf to ch3-passiveShort.pdf
INFO    : converting ch3-passiveShort.pdf to ch3-passiveShort.svg
INFO    : converting ch3-theveninExampleDependent3.tex to ch3-theveninExampleDependent3.pdf
INFO    : cropping ch3-theveninExampleDependent3.pdf to cropped-ch3-theveninExampleDependent3.pdf
INFO    : renaming cropped-ch3-theveninExampleDependent3.pdf to ch3-theveninExampleDependent3.pdf
INFO    : converting ch3-theveninExampleDependent3.pdf to ch3-theveninExampleDependent3.svg
INFO    : converting ch5-nonhomogeneousrccircuitfigureswitch.tex to ch5-nonhomogeneousrccircuitfigureswitch.pdf
INFO    : cropping ch5-nonhomogeneousrccircuitfigureswitch.pdf to cropped-ch5-nonhomogeneousrccircuitfigureswitch.pdf
INFO    : renaming cropped-ch5-nonhomogeneousrccircuitfigureswitch.pdf to ch5-nonhomogeneousrccircuitfigureswitch.pdf
INFO    : converting ch5-nonhomogeneousrccircuitfigureswitch.pdf to ch5-nonhomogeneousrccircuitfigureswitch.svg
INFO    : converting ch4-differentialamplifierfigure.tex to ch4-differentialamplifierfigure.pdf
INFO    : cropping ch4-differentialamplifierfigure.pdf to cropped-ch4-differentialamplifierfigure.pdf
INFO    : renaming cropped-ch4-differentialamplifierfigure.pdf to ch4-differentialamplifierfigure.pdf
INFO    : converting ch4-differentialamplifierfigure.pdf to ch4-differentialamplifierfigure.svg
INFO    : converting ch6-chargingrl-example5-solution7.tex to ch6-chargingrl-example5-solution7.pdf
INFO    : cropping ch6-chargingrl-example5-solution7.pdf to cropped-ch6-chargingrl-example5-solution7.pdf
INFO    : renaming cropped-ch6-chargingrl-example5-solution7.pdf to ch6-chargingrl-example5-solution7.pdf
INFO    : converting ch6-chargingrl-example5-solution7.pdf to ch6-chargingrl-example5-solution7.svg
INFO    : converting ch6-generalexample2fig16.tex to ch6-generalexample2fig16.pdf
INFO    : cropping ch6-generalexample2fig16.pdf to cropped-ch6-generalexample2fig16.pdf
INFO    : renaming cropped-ch6-generalexample2fig16.pdf to ch6-generalexample2fig16.pdf
INFO    : converting ch6-generalexample2fig16.pdf to ch6-generalexample2fig16.svg
INFO    : converting ch6-general-rl-example2-diagram.tex to ch6-general-rl-example2-diagram.pdf
INFO    : cropping ch6-general-rl-example2-diagram.pdf to cropped-ch6-general-rl-example2-diagram.pdf
INFO    : renaming cropped-ch6-general-rl-example2-diagram.pdf to ch6-general-rl-example2-diagram.pdf
INFO    : converting ch6-general-rl-example2-diagram.pdf to ch6-general-rl-example2-diagram.svg
INFO    : converting ch5-generaltransientresistorexample4.tex to ch5-generaltransientresistorexample4.pdf
INFO    : cropping ch5-generaltransientresistorexample4.pdf to cropped-ch5-generaltransientresistorexample4.pdf
INFO    : renaming cropped-ch5-generaltransientresistorexample4.pdf to ch5-generaltransientresistorexample4.pdf
INFO    : converting ch5-generaltransientresistorexample4.pdf to ch5-generaltransientresistorexample4.svg
INFO    : converting ch6-homogeneousrl-example5-solution6.tex to ch6-homogeneousrl-example5-solution6.pdf
INFO    : cropping ch6-homogeneousrl-example5-solution6.pdf to cropped-ch6-homogeneousrl-example5-solution6.pdf
INFO    : renaming cropped-ch6-homogeneousrl-example5-solution6.pdf to ch6-homogeneousrl-example5-solution6.pdf
INFO    : converting ch6-homogeneousrl-example5-solution6.pdf to ch6-homogeneousrl-example5-solution6.svg
INFO    : converting ch6-chargingrl-example2-solution3.tex to ch6-chargingrl-example2-solution3.pdf
INFO    : cropping ch6-chargingrl-example2-solution3.pdf to cropped-ch6-chargingrl-example2-solution3.pdf
INFO    : renaming cropped-ch6-chargingrl-example2-solution3.pdf to ch6-chargingrl-example2-solution3.pdf
INFO    : converting ch6-chargingrl-example2-solution3.pdf to ch6-chargingrl-example2-solution3.svg
INFO    : converting ch2-potasvr.tex to ch2-potasvr.pdf
INFO    : cropping ch2-potasvr.pdf to cropped-ch2-potasvr.pdf
INFO    : renaming cropped-ch2-potasvr.pdf to ch2-potasvr.pdf
INFO    : converting ch2-potasvr.pdf to ch2-potasvr.svg
INFO    : converting ch2-circuit221fig.tex to ch2-circuit221fig.pdf
INFO    : cropping ch2-circuit221fig.pdf to cropped-ch2-circuit221fig.pdf
INFO    : renaming cropped-ch2-circuit221fig.pdf to ch2-circuit221fig.pdf
INFO    : converting ch2-circuit221fig.pdf to ch2-circuit221fig.svg
INFO    : converting ch6-dischargingrlexamplefig2.tex to ch6-dischargingrlexamplefig2.pdf
INFO    : cropping ch6-dischargingrlexamplefig2.pdf to cropped-ch6-dischargingrlexamplefig2.pdf
INFO    : renaming cropped-ch6-dischargingrlexamplefig2.pdf to ch6-dischargingrlexamplefig2.pdf
INFO    : converting ch6-dischargingrlexamplefig2.pdf to ch6-dischargingrlexamplefig2.svg
INFO    : converting ch6-equivalentinductance-example1-diagram.tex to ch6-equivalentinductance-example1-diagram.pdf
INFO    : cropping ch6-equivalentinductance-example1-diagram.pdf to cropped-ch6-equivalentinductance-example1-diagram.pdf
INFO    : renaming cropped-ch6-equivalentinductance-example1-diagram.pdf to ch6-equivalentinductance-example1-diagram.pdf
INFO    : converting ch6-equivalentinductance-example1-diagram.pdf to ch6-equivalentinductance-example1-diagram.svg
INFO    : converting ch6-homogeneous-example2-solution1.tex to ch6-homogeneous-example2-solution1.pdf
INFO    : cropping ch6-homogeneous-example2-solution1.pdf to cropped-ch6-homogeneous-example2-solution1.pdf
INFO    : renaming cropped-ch6-homogeneous-example2-solution1.pdf to ch6-homogeneous-example2-solution1.pdf
INFO    : converting ch6-homogeneous-example2-solution1.pdf to ch6-homogeneous-example2-solution1.svg
INFO    : converting ch7-homogeneous-seriesrlc-example-fig2.tex to ch7-homogeneous-seriesrlc-example-fig2.pdf
INFO    : cropping ch7-homogeneous-seriesrlc-example-fig2.pdf to cropped-ch7-homogeneous-seriesrlc-example-fig2.pdf
INFO    : renaming cropped-ch7-homogeneous-seriesrlc-example-fig2.pdf to ch7-homogeneous-seriesrlc-example-fig2.pdf
INFO    : converting ch7-homogeneous-seriesrlc-example-fig2.pdf to ch7-homogeneous-seriesrlc-example-fig2.svg
INFO    : converting ch3-nortonExampleFigure1.tex to ch3-nortonExampleFigure1.pdf
INFO    : cropping ch3-nortonExampleFigure1.pdf to cropped-ch3-nortonExampleFigure1.pdf
INFO    : renaming cropped-ch3-nortonExampleFigure1.pdf to ch3-nortonExampleFigure1.pdf
INFO    : converting ch3-nortonExampleFigure1.pdf to ch3-nortonExampleFigure1.svg
INFO    : converting ch1-exampletwoseriescurrentsafter.tex to ch1-exampletwoseriescurrentsafter.pdf
INFO    : cropping ch1-exampletwoseriescurrentsafter.pdf to cropped-ch1-exampletwoseriescurrentsafter.pdf
INFO    : renaming cropped-ch1-exampletwoseriescurrentsafter.pdf to ch1-exampletwoseriescurrentsafter.pdf
INFO    : converting ch1-exampletwoseriescurrentsafter.pdf to ch1-exampletwoseriescurrentsafter.svg
INFO    : converting ch2-circuit23figansdelta2.tex to ch2-circuit23figansdelta2.pdf
INFO    : cropping ch2-circuit23figansdelta2.pdf to cropped-ch2-circuit23figansdelta2.pdf
INFO    : renaming cropped-ch2-circuit23figansdelta2.pdf to ch2-circuit23figansdelta2.pdf
INFO    : converting ch2-circuit23figansdelta2.pdf to ch2-circuit23figansdelta2.svg
INFO    : converting ch6-inductorsymbol.tex to ch6-inductorsymbol.pdf
INFO    : cropping ch6-inductorsymbol.pdf to cropped-ch6-inductorsymbol.pdf
INFO    : renaming cropped-ch6-inductorsymbol.pdf to ch6-inductorsymbol.pdf
INFO    : converting ch6-inductorsymbol.pdf to ch6-inductorsymbol.svg
INFO    : converting ch6-chargingfromzeroexample2fig1.tex to ch6-chargingfromzeroexample2fig1.pdf
INFO    : cropping ch6-chargingfromzeroexample2fig1.pdf to cropped-ch6-chargingfromzeroexample2fig1.pdf
INFO    : renaming cropped-ch6-chargingfromzeroexample2fig1.pdf to ch6-chargingfromzeroexample2fig1.pdf
INFO    : converting ch6-chargingfromzeroexample2fig1.pdf to ch6-chargingfromzeroexample2fig1.svg
INFO    : converting ch2-eqresistancecktab.tex to ch2-eqresistancecktab.pdf
INFO    : cropping ch2-eqresistancecktab.pdf to cropped-ch2-eqresistancecktab.pdf
INFO    : renaming cropped-ch2-eqresistancecktab.pdf to ch2-eqresistancecktab.pdf
INFO    : converting ch2-eqresistancecktab.pdf to ch2-eqresistancecktab.svg
INFO    : converting ch7-homogeneous-seriesrlc-example-fig3.tex to ch7-homogeneous-seriesrlc-example-fig3.pdf
INFO    : cropping ch7-homogeneous-seriesrlc-example-fig3.pdf to cropped-ch7-homogeneous-seriesrlc-example-fig3.pdf
INFO    : renaming cropped-ch7-homogeneous-seriesrlc-example-fig3.pdf to ch7-homogeneous-seriesrlc-example-fig3.pdf
INFO    : converting ch7-homogeneous-seriesrlc-example-fig3.pdf to ch7-homogeneous-seriesrlc-example-fig3.svg
INFO    : converting ch7-homogeneous-example5-figure1.tex to ch7-homogeneous-example5-figure1.pdf
INFO    : cropping ch7-homogeneous-example5-figure1.pdf to cropped-ch7-homogeneous-example5-figure1.pdf
INFO    : renaming cropped-ch7-homogeneous-example5-figure1.pdf to ch7-homogeneous-example5-figure1.pdf
INFO    : converting ch7-homogeneous-example5-figure1.pdf to ch7-homogeneous-example5-figure1.svg
INFO    : converting ch6-dischargingrlexamplefig3.tex to ch6-dischargingrlexamplefig3.pdf
INFO    : cropping ch6-dischargingrlexamplefig3.pdf to cropped-ch6-dischargingrlexamplefig3.pdf
INFO    : renaming cropped-ch6-dischargingrlexamplefig3.pdf to ch6-dischargingrlexamplefig3.pdf
INFO    : converting ch6-dischargingrlexamplefig3.pdf to ch6-dischargingrlexamplefig3.svg
INFO    : converting ch4-tnetworkcircuit.tex to ch4-tnetworkcircuit.pdf
INFO    : cropping ch4-tnetworkcircuit.pdf to cropped-ch4-tnetworkcircuit.pdf
INFO    : renaming cropped-ch4-tnetworkcircuit.pdf to ch4-tnetworkcircuit.pdf
INFO    : converting ch4-tnetworkcircuit.pdf to ch4-tnetworkcircuit.svg
INFO    : converting ch2-circuit217fig.tex to ch2-circuit217fig.pdf
INFO    : cropping ch2-circuit217fig.pdf to cropped-ch2-circuit217fig.pdf
INFO    : renaming cropped-ch2-circuit217fig.pdf to ch2-circuit217fig.pdf
INFO    : converting ch2-circuit217fig.pdf to ch2-circuit217fig.svg
INFO    : converting ch6-homogeneousrlcircuit-example2-diagram.tex to ch6-homogeneousrlcircuit-example2-diagram.pdf
INFO    : cropping ch6-homogeneousrlcircuit-example2-diagram.pdf to cropped-ch6-homogeneousrlcircuit-example2-diagram.pdf
INFO    : renaming cropped-ch6-homogeneousrlcircuit-example2-diagram.pdf to ch6-homogeneousrlcircuit-example2-diagram.pdf
INFO    : converting ch6-homogeneousrlcircuit-example2-diagram.pdf to ch6-homogeneousrlcircuit-example2-diagram.svg
INFO    : converting ch1-gravitationalpotential.tex to ch1-gravitationalpotential.pdf
INFO    : cropping ch1-gravitationalpotential.pdf to cropped-ch1-gravitationalpotential.pdf
INFO    : renaming cropped-ch1-gravitationalpotential.pdf to ch1-gravitationalpotential.pdf
INFO    : converting ch1-gravitationalpotential.pdf to ch1-gravitationalpotential.svg
INFO    : converting ch2-figresistorseries.tex to ch2-figresistorseries.pdf
INFO    : cropping ch2-figresistorseries.pdf to cropped-ch2-figresistorseries.pdf
INFO    : renaming cropped-ch2-figresistorseries.pdf to ch2-figresistorseries.pdf
INFO    : converting ch2-figresistorseries.pdf to ch2-figresistorseries.svg
INFO    : converting ch6-chargingrl-example2-solution2.tex to ch6-chargingrl-example2-solution2.pdf
INFO    : cropping ch6-chargingrl-example2-solution2.pdf to cropped-ch6-chargingrl-example2-solution2.pdf
INFO    : renaming cropped-ch6-chargingrl-example2-solution2.pdf to ch6-chargingrl-example2-solution2.pdf
INFO    : converting ch6-chargingrl-example2-solution2.pdf to ch6-chargingrl-example2-solution2.svg
INFO    : converting ch5-generaltransientresistorexample5.tex to ch5-generaltransientresistorexample5.pdf
INFO    : cropping ch5-generaltransientresistorexample5.pdf to cropped-ch5-generaltransientresistorexample5.pdf
INFO    : renaming cropped-ch5-generaltransientresistorexample5.pdf to ch5-generaltransientresistorexample5.pdf
INFO    : converting ch5-generaltransientresistorexample5.pdf to ch5-generaltransientresistorexample5.svg
INFO    : converting ch6-generalexample2fig17.tex to ch6-generalexample2fig17.pdf
INFO    : cropping ch6-generalexample2fig17.pdf to cropped-ch6-generalexample2fig17.pdf
INFO    : renaming cropped-ch6-generalexample2fig17.pdf to ch6-generalexample2fig17.pdf
INFO    : converting ch6-generalexample2fig17.pdf to ch6-generalexample2fig17.svg
INFO    : converting ch6-chargingrl-example5-solution6.tex to ch6-chargingrl-example5-solution6.pdf
INFO    : cropping ch6-chargingrl-example5-solution6.pdf to cropped-ch6-chargingrl-example5-solution6.pdf
INFO    : renaming cropped-ch6-chargingrl-example5-solution6.pdf to ch6-chargingrl-example5-solution6.pdf
INFO    : converting ch6-chargingrl-example5-solution6.pdf to ch6-chargingrl-example5-solution6.svg
INFO    : converting ch3-theveninExampleDependent2.tex to ch3-theveninExampleDependent2.pdf
INFO    : cropping ch3-theveninExampleDependent2.pdf to cropped-ch3-theveninExampleDependent2.pdf
INFO    : renaming cropped-ch3-theveninExampleDependent2.pdf to ch3-theveninExampleDependent2.pdf
INFO    : converting ch3-theveninExampleDependent2.pdf to ch3-theveninExampleDependent2.svg
INFO    : converting ch7-parallelrlc-diagram.tex to ch7-parallelrlc-diagram.pdf
INFO    : cropping ch7-parallelrlc-diagram.pdf to cropped-ch7-parallelrlc-diagram.pdf
INFO    : renaming cropped-ch7-parallelrlc-diagram.pdf to ch7-parallelrlc-diagram.pdf
INFO    : converting ch7-parallelrlc-diagram.pdf to ch7-parallelrlc-diagram.svg
INFO    : converting ch2-circuit25figans2.tex to ch2-circuit25figans2.pdf
INFO    : cropping ch2-circuit25figans2.pdf to cropped-ch2-circuit25figans2.pdf
INFO    : renaming cropped-ch2-circuit25figans2.pdf to ch2-circuit25figans2.pdf
INFO    : converting ch2-circuit25figans2.pdf to ch2-circuit25figans2.svg
INFO    : converting ch3-circuit36figans2.tex to ch3-circuit36figans2.pdf
INFO    : cropping ch3-circuit36figans2.pdf to cropped-ch3-circuit36figans2.pdf
INFO    : renaming cropped-ch3-circuit36figans2.pdf to ch3-circuit36figans2.pdf
INFO    : converting ch3-circuit36figans2.pdf to ch3-circuit36figans2.svg
INFO    : converting ch5generalrcexample1solution2.tex to ch5generalrcexample1solution2.pdf
INFO    : cropping ch5generalrcexample1solution2.pdf to cropped-ch5generalrcexample1solution2.pdf
INFO    : renaming cropped-ch5generalrcexample1solution2.pdf to ch5generalrcexample1solution2.pdf
INFO    : converting ch5generalrcexample1solution2.pdf to ch5generalrcexample1solution2.svg
INFO    : converting ch5-equivalentcapexample1solution3.tex to ch5-equivalentcapexample1solution3.pdf
INFO    : cropping ch5-equivalentcapexample1solution3.pdf to cropped-ch5-equivalentcapexample1solution3.pdf
INFO    : renaming cropped-ch5-equivalentcapexample1solution3.pdf to ch5-equivalentcapexample1solution3.pdf
INFO    : converting ch5-equivalentcapexample1solution3.pdf to ch5-equivalentcapexample1solution3.svg
INFO    : converting ch5-dischargercexample8.tex to ch5-dischargercexample8.pdf
INFO    : cropping ch5-dischargercexample8.pdf to cropped-ch5-dischargercexample8.pdf
INFO    : renaming cropped-ch5-dischargercexample8.pdf to ch5-dischargercexample8.pdf
INFO    : converting ch5-dischargercexample8.pdf to ch5-dischargercexample8.svg
INFO    : converting ch6-generalexample1fig2.tex to ch6-generalexample1fig2.pdf
INFO    : cropping ch6-generalexample1fig2.pdf to cropped-ch6-generalexample1fig2.pdf
INFO    : renaming cropped-ch6-generalexample1fig2.pdf to ch6-generalexample1fig2.pdf
INFO    : converting ch6-generalexample1fig2.pdf to ch6-generalexample1fig2.svg
INFO    : converting ch3-circuit313figans1.tex to ch3-circuit313figans1.pdf
INFO    : cropping ch3-circuit313figans1.pdf to cropped-ch3-circuit313figans1.pdf
INFO    : renaming cropped-ch3-circuit313figans1.pdf to ch3-circuit313figans1.pdf
INFO    : converting ch3-circuit313figans1.pdf to ch3-circuit313figans1.svg
INFO    : converting ch4-differenceampcircuitdiagram.tex to ch4-differenceampcircuitdiagram.pdf
INFO    : cropping ch4-differenceampcircuitdiagram.pdf to cropped-ch4-differenceampcircuitdiagram.pdf
INFO    : renaming cropped-ch4-differenceampcircuitdiagram.pdf to ch4-differenceampcircuitdiagram.pdf
INFO    : converting ch4-differenceampcircuitdiagram.pdf to ch4-differenceampcircuitdiagram.svg
INFO    : converting ch3-circuit32fig.tex to ch3-circuit32fig.pdf
INFO    : cropping ch3-circuit32fig.pdf to cropped-ch3-circuit32fig.pdf
INFO    : renaming cropped-ch3-circuit32fig.pdf to ch3-circuit32fig.pdf
INFO    : converting ch3-circuit32fig.pdf to ch3-circuit32fig.svg
INFO    : converting ch6-generalexample1fig6.tex to ch6-generalexample1fig6.pdf
INFO    : cropping ch6-generalexample1fig6.pdf to cropped-ch6-generalexample1fig6.pdf
INFO    : renaming cropped-ch6-generalexample1fig6.pdf to ch6-generalexample1fig6.pdf
INFO    : converting ch6-generalexample1fig6.pdf to ch6-generalexample1fig6.svg
INFO    : converting ch2-circuit223fig.tex to ch2-circuit223fig.pdf
INFO    : cropping ch2-circuit223fig.pdf to cropped-ch2-circuit223fig.pdf
INFO    : renaming cropped-ch2-circuit223fig.pdf to ch2-circuit223fig.pdf
INFO    : converting ch2-circuit223fig.pdf to ch2-circuit223fig.svg
INFO    : converting ch5-equivalentcapexample1solution7.tex to ch5-equivalentcapexample1solution7.pdf
INFO    : cropping ch5-equivalentcapexample1solution7.pdf to cropped-ch5-equivalentcapexample1solution7.pdf
INFO    : renaming cropped-ch5-equivalentcapexample1solution7.pdf to ch5-equivalentcapexample1solution7.pdf
INFO    : converting ch5-equivalentcapexample1solution7.pdf to ch5-equivalentcapexample1solution7.svg
INFO    : converting ch5-actualchargingrcexample4solution1.tex to ch5-actualchargingrcexample4solution1.pdf
INFO    : cropping ch5-actualchargingrcexample4solution1.pdf to cropped-ch5-actualchargingrcexample4solution1.pdf
INFO    : renaming cropped-ch5-actualchargingrcexample4solution1.pdf to ch5-actualchargingrcexample4solution1.pdf
INFO    : converting ch5-actualchargingrcexample4solution1.pdf to ch5-actualchargingrcexample4solution1.svg
INFO    : converting ch1-measuringvoltagefig.tex to ch1-measuringvoltagefig.pdf
INFO    : cropping ch1-measuringvoltagefig.pdf to cropped-ch1-measuringvoltagefig.pdf
INFO    : renaming cropped-ch1-measuringvoltagefig.pdf to ch1-measuringvoltagefig.pdf
INFO    : converting ch1-measuringvoltagefig.pdf to ch1-measuringvoltagefig.svg
INFO    : converting ch6-equivalentinductance-example4-solution4.tex to ch6-equivalentinductance-example4-solution4.pdf
INFO    : cropping ch6-equivalentinductance-example4-solution4.pdf to cropped-ch6-equivalentinductance-example4-solution4.pdf
INFO    : renaming cropped-ch6-equivalentinductance-example4-solution4.pdf to ch6-equivalentinductance-example4-solution4.pdf
INFO    : converting ch6-equivalentinductance-example4-solution4.pdf to ch6-equivalentinductance-example4-solution4.svg
INFO    : converting ch5generalrcexample1solution6.tex to ch5generalrcexample1solution6.pdf
INFO    : cropping ch5generalrcexample1solution6.pdf to cropped-ch5generalrcexample1solution6.pdf
INFO    : renaming cropped-ch5generalrcexample1solution6.pdf to ch5generalrcexample1solution6.pdf
INFO    : converting ch5generalrcexample1solution6.pdf to ch5generalrcexample1solution6.svg
INFO    : converting ch6-equivalentinductance-example4-diagram.tex to ch6-equivalentinductance-example4-diagram.pdf
INFO    : cropping ch6-equivalentinductance-example4-diagram.pdf to cropped-ch6-equivalentinductance-example4-diagram.pdf
INFO    : renaming cropped-ch6-equivalentinductance-example4-diagram.pdf to ch6-equivalentinductance-example4-diagram.pdf
INFO    : converting ch6-equivalentinductance-example4-diagram.pdf to ch6-equivalentinductance-example4-diagram.svg
INFO    : converting ch7-homogeneous-general-symbolic-example-fig2.tex to ch7-homogeneous-general-symbolic-example-fig2.pdf
INFO    : cropping ch7-homogeneous-general-symbolic-example-fig2.pdf to cropped-ch7-homogeneous-general-symbolic-example-fig2.pdf
INFO    : renaming cropped-ch7-homogeneous-general-symbolic-example-fig2.pdf to ch7-homogeneous-general-symbolic-example-fig2.pdf
INFO    : converting ch7-homogeneous-general-symbolic-example-fig2.pdf to ch7-homogeneous-general-symbolic-example-fig2.svg
INFO    : converting ch3-maxPowerFigure2.tex to ch3-maxPowerFigure2.pdf
INFO    : cropping ch3-maxPowerFigure2.pdf to cropped-ch3-maxPowerFigure2.pdf
INFO    : renaming cropped-ch3-maxPowerFigure2.pdf to ch3-maxPowerFigure2.pdf
INFO    : converting ch3-maxPowerFigure2.pdf to ch3-maxPowerFigure2.svg
INFO    : converting ch6-rldischarging.tex to ch6-rldischarging.pdf
INFO    : cropping ch6-rldischarging.pdf to cropped-ch6-rldischarging.pdf
INFO    : renaming cropped-ch6-rldischarging.pdf to ch6-rldischarging.pdf
INFO    : converting ch6-rldischarging.pdf to ch6-rldischarging.svg
INFO    : converting ch5-homogeneousrcexample1solution2.tex to ch5-homogeneousrcexample1solution2.pdf
INFO    : cropping ch5-homogeneousrcexample1solution2.pdf to cropped-ch5-homogeneousrcexample1solution2.pdf
INFO    : renaming cropped-ch5-homogeneousrcexample1solution2.pdf to ch5-homogeneousrcexample1solution2.pdf
INFO    : converting ch5-homogeneousrcexample1solution2.pdf to ch5-homogeneousrcexample1solution2.svg
INFO    : converting ch2-circuit25figans6.tex to ch2-circuit25figans6.pdf
INFO    : cropping ch2-circuit25figans6.pdf to cropped-ch2-circuit25figans6.pdf
INFO    : renaming cropped-ch2-circuit25figans6.pdf to ch2-circuit25figans6.pdf
INFO    : converting ch2-circuit25figans6.pdf to ch2-circuit25figans6.svg
INFO    : converting ch6-chargingrl-example5-solution2.tex to ch6-chargingrl-example5-solution2.pdf
INFO    : cropping ch6-chargingrl-example5-solution2.pdf to cropped-ch6-chargingrl-example5-solution2.pdf
INFO    : renaming cropped-ch6-chargingrl-example5-solution2.pdf to ch6-chargingrl-example5-solution2.pdf
INFO    : converting ch6-chargingrl-example5-solution2.pdf to ch6-chargingrl-example5-solution2.svg
INFO    : converting ch6-generalexample2fig13.tex to ch6-generalexample2fig13.pdf
INFO    : cropping ch6-generalexample2fig13.pdf to cropped-ch6-generalexample2fig13.pdf
INFO    : renaming cropped-ch6-generalexample2fig13.pdf to ch6-generalexample2fig13.pdf
INFO    : converting ch6-generalexample2fig13.pdf to ch6-generalexample2fig13.svg
INFO    : converting ch6-homogeneousrl-example5-solution3.tex to ch6-homogeneousrl-example5-solution3.pdf
INFO    : cropping ch6-homogeneousrl-example5-solution3.pdf to cropped-ch6-homogeneousrl-example5-solution3.pdf
INFO    : renaming cropped-ch6-homogeneousrl-example5-solution3.pdf to ch6-homogeneousrl-example5-solution3.pdf
INFO    : converting ch6-homogeneousrl-example5-solution3.pdf to ch6-homogeneousrl-example5-solution3.svg
INFO    : converting ch5-generaltransientresistorexample1.tex to ch5-generaltransientresistorexample1.pdf
INFO    : cropping ch5-generaltransientresistorexample1.pdf to cropped-ch5-generaltransientresistorexample1.pdf
INFO    : renaming cropped-ch5-generaltransientresistorexample1.pdf to ch5-generaltransientresistorexample1.pdf
INFO    : converting ch5-generaltransientresistorexample1.pdf to ch5-generaltransientresistorexample1.svg
INFO    : converting ch7-homogeneous-parallelrlc-example-fig3.tex to ch7-homogeneous-parallelrlc-example-fig3.pdf
INFO    : cropping ch7-homogeneous-parallelrlc-example-fig3.pdf to cropped-ch7-homogeneous-parallelrlc-example-fig3.pdf
INFO    : renaming cropped-ch7-homogeneous-parallelrlc-example-fig3.pdf to ch7-homogeneous-parallelrlc-example-fig3.pdf
INFO    : converting ch7-homogeneous-parallelrlc-example-fig3.pdf to ch7-homogeneous-parallelrlc-example-fig3.svg
INFO    : converting ch1-diracdeltafunctionexample.tex to ch1-diracdeltafunctionexample.pdf
INFO    : cropping ch1-diracdeltafunctionexample.pdf to cropped-ch1-diracdeltafunctionexample.pdf
INFO    : renaming cropped-ch1-diracdeltafunctionexample.pdf to ch1-diracdeltafunctionexample.pdf
INFO    : converting ch1-diracdeltafunctionexample.pdf to ch1-diracdeltafunctionexample.svg
INFO    : converting ch5-tantalumcapdiagram.tex to ch5-tantalumcapdiagram.pdf
INFO    : cropping ch5-tantalumcapdiagram.pdf to cropped-ch5-tantalumcapdiagram.pdf
INFO    : renaming cropped-ch5-tantalumcapdiagram.pdf to ch5-tantalumcapdiagram.pdf
INFO    : converting ch5-tantalumcapdiagram.pdf to ch5-tantalumcapdiagram.svg
INFO    : converting ch6-homogeneous-example2-solution4.tex to ch6-homogeneous-example2-solution4.pdf
INFO    : cropping ch6-homogeneous-example2-solution4.pdf to cropped-ch6-homogeneous-example2-solution4.pdf
INFO    : renaming cropped-ch6-homogeneous-example2-solution4.pdf to ch6-homogeneous-example2-solution4.pdf
INFO    : converting ch6-homogeneous-example2-solution4.pdf to ch6-homogeneous-example2-solution4.svg
INFO    : converting ch2-circuit214fig2.tex to ch2-circuit214fig2.pdf
INFO    : cropping ch2-circuit214fig2.pdf to cropped-ch2-circuit214fig2.pdf
INFO    : renaming cropped-ch2-circuit214fig2.pdf to ch2-circuit214fig2.pdf
INFO    : converting ch2-circuit214fig2.pdf to ch2-circuit214fig2.svg
INFO    : converting ch6-rl-charging-example1-diagram.tex to ch6-rl-charging-example1-diagram.pdf
INFO    : cropping ch6-rl-charging-example1-diagram.pdf to cropped-ch6-rl-charging-example1-diagram.pdf
INFO    : renaming cropped-ch6-rl-charging-example1-diagram.pdf to ch6-rl-charging-example1-diagram.pdf
INFO    : converting ch6-rl-charging-example1-diagram.pdf to ch6-rl-charging-example1-diagram.svg
INFO    : converting sources15exercise-2-1-2.tex to sources15exercise-2-1-2.pdf
INFO    : cropping sources15exercise-2-1-2.pdf to cropped-sources15exercise-2-1-2.pdf
INFO    : renaming cropped-sources15exercise-2-1-2.pdf to sources15exercise-2-1-2.pdf
INFO    : converting sources15exercise-2-1-2.pdf to sources15exercise-2-1-2.svg
INFO    : converting ch6-chargingfromzeroexample2fig5.tex to ch6-chargingfromzeroexample2fig5.pdf
INFO    : cropping ch6-chargingfromzeroexample2fig5.pdf to cropped-ch6-chargingfromzeroexample2fig5.pdf
INFO    : renaming cropped-ch6-chargingfromzeroexample2fig5.pdf to ch6-chargingfromzeroexample2fig5.pdf
INFO    : converting ch6-chargingfromzeroexample2fig5.pdf to ch6-chargingfromzeroexample2fig5.svg
INFO    : converting ch3-circuit33figans3.tex to ch3-circuit33figans3.pdf
INFO    : cropping ch3-circuit33figans3.pdf to cropped-ch3-circuit33figans3.pdf
INFO    : renaming cropped-ch3-circuit33figans3.pdf to ch3-circuit33figans3.pdf
INFO    : converting ch3-circuit33figans3.pdf to ch3-circuit33figans3.svg
INFO    : converting ch3-openCircuitVoltageCircuit.tex to ch3-openCircuitVoltageCircuit.pdf
INFO    : cropping ch3-openCircuitVoltageCircuit.pdf to cropped-ch3-openCircuitVoltageCircuit.pdf
INFO    : renaming cropped-ch3-openCircuitVoltageCircuit.pdf to ch3-openCircuitVoltageCircuit.pdf
INFO    : converting ch3-openCircuitVoltageCircuit.pdf to ch3-openCircuitVoltageCircuit.svg
INFO    : converting ch6-chargingrl-example1-solution3.tex to ch6-chargingrl-example1-solution3.pdf
INFO    : cropping ch6-chargingrl-example1-solution3.pdf to cropped-ch6-chargingrl-example1-solution3.pdf
INFO    : renaming cropped-ch6-chargingrl-example1-solution3.pdf to ch6-chargingrl-example1-solution3.pdf
INFO    : converting ch6-chargingrl-example1-solution3.pdf to ch6-chargingrl-example1-solution3.svg
INFO    : converting ch6-chargingrl-example1-solution2.tex to ch6-chargingrl-example1-solution2.pdf
INFO    : cropping ch6-chargingrl-example1-solution2.pdf to cropped-ch6-chargingrl-example1-solution2.pdf
INFO    : renaming cropped-ch6-chargingrl-example1-solution2.pdf to ch6-chargingrl-example1-solution2.pdf
INFO    : converting ch6-chargingrl-example1-solution2.pdf to ch6-chargingrl-example1-solution2.svg
INFO    : converting ch4-cascadedblockfigure.tex to ch4-cascadedblockfigure.pdf
INFO    : cropping ch4-cascadedblockfigure.pdf to cropped-ch4-cascadedblockfigure.pdf
INFO    : renaming cropped-ch4-cascadedblockfigure.pdf to ch4-cascadedblockfigure.pdf
INFO    : converting ch4-cascadedblockfigure.pdf to ch4-cascadedblockfigure.svg
INFO    : converting ch3-circuit33figans2.tex to ch3-circuit33figans2.pdf
INFO    : cropping ch3-circuit33figans2.pdf to cropped-ch3-circuit33figans2.pdf
INFO    : renaming cropped-ch3-circuit33figans2.pdf to ch3-circuit33figans2.pdf
INFO    : converting ch3-circuit33figans2.pdf to ch3-circuit33figans2.svg
INFO    : converting ch7-homogeneous-seriesrlc-example-fig6.tex to ch7-homogeneous-seriesrlc-example-fig6.pdf
INFO    : cropping ch7-homogeneous-seriesrlc-example-fig6.pdf to cropped-ch7-homogeneous-seriesrlc-example-fig6.pdf
INFO    : renaming cropped-ch7-homogeneous-seriesrlc-example-fig6.pdf to ch7-homogeneous-seriesrlc-example-fig6.pdf
INFO    : converting ch7-homogeneous-seriesrlc-example-fig6.pdf to ch7-homogeneous-seriesrlc-example-fig6.svg
INFO    : converting ch6-chargingfromzeroexample2fig4.tex to ch6-chargingfromzeroexample2fig4.pdf
INFO    : cropping ch6-chargingfromzeroexample2fig4.pdf to cropped-ch6-chargingfromzeroexample2fig4.pdf
INFO    : renaming cropped-ch6-chargingfromzeroexample2fig4.pdf to ch6-chargingfromzeroexample2fig4.pdf
INFO    : converting ch6-chargingfromzeroexample2fig4.pdf to ch6-chargingfromzeroexample2fig4.svg
INFO    : converting ch1-circuit13exercise.tex to ch1-circuit13exercise.pdf
INFO    : cropping ch1-circuit13exercise.pdf to cropped-ch1-circuit13exercise.pdf
INFO    : renaming cropped-ch1-circuit13exercise.pdf to ch1-circuit13exercise.pdf
INFO    : converting ch1-circuit13exercise.pdf to ch1-circuit13exercise.svg
INFO    : converting ch7-homogeneous-example5-figure4.tex to ch7-homogeneous-example5-figure4.pdf
INFO    : cropping ch7-homogeneous-example5-figure4.pdf to cropped-ch7-homogeneous-example5-figure4.pdf
INFO    : renaming cropped-ch7-homogeneous-example5-figure4.pdf to ch7-homogeneous-example5-figure4.pdf
INFO    : converting ch7-homogeneous-example5-figure4.pdf to ch7-homogeneous-example5-figure4.svg
INFO    : converting ch2-highlowcurrent.tex to ch2-highlowcurrent.pdf
INFO    : cropping ch2-highlowcurrent.pdf to cropped-ch2-highlowcurrent.pdf
INFO    : renaming cropped-ch2-highlowcurrent.pdf to ch2-highlowcurrent.pdf
INFO    : converting ch2-highlowcurrent.pdf to ch2-highlowcurrent.svg
INFO    : converting ch2-circuit219fig.tex to ch2-circuit219fig.pdf
INFO    : cropping ch2-circuit219fig.pdf to cropped-ch2-circuit219fig.pdf
INFO    : renaming cropped-ch2-circuit219fig.pdf to ch2-circuit219fig.pdf
INFO    : converting ch2-circuit219fig.pdf to ch2-circuit219fig.svg
INFO    : converting ch7-homogeneous-parallelrlc-example-fig2.tex to ch7-homogeneous-parallelrlc-example-fig2.pdf
INFO    : cropping ch7-homogeneous-parallelrlc-example-fig2.pdf to cropped-ch7-homogeneous-parallelrlc-example-fig2.pdf
INFO    : renaming cropped-ch7-homogeneous-parallelrlc-example-fig2.pdf to ch7-homogeneous-parallelrlc-example-fig2.pdf
INFO    : converting ch7-homogeneous-parallelrlc-example-fig2.pdf to ch7-homogeneous-parallelrlc-example-fig2.svg
INFO    : converting ch1-voltage-sources-that-cannot-be-combined-possibility2.tex to ch1-voltage-sources-that-cannot-be-combined-possibility2.pdf
INFO    : cropping ch1-voltage-sources-that-cannot-be-combined-possibility2.pdf to cropped-ch1-voltage-sources-that-cannot-be-combined-possibility2.pdf
INFO    : renaming cropped-ch1-voltage-sources-that-cannot-be-combined-possibility2.pdf to ch1-voltage-sources-that-cannot-be-combined-possibility2.pdf
INFO    : converting ch1-voltage-sources-that-cannot-be-combined-possibility2.pdf to ch1-voltage-sources-that-cannot-be-combined-possibility2.svg
INFO    : converting ch6-homogeneousrl-example5-solution2.tex to ch6-homogeneousrl-example5-solution2.pdf
INFO    : cropping ch6-homogeneousrl-example5-solution2.pdf to cropped-ch6-homogeneousrl-example5-solution2.pdf
INFO    : renaming cropped-ch6-homogeneousrl-example5-solution2.pdf to ch6-homogeneousrl-example5-solution2.pdf
INFO    : converting ch6-homogeneousrl-example5-solution2.pdf to ch6-homogeneousrl-example5-solution2.svg
INFO    : converting ch6-generalexample2fig12.tex to ch6-generalexample2fig12.pdf
INFO    : cropping ch6-generalexample2fig12.pdf to cropped-ch6-generalexample2fig12.pdf
INFO    : renaming cropped-ch6-generalexample2fig12.pdf to ch6-generalexample2fig12.pdf
INFO    : converting ch6-generalexample2fig12.pdf to ch6-generalexample2fig12.svg
INFO    : converting ch6-chargingrl-example5-solution3.tex to ch6-chargingrl-example5-solution3.pdf
INFO    : cropping ch6-chargingrl-example5-solution3.pdf to cropped-ch6-chargingrl-example5-solution3.pdf
INFO    : renaming cropped-ch6-chargingrl-example5-solution3.pdf to ch6-chargingrl-example5-solution3.pdf
INFO    : converting ch6-chargingrl-example5-solution3.pdf to ch6-chargingrl-example5-solution3.svg
INFO    : converting ch6-generalrl-example1-solution8.tex to ch6-generalrl-example1-solution8.pdf
INFO    : cropping ch6-generalrl-example1-solution8.pdf to cropped-ch6-generalrl-example1-solution8.pdf
INFO    : renaming cropped-ch6-generalrl-example1-solution8.pdf to ch6-generalrl-example1-solution8.pdf
INFO    : converting ch6-generalrl-example1-solution8.pdf to ch6-generalrl-example1-solution8.svg
INFO    : converting ch5-homogeneousrcexample1solution3.tex to ch5-homogeneousrcexample1solution3.pdf
INFO    : cropping ch5-homogeneousrcexample1solution3.pdf to cropped-ch5-homogeneousrcexample1solution3.pdf
INFO    : renaming cropped-ch5-homogeneousrcexample1solution3.pdf to ch5-homogeneousrcexample1solution3.pdf
INFO    : converting ch5-homogeneousrcexample1solution3.pdf to ch5-homogeneousrcexample1solution3.svg
INFO    : converting ch3-maxPowerFigure3.tex to ch3-maxPowerFigure3.pdf
INFO    : cropping ch3-maxPowerFigure3.pdf to cropped-ch3-maxPowerFigure3.pdf
INFO    : renaming cropped-ch3-maxPowerFigure3.pdf to ch3-maxPowerFigure3.pdf
INFO    : converting ch3-maxPowerFigure3.pdf to ch3-maxPowerFigure3.svg
INFO    : converting ch5generalrcexample1solution7.tex to ch5generalrcexample1solution7.pdf
INFO    : cropping ch5generalrcexample1solution7.pdf to cropped-ch5generalrcexample1solution7.pdf
INFO    : renaming cropped-ch5generalrcexample1solution7.pdf to ch5generalrcexample1solution7.pdf
INFO    : converting ch5generalrcexample1solution7.pdf to ch5generalrcexample1solution7.svg
INFO    : converting ch7-homogeneous-general-symbolic-example-fig3.tex to ch7-homogeneous-general-symbolic-example-fig3.pdf
INFO    : cropping ch7-homogeneous-general-symbolic-example-fig3.pdf to cropped-ch7-homogeneous-general-symbolic-example-fig3.pdf
INFO    : renaming cropped-ch7-homogeneous-general-symbolic-example-fig3.pdf to ch7-homogeneous-general-symbolic-example-fig3.pdf
INFO    : converting ch7-homogeneous-general-symbolic-example-fig3.pdf to ch7-homogeneous-general-symbolic-example-fig3.svg
INFO    : converting ch5-measuringinductance.tex to ch5-measuringinductance.pdf
INFO    : cropping ch5-measuringinductance.pdf to cropped-ch5-measuringinductance.pdf
INFO    : renaming cropped-ch5-measuringinductance.pdf to ch5-measuringinductance.pdf
INFO    : converting ch5-measuringinductance.pdf to ch5-measuringinductance.svg
INFO    : converting ch2-currentdividerexmeshesfig1.tex to ch2-currentdividerexmeshesfig1.pdf
INFO    : cropping ch2-currentdividerexmeshesfig1.pdf to cropped-ch2-currentdividerexmeshesfig1.pdf
INFO    : renaming cropped-ch2-currentdividerexmeshesfig1.pdf to ch2-currentdividerexmeshesfig1.pdf
INFO    : converting ch2-currentdividerexmeshesfig1.pdf to ch2-currentdividerexmeshesfig1.svg
INFO    : converting ch6-equivalentinductance-example4-solution5.tex to ch6-equivalentinductance-example4-solution5.pdf
INFO    : cropping ch6-equivalentinductance-example4-solution5.pdf to cropped-ch6-equivalentinductance-example4-solution5.pdf
INFO    : renaming cropped-ch6-equivalentinductance-example4-solution5.pdf to ch6-equivalentinductance-example4-solution5.pdf
INFO    : converting ch6-equivalentinductance-example4-solution5.pdf to ch6-equivalentinductance-example4-solution5.svg
INFO    : converting ch7-series-parallel-example3-figure2.tex to ch7-series-parallel-example3-figure2.pdf
INFO    : cropping ch7-series-parallel-example3-figure2.pdf to cropped-ch7-series-parallel-example3-figure2.pdf
INFO    : renaming cropped-ch7-series-parallel-example3-figure2.pdf to ch7-series-parallel-example3-figure2.pdf
INFO    : converting ch7-series-parallel-example3-figure2.pdf to ch7-series-parallel-example3-figure2.svg
INFO    : converting ch5-equivalentcapexample1solution6.tex to ch5-equivalentcapexample1solution6.pdf
INFO    : cropping ch5-equivalentcapexample1solution6.pdf to cropped-ch5-equivalentcapexample1solution6.pdf
INFO    : renaming cropped-ch5-equivalentcapexample1solution6.pdf to ch5-equivalentcapexample1solution6.pdf
INFO    : converting ch5-equivalentcapexample1solution6.pdf to ch5-equivalentcapexample1solution6.svg
INFO    : converting ch6-generalexample1fig7.tex to ch6-generalexample1fig7.pdf
INFO    : cropping ch6-generalexample1fig7.pdf to cropped-ch6-generalexample1fig7.pdf
INFO    : renaming cropped-ch6-generalexample1fig7.pdf to ch6-generalexample1fig7.pdf
INFO    : converting ch6-generalexample1fig7.pdf to ch6-generalexample1fig7.svg
INFO    : converting ch5-equivalentcapexample1solution4.tex to ch5-equivalentcapexample1solution4.pdf
INFO    : cropping ch5-equivalentcapexample1solution4.pdf to cropped-ch5-equivalentcapexample1solution4.pdf
INFO    : renaming cropped-ch5-equivalentcapexample1solution4.pdf to ch5-equivalentcapexample1solution4.pdf
INFO    : converting ch5-equivalentcapexample1solution4.pdf to ch5-equivalentcapexample1solution4.svg
INFO    : converting ch6-generalexample1fig5.tex to ch6-generalexample1fig5.pdf
INFO    : cropping ch6-generalexample1fig5.pdf to cropped-ch6-generalexample1fig5.pdf
INFO    : renaming cropped-ch6-generalexample1fig5.pdf to ch6-generalexample1fig5.pdf
INFO    : converting ch6-generalexample1fig5.pdf to ch6-generalexample1fig5.svg
INFO    : converting elementarysignals117exercise-4-9-2.tex to elementarysignals117exercise-4-9-2.pdf
INFO    : cropping elementarysignals117exercise-4-9-2.pdf to cropped-elementarysignals117exercise-4-9-2.pdf
INFO    : renaming cropped-elementarysignals117exercise-4-9-2.pdf to elementarysignals117exercise-4-9-2.pdf
INFO    : converting elementarysignals117exercise-4-9-2.pdf to elementarysignals117exercise-4-9-2.svg
INFO    : converting ch2-resistorparallel.tex to ch2-resistorparallel.pdf
INFO    : cropping ch2-resistorparallel.pdf to cropped-ch2-resistorparallel.pdf
INFO    : renaming cropped-ch2-resistorparallel.pdf to ch2-resistorparallel.pdf
INFO    : converting ch2-resistorparallel.pdf to ch2-resistorparallel.svg
INFO    : converting elementarysignals120exercise-2-1-2.tex to elementarysignals120exercise-2-1-2.pdf
INFO    : cropping elementarysignals120exercise-2-1-2.pdf to cropped-elementarysignals120exercise-2-1-2.pdf
INFO    : renaming cropped-elementarysignals120exercise-2-1-2.pdf to elementarysignals120exercise-2-1-2.pdf
INFO    : converting elementarysignals120exercise-2-1-2.pdf to elementarysignals120exercise-2-1-2.svg
INFO    : converting ch6-equivalentinductance-example4-solution7.tex to ch6-equivalentinductance-example4-solution7.pdf
INFO    : cropping ch6-equivalentinductance-example4-solution7.pdf to cropped-ch6-equivalentinductance-example4-solution7.pdf
INFO    : renaming cropped-ch6-equivalentinductance-example4-solution7.pdf to ch6-equivalentinductance-example4-solution7.pdf
INFO    : converting ch6-equivalentinductance-example4-solution7.pdf to ch6-equivalentinductance-example4-solution7.svg
INFO    : converting ch2-circuit220figans1.tex to ch2-circuit220figans1.pdf
INFO    : cropping ch2-circuit220figans1.pdf to cropped-ch2-circuit220figans1.pdf
INFO    : renaming cropped-ch2-circuit220figans1.pdf to ch2-circuit220figans1.pdf
INFO    : converting ch2-circuit220figans1.pdf to ch2-circuit220figans1.svg
INFO    : converting ch7-seriesrlc-diagram.tex to ch7-seriesrlc-diagram.pdf
INFO    : cropping ch7-seriesrlc-diagram.pdf to cropped-ch7-seriesrlc-diagram.pdf
INFO    : renaming cropped-ch7-seriesrlc-diagram.pdf to ch7-seriesrlc-diagram.pdf
INFO    : converting ch7-seriesrlc-diagram.pdf to ch7-seriesrlc-diagram.svg
INFO    : converting ch5-actualchargingrcexample4solution2.tex to ch5-actualchargingrcexample4solution2.pdf
INFO    : cropping ch5-actualchargingrcexample4solution2.pdf to cropped-ch5-actualchargingrcexample4solution2.pdf
INFO    : renaming cropped-ch5-actualchargingrcexample4solution2.pdf to ch5-actualchargingrcexample4solution2.pdf
INFO    : converting ch5-actualchargingrcexample4solution2.pdf to ch5-actualchargingrcexample4solution2.svg
INFO    : converting ch7-homogeneous-general-symbolic-example-fig1.tex to ch7-homogeneous-general-symbolic-example-fig1.pdf
INFO    : cropping ch7-homogeneous-general-symbolic-example-fig1.pdf to cropped-ch7-homogeneous-general-symbolic-example-fig1.pdf
INFO    : renaming cropped-ch7-homogeneous-general-symbolic-example-fig1.pdf to ch7-homogeneous-general-symbolic-example-fig1.pdf
INFO    : converting ch7-homogeneous-general-symbolic-example-fig1.pdf to ch7-homogeneous-general-symbolic-example-fig1.svg
INFO    : converting ch5generalrcexample1solution5.tex to ch5generalrcexample1solution5.pdf
INFO    : cropping ch5generalrcexample1solution5.pdf to cropped-ch5generalrcexample1solution5.pdf
INFO    : renaming cropped-ch5generalrcexample1solution5.pdf to ch5generalrcexample1solution5.pdf
INFO    : converting ch5generalrcexample1solution5.pdf to ch5generalrcexample1solution5.svg
INFO    : converting ch2-resistancefromviex1.tex to ch2-resistancefromviex1.pdf
INFO    : cropping ch2-resistancefromviex1.pdf to cropped-ch2-resistancefromviex1.pdf
INFO    : renaming cropped-ch2-resistancefromviex1.pdf to ch2-resistancefromviex1.pdf
INFO    : converting ch2-resistancefromviex1.pdf to ch2-resistancefromviex1.svg
INFO    : converting ch3-maxPowerFigure1.tex to ch3-maxPowerFigure1.pdf
INFO    : cropping ch3-maxPowerFigure1.pdf to cropped-ch3-maxPowerFigure1.pdf
INFO    : renaming cropped-ch3-maxPowerFigure1.pdf to ch3-maxPowerFigure1.pdf
INFO    : converting ch3-maxPowerFigure1.pdf to ch3-maxPowerFigure1.svg
INFO    : converting ch2-circuit25figans5.tex to ch2-circuit25figans5.pdf
INFO    : cropping ch2-circuit25figans5.pdf to cropped-ch2-circuit25figans5.pdf
INFO    : renaming cropped-ch2-circuit25figans5.pdf to ch2-circuit25figans5.pdf
INFO    : converting ch2-circuit25figans5.pdf to ch2-circuit25figans5.svg
INFO    : converting ch5-homogeneousrcexample1solution1.tex to ch5-homogeneousrcexample1solution1.pdf
INFO    : cropping ch5-homogeneousrcexample1solution1.pdf to cropped-ch5-homogeneousrcexample1solution1.pdf
INFO    : renaming cropped-ch5-homogeneousrcexample1solution1.pdf to ch5-homogeneousrcexample1solution1.pdf
INFO    : converting ch5-homogeneousrcexample1solution1.pdf to ch5-homogeneousrcexample1solution1.svg
INFO    : converting ch6-generalexample2fig10.tex to ch6-generalexample2fig10.pdf
INFO    : cropping ch6-generalexample2fig10.pdf to cropped-ch6-generalexample2fig10.pdf
INFO    : renaming cropped-ch6-generalexample2fig10.pdf to ch6-generalexample2fig10.pdf
INFO    : converting ch6-generalexample2fig10.pdf to ch6-generalexample2fig10.svg
INFO    : converting ch6-chargingrl-example5-solution1.tex to ch6-chargingrl-example5-solution1.pdf
INFO    : cropping ch6-chargingrl-example5-solution1.pdf to cropped-ch6-chargingrl-example5-solution1.pdf
INFO    : renaming cropped-ch6-chargingrl-example5-solution1.pdf to ch6-chargingrl-example5-solution1.pdf
INFO    : converting ch6-chargingrl-example5-solution1.pdf to ch6-chargingrl-example5-solution1.svg
INFO    : converting ch5-generaltransientresistorexample2.tex to ch5-generaltransientresistorexample2.pdf
INFO    : cropping ch5-generaltransientresistorexample2.pdf to cropped-ch5-generaltransientresistorexample2.pdf
INFO    : renaming cropped-ch5-generaltransientresistorexample2.pdf to ch5-generaltransientresistorexample2.pdf
INFO    : converting ch5-generaltransientresistorexample2.pdf to ch5-generaltransientresistorexample2.svg
INFO    : converting ch6-dischargingrlexamplefig4.tex to ch6-dischargingrlexamplefig4.pdf
INFO    : cropping ch6-dischargingrlexamplefig4.pdf to cropped-ch6-dischargingrlexamplefig4.pdf
INFO    : renaming cropped-ch6-dischargingrlexamplefig4.pdf to ch6-dischargingrlexamplefig4.pdf
INFO    : converting ch6-dischargingrlexamplefig4.pdf to ch6-dischargingrlexamplefig4.svg
INFO    : converting ch2-circuit214fig1.tex to ch2-circuit214fig1.pdf
INFO    : cropping ch2-circuit214fig1.pdf to cropped-ch2-circuit214fig1.pdf
INFO    : renaming cropped-ch2-circuit214fig1.pdf to ch2-circuit214fig1.pdf
INFO    : converting ch2-circuit214fig1.pdf to ch2-circuit214fig1.svg
INFO    : converting ch7-series-rlc-example1-diagram.tex to ch7-series-rlc-example1-diagram.pdf
INFO    : cropping ch7-series-rlc-example1-diagram.pdf to cropped-ch7-series-rlc-example1-diagram.pdf
INFO    : renaming cropped-ch7-series-rlc-example1-diagram.pdf to ch7-series-rlc-example1-diagram.pdf
INFO    : converting ch7-series-rlc-example1-diagram.pdf to ch7-series-rlc-example1-diagram.svg
INFO    : converting ch4-summingampfigure.tex to ch4-summingampfigure.pdf
INFO    : cropping ch4-summingampfigure.pdf to cropped-ch4-summingampfigure.pdf
INFO    : renaming cropped-ch4-summingampfigure.pdf to ch4-summingampfigure.pdf
INFO    : converting ch4-summingampfigure.pdf to ch4-summingampfigure.svg
INFO    : converting ch2-voltagecalcex1.tex to ch2-voltagecalcex1.pdf
INFO    : cropping ch2-voltagecalcex1.pdf to cropped-ch2-voltagecalcex1.pdf
INFO    : renaming cropped-ch2-voltagecalcex1.pdf to ch2-voltagecalcex1.pdf
INFO    : converting ch2-voltagecalcex1.pdf to ch2-voltagecalcex1.svg
INFO    : converting ch2-eqresistancecktae.tex to ch2-eqresistancecktae.pdf
INFO    : cropping ch2-eqresistancecktae.pdf to cropped-ch2-eqresistancecktae.pdf
INFO    : renaming cropped-ch2-eqresistancecktae.pdf to ch2-eqresistancecktae.pdf
INFO    : converting ch2-eqresistancecktae.pdf to ch2-eqresistancecktae.svg
INFO    : converting ch7-homogeneous-seriesrlc-example-fig4.tex to ch7-homogeneous-seriesrlc-example-fig4.pdf
INFO    : cropping ch7-homogeneous-seriesrlc-example-fig4.pdf to cropped-ch7-homogeneous-seriesrlc-example-fig4.pdf
INFO    : renaming cropped-ch7-homogeneous-seriesrlc-example-fig4.pdf to ch7-homogeneous-seriesrlc-example-fig4.pdf
INFO    : converting ch7-homogeneous-seriesrlc-example-fig4.pdf to ch7-homogeneous-seriesrlc-example-fig4.svg
INFO    : converting ch3-circuit33figans1.tex to ch3-circuit33figans1.pdf
INFO    : cropping ch3-circuit33figans1.pdf to cropped-ch3-circuit33figans1.pdf
INFO    : renaming cropped-ch3-circuit33figans1.pdf to ch3-circuit33figans1.pdf
INFO    : converting ch3-circuit33figans1.pdf to ch3-circuit33figans1.svg
INFO    : converting ch2-meshvsbranchfig.tex to ch2-meshvsbranchfig.pdf
INFO    : cropping ch2-meshvsbranchfig.pdf to cropped-ch2-meshvsbranchfig.pdf
INFO    : renaming cropped-ch2-meshvsbranchfig.pdf to ch2-meshvsbranchfig.pdf
INFO    : converting ch2-meshvsbranchfig.pdf to ch2-meshvsbranchfig.svg
INFO    : converting ch7-homogeneous-second-example3-diagram.tex to ch7-homogeneous-second-example3-diagram.pdf
INFO    : cropping ch7-homogeneous-second-example3-diagram.pdf to cropped-ch7-homogeneous-second-example3-diagram.pdf
INFO    : renaming cropped-ch7-homogeneous-second-example3-diagram.pdf to ch7-homogeneous-second-example3-diagram.pdf
INFO    : converting ch7-homogeneous-second-example3-diagram.pdf to ch7-homogeneous-second-example3-diagram.svg
INFO    : converting ch7-homogeneous-seriesrlc-example-fig5.tex to ch7-homogeneous-seriesrlc-example-fig5.pdf
INFO    : cropping ch7-homogeneous-seriesrlc-example-fig5.pdf to cropped-ch7-homogeneous-seriesrlc-example-fig5.pdf
INFO    : renaming cropped-ch7-homogeneous-seriesrlc-example-fig5.pdf to ch7-homogeneous-seriesrlc-example-fig5.pdf
INFO    : converting ch7-homogeneous-seriesrlc-example-fig5.pdf to ch7-homogeneous-seriesrlc-example-fig5.svg
INFO    : converting ch6-chargingrl-example1-solution1.tex to ch6-chargingrl-example1-solution1.pdf
INFO    : cropping ch6-chargingrl-example1-solution1.pdf to cropped-ch6-chargingrl-example1-solution1.pdf
INFO    : renaming cropped-ch6-chargingrl-example1-solution1.pdf to ch6-chargingrl-example1-solution1.pdf
INFO    : converting ch6-chargingrl-example1-solution1.pdf to ch6-chargingrl-example1-solution1.svg
INFO    : converting ch1-voltmeter.tex to ch1-voltmeter.pdf
INFO    : cropping ch1-voltmeter.pdf to cropped-ch1-voltmeter.pdf
INFO    : renaming cropped-ch1-voltmeter.pdf to ch1-voltmeter.pdf
INFO    : converting ch1-voltmeter.pdf to ch1-voltmeter.svg
INFO    : converting ch6-dischargingrlexamplefig5.tex to ch6-dischargingrlexamplefig5.pdf
INFO    : cropping ch6-dischargingrlexamplefig5.pdf to cropped-ch6-dischargingrlexamplefig5.pdf
INFO    : renaming cropped-ch6-dischargingrlexamplefig5.pdf to ch6-dischargingrlexamplefig5.pdf
INFO    : converting ch6-dischargingrlexamplefig5.pdf to ch6-dischargingrlexamplefig5.svg
INFO    : converting ch1-voltage-sources-that-cannot-be-combined-possibility1.tex to ch1-voltage-sources-that-cannot-be-combined-possibility1.pdf
INFO    : cropping ch1-voltage-sources-that-cannot-be-combined-possibility1.pdf to cropped-ch1-voltage-sources-that-cannot-be-combined-possibility1.pdf
INFO    : renaming cropped-ch1-voltage-sources-that-cannot-be-combined-possibility1.pdf to ch1-voltage-sources-that-cannot-be-combined-possibility1.pdf
INFO    : converting ch1-voltage-sources-that-cannot-be-combined-possibility1.pdf to ch1-voltage-sources-that-cannot-be-combined-possibility1.svg
INFO    : converting ch5-polarizedcapsymbol.tex to ch5-polarizedcapsymbol.pdf
INFO    : cropping ch5-polarizedcapsymbol.pdf to cropped-ch5-polarizedcapsymbol.pdf
INFO    : renaming cropped-ch5-polarizedcapsymbol.pdf to ch5-polarizedcapsymbol.pdf
INFO    : converting ch5-polarizedcapsymbol.pdf to ch5-polarizedcapsymbol.svg
INFO    : converting ch7-homogeneous-parallelrlc-example-fig1.tex to ch7-homogeneous-parallelrlc-example-fig1.pdf
INFO    : cropping ch7-homogeneous-parallelrlc-example-fig1.pdf to cropped-ch7-homogeneous-parallelrlc-example-fig1.pdf
INFO    : renaming cropped-ch7-homogeneous-parallelrlc-example-fig1.pdf to ch7-homogeneous-parallelrlc-example-fig1.pdf
INFO    : converting ch7-homogeneous-parallelrlc-example-fig1.pdf to ch7-homogeneous-parallelrlc-example-fig1.svg
INFO    : converting ch7-non-homogeneous-parallelrlc-diagram-t0plus.tex to ch7-non-homogeneous-parallelrlc-diagram-t0plus.pdf
INFO    : cropping ch7-non-homogeneous-parallelrlc-diagram-t0plus.pdf to cropped-ch7-non-homogeneous-parallelrlc-diagram-t0plus.pdf
INFO    : renaming cropped-ch7-non-homogeneous-parallelrlc-diagram-t0plus.pdf to ch7-non-homogeneous-parallelrlc-diagram-t0plus.pdf
INFO    : converting ch7-non-homogeneous-parallelrlc-diagram-t0plus.pdf to ch7-non-homogeneous-parallelrlc-diagram-t0plus.svg
INFO    : converting ch5-generaltransientresistorexample3.tex to ch5-generaltransientresistorexample3.pdf
INFO    : cropping ch5-generaltransientresistorexample3.pdf to cropped-ch5-generaltransientresistorexample3.pdf
INFO    : renaming cropped-ch5-generaltransientresistorexample3.pdf to ch5-generaltransientresistorexample3.pdf
INFO    : converting ch5-generaltransientresistorexample3.pdf to ch5-generaltransientresistorexample3.svg
INFO    : converting ch6-homogeneousrl-example5-solution1.tex to ch6-homogeneousrl-example5-solution1.pdf
INFO    : cropping ch6-homogeneousrl-example5-solution1.pdf to cropped-ch6-homogeneousrl-example5-solution1.pdf
INFO    : renaming cropped-ch6-homogeneousrl-example5-solution1.pdf to ch6-homogeneousrl-example5-solution1.pdf
INFO    : converting ch6-homogeneousrl-example5-solution1.pdf to ch6-homogeneousrl-example5-solution1.svg
INFO    : converting ch4-dividedfeedbackfig.tex to ch4-dividedfeedbackfig.pdf
INFO    : cropping ch4-dividedfeedbackfig.pdf to cropped-ch4-dividedfeedbackfig.pdf
INFO    : renaming cropped-ch4-dividedfeedbackfig.pdf to ch4-dividedfeedbackfig.pdf
INFO    : converting ch4-dividedfeedbackfig.pdf to ch4-dividedfeedbackfig.svg
INFO    : converting ch2-powercalcex1.tex to ch2-powercalcex1.pdf
INFO    : cropping ch2-powercalcex1.pdf to cropped-ch2-powercalcex1.pdf
INFO    : renaming cropped-ch2-powercalcex1.pdf to ch2-powercalcex1.pdf
INFO    : converting ch2-powercalcex1.pdf to ch2-powercalcex1.svg
INFO    : converting ch7-non-homogeneous-seriesrlc-diagram-t0plus.tex to ch7-non-homogeneous-seriesrlc-diagram-t0plus.pdf
INFO    : cropping ch7-non-homogeneous-seriesrlc-diagram-t0plus.pdf to cropped-ch7-non-homogeneous-seriesrlc-diagram-t0plus.pdf
INFO    : renaming cropped-ch7-non-homogeneous-seriesrlc-diagram-t0plus.pdf to ch7-non-homogeneous-seriesrlc-diagram-t0plus.pdf
INFO    : converting ch7-non-homogeneous-seriesrlc-diagram-t0plus.pdf to ch7-non-homogeneous-seriesrlc-diagram-t0plus.svg
INFO    : converting ch6-generalexample2fig11.tex to ch6-generalexample2fig11.pdf
INFO    : cropping ch6-generalexample2fig11.pdf to cropped-ch6-generalexample2fig11.pdf
INFO    : renaming cropped-ch6-generalexample2fig11.pdf to ch6-generalexample2fig11.pdf
INFO    : converting ch6-generalexample2fig11.pdf to ch6-generalexample2fig11.svg
INFO    : converting ch2-circuit25figans4.tex to ch2-circuit25figans4.pdf
INFO    : cropping ch2-circuit25figans4.pdf to cropped-ch2-circuit25figans4.pdf
INFO    : renaming cropped-ch2-circuit25figans4.pdf to ch2-circuit25figans4.pdf
INFO    : converting ch2-circuit25figans4.pdf to ch2-circuit25figans4.svg
INFO    : converting ch1-rampfunctionexamplegraph.tex to ch1-rampfunctionexamplegraph.pdf
INFO    : cropping ch1-rampfunctionexamplegraph.pdf to cropped-ch1-rampfunctionexamplegraph.pdf
INFO    : renaming cropped-ch1-rampfunctionexamplegraph.pdf to ch1-rampfunctionexamplegraph.pdf
INFO    : converting ch1-rampfunctionexamplegraph.pdf to ch1-rampfunctionexamplegraph.svg
INFO    : converting ch4-comparatorgraphfig.tex to ch4-comparatorgraphfig.pdf
INFO    : cropping ch4-comparatorgraphfig.pdf to cropped-ch4-comparatorgraphfig.pdf
INFO    : renaming cropped-ch4-comparatorgraphfig.pdf to ch4-comparatorgraphfig.pdf
INFO    : converting ch4-comparatorgraphfig.pdf to ch4-comparatorgraphfig.svg
INFO    : converting ch3-shortCircuitCurrentFigure.tex to ch3-shortCircuitCurrentFigure.pdf
INFO    : cropping ch3-shortCircuitCurrentFigure.pdf to cropped-ch3-shortCircuitCurrentFigure.pdf
INFO    : renaming cropped-ch3-shortCircuitCurrentFigure.pdf to ch3-shortCircuitCurrentFigure.pdf
INFO    : converting ch3-shortCircuitCurrentFigure.pdf to ch3-shortCircuitCurrentFigure.svg
INFO    : converting ch5generalrcexample1solution4.tex to ch5generalrcexample1solution4.pdf
INFO    : cropping ch5generalrcexample1solution4.pdf to cropped-ch5generalrcexample1solution4.pdf
INFO    : renaming cropped-ch5generalrcexample1solution4.pdf to ch5generalrcexample1solution4.pdf
INFO    : converting ch5generalrcexample1solution4.pdf to ch5generalrcexample1solution4.svg
INFO    : converting ch2-circuit28fig.tex to ch2-circuit28fig.pdf
INFO    : cropping ch2-circuit28fig.pdf to cropped-ch2-circuit28fig.pdf
INFO    : renaming cropped-ch2-circuit28fig.pdf to ch2-circuit28fig.pdf
INFO    : converting ch2-circuit28fig.pdf to ch2-circuit28fig.svg
INFO    : converting ch5-actualchargingrcexample4solution3.tex to ch5-actualchargingrcexample4solution3.pdf
INFO    : cropping ch5-actualchargingrcexample4solution3.pdf to cropped-ch5-actualchargingrcexample4solution3.pdf
INFO    : renaming cropped-ch5-actualchargingrcexample4solution3.pdf to ch5-actualchargingrcexample4solution3.pdf
INFO    : converting ch5-actualchargingrcexample4solution3.pdf to ch5-actualchargingrcexample4solution3.svg
INFO    : converting ch6-equivalentinductance-example4-solution6.tex to ch6-equivalentinductance-example4-solution6.pdf
INFO    : cropping ch6-equivalentinductance-example4-solution6.pdf to cropped-ch6-equivalentinductance-example4-solution6.pdf
INFO    : renaming cropped-ch6-equivalentinductance-example4-solution6.pdf to ch6-equivalentinductance-example4-solution6.pdf
INFO    : converting ch6-equivalentinductance-example4-solution6.pdf to ch6-equivalentinductance-example4-solution6.svg
INFO    : converting ch7-series-parallel-example3-figure1.tex to ch7-series-parallel-example3-figure1.pdf
INFO    : cropping ch7-series-parallel-example3-figure1.pdf to cropped-ch7-series-parallel-example3-figure1.pdf
INFO    : renaming cropped-ch7-series-parallel-example3-figure1.pdf to ch7-series-parallel-example3-figure1.pdf
INFO    : converting ch7-series-parallel-example3-figure1.pdf to ch7-series-parallel-example3-figure1.svg
INFO    : converting ch2-currentdividerexmeshesfig2.tex to ch2-currentdividerexmeshesfig2.pdf
INFO    : cropping ch2-currentdividerexmeshesfig2.pdf to cropped-ch2-currentdividerexmeshesfig2.pdf
INFO    : renaming cropped-ch2-currentdividerexmeshesfig2.pdf to ch2-currentdividerexmeshesfig2.pdf
INFO    : converting ch2-currentdividerexmeshesfig2.pdf to ch2-currentdividerexmeshesfig2.svg
INFO    : converting ch5-ch5-discontinuouscurrent.tex to ch5-ch5-discontinuouscurrent.pdf
INFO    : cropping ch5-ch5-discontinuouscurrent.pdf to cropped-ch5-ch5-discontinuouscurrent.pdf
INFO    : renaming cropped-ch5-ch5-discontinuouscurrent.pdf to ch5-ch5-discontinuouscurrent.pdf
INFO    : converting ch5-ch5-discontinuouscurrent.pdf to ch5-ch5-discontinuouscurrent.svg
INFO    : converting ch6-equivalentinductance-example5-solution8.tex to ch6-equivalentinductance-example5-solution8.pdf
INFO    : cropping ch6-equivalentinductance-example5-solution8.pdf to cropped-ch6-equivalentinductance-example5-solution8.pdf
INFO    : renaming cropped-ch6-equivalentinductance-example5-solution8.pdf to ch6-equivalentinductance-example5-solution8.pdf
INFO    : converting ch6-equivalentinductance-example5-solution8.pdf to ch6-equivalentinductance-example5-solution8.svg
INFO    : converting ch6-generalexample1fig4.tex to ch6-generalexample1fig4.pdf
INFO    : cropping ch6-generalexample1fig4.pdf to cropped-ch6-generalexample1fig4.pdf
INFO    : renaming cropped-ch6-generalexample1fig4.pdf to ch6-generalexample1fig4.pdf
INFO    : converting ch6-generalexample1fig4.pdf to ch6-generalexample1fig4.svg
INFO    : converting ch5-equivalentcapexample1solution5.tex to ch5-equivalentcapexample1solution5.pdf
INFO    : cropping ch5-equivalentcapexample1solution5.pdf to cropped-ch5-equivalentcapexample1solution5.pdf
INFO    : renaming cropped-ch5-equivalentcapexample1solution5.pdf to ch5-equivalentcapexample1solution5.pdf
INFO    : converting ch5-equivalentcapexample1solution5.pdf to ch5-equivalentcapexample1solution5.svg
INFO    : converting ch1-circuit113exercise.tex to ch1-circuit113exercise.pdf
INFO    : cropping ch1-circuit113exercise.pdf to cropped-ch1-circuit113exercise.pdf
INFO    : renaming cropped-ch1-circuit113exercise.pdf to ch1-circuit113exercise.pdf
INFO    : converting ch1-circuit113exercise.pdf to ch1-circuit113exercise.svg
INFO    : converting ch3-theveninExample4.tex to ch3-theveninExample4.pdf
INFO    : cropping ch3-theveninExample4.pdf to cropped-ch3-theveninExample4.pdf
INFO    : renaming cropped-ch3-theveninExample4.pdf to ch3-theveninExample4.pdf
INFO    : converting ch3-theveninExample4.pdf to ch3-theveninExample4.svg
INFO    : converting ch6-equivalentinductanceexamplefig1.tex to ch6-equivalentinductanceexamplefig1.pdf
INFO    : cropping ch6-equivalentinductanceexamplefig1.pdf to cropped-ch6-equivalentinductanceexamplefig1.pdf
INFO    : renaming cropped-ch6-equivalentinductanceexamplefig1.pdf to ch6-equivalentinductanceexamplefig1.pdf
INFO    : converting ch6-equivalentinductanceexamplefig1.pdf to ch6-equivalentinductanceexamplefig1.svg
INFO    : converting ch5-opampintegratorfigure.tex to ch5-opampintegratorfigure.pdf
INFO    : cropping ch5-opampintegratorfigure.pdf to cropped-ch5-opampintegratorfigure.pdf
INFO    : renaming cropped-ch5-opampintegratorfigure.pdf to ch5-opampintegratorfigure.pdf
INFO    : converting ch5-opampintegratorfigure.pdf to ch5-opampintegratorfigure.svg
INFO    : converting ch2-circuit211fig.tex to ch2-circuit211fig.pdf
INFO    : cropping ch2-circuit211fig.pdf to cropped-ch2-circuit211fig.pdf
INFO    : renaming cropped-ch2-circuit211fig.pdf to ch2-circuit211fig.pdf
INFO    : converting ch2-circuit211fig.pdf to ch2-circuit211fig.svg
INFO    : converting ch5-parallelcapdiagram.tex to ch5-parallelcapdiagram.pdf
INFO    : cropping ch5-parallelcapdiagram.pdf to cropped-ch5-parallelcapdiagram.pdf
INFO    : renaming cropped-ch5-parallelcapdiagram.pdf to ch5-parallelcapdiagram.pdf
INFO    : converting ch5-parallelcapdiagram.pdf to ch5-parallelcapdiagram.svg
INFO    : converting ch2-resistorserieslength.tex to ch2-resistorserieslength.pdf
INFO    : cropping ch2-resistorserieslength.pdf to cropped-ch2-resistorserieslength.pdf
INFO    : renaming cropped-ch2-resistorserieslength.pdf to ch2-resistorserieslength.pdf
INFO    : converting ch2-resistorserieslength.pdf to ch2-resistorserieslength.svg
INFO    : converting ch5-generalrcexample4.tex to ch5-generalrcexample4.pdf
INFO    : cropping ch5-generalrcexample4.pdf to cropped-ch5-generalrcexample4.pdf
INFO    : renaming cropped-ch5-generalrcexample4.pdf to ch5-generalrcexample4.pdf
INFO    : converting ch5-generalrcexample4.pdf to ch5-generalrcexample4.svg
INFO    : converting ch3-maximumPowerFigure.tex to ch3-maximumPowerFigure.pdf
INFO    : cropping ch3-maximumPowerFigure.pdf to cropped-ch3-maximumPowerFigure.pdf
INFO    : renaming cropped-ch3-maximumPowerFigure.pdf to ch3-maximumPowerFigure.pdf
INFO    : converting ch3-maximumPowerFigure.pdf to ch3-maximumPowerFigure.svg
INFO    : converting ch3-circuit39figans2.tex to ch3-circuit39figans2.pdf
INFO    : cropping ch3-circuit39figans2.pdf to cropped-ch3-circuit39figans2.pdf
INFO    : renaming cropped-ch3-circuit39figans2.pdf to ch3-circuit39figans2.pdf
INFO    : converting ch3-circuit39figans2.pdf to ch3-circuit39figans2.svg
INFO    : converting ch6-general-rl-example5-solution11.tex to ch6-general-rl-example5-solution11.pdf
INFO    : cropping ch6-general-rl-example5-solution11.pdf to cropped-ch6-general-rl-example5-solution11.pdf
INFO    : renaming cropped-ch6-general-rl-example5-solution11.pdf to ch6-general-rl-example5-solution11.pdf
INFO    : converting ch6-general-rl-example5-solution11.pdf to ch6-general-rl-example5-solution11.svg
INFO    : converting ch4-examplecircuit410.tex to ch4-examplecircuit410.pdf
INFO    : cropping ch4-examplecircuit410.pdf to cropped-ch4-examplecircuit410.pdf
INFO    : renaming cropped-ch4-examplecircuit410.pdf to ch4-examplecircuit410.pdf
INFO    : converting ch4-examplecircuit410.pdf to ch4-examplecircuit410.svg
INFO    : converting ch5-chargingfromzeroendofchapter3.tex to ch5-chargingfromzeroendofchapter3.pdf
INFO    : cropping ch5-chargingfromzeroendofchapter3.pdf to cropped-ch5-chargingfromzeroendofchapter3.pdf
INFO    : renaming cropped-ch5-chargingfromzeroendofchapter3.pdf to ch5-chargingfromzeroendofchapter3.pdf
INFO    : converting ch5-chargingfromzeroendofchapter3.pdf to ch5-chargingfromzeroendofchapter3.svg
INFO    : converting ch6-general-rl-example5-solution7.tex to ch6-general-rl-example5-solution7.pdf
INFO    : cropping ch6-general-rl-example5-solution7.pdf to cropped-ch6-general-rl-example5-solution7.pdf
INFO    : renaming cropped-ch6-general-rl-example5-solution7.pdf to ch6-general-rl-example5-solution7.pdf
INFO    : converting ch6-general-rl-example5-solution7.pdf to ch6-general-rl-example5-solution7.svg
INFO    : converting ch1-exampletwoseriesvoltages.tex to ch1-exampletwoseriesvoltages.pdf
INFO    : cropping ch1-exampletwoseriesvoltages.pdf to cropped-ch1-exampletwoseriesvoltages.pdf
INFO    : renaming cropped-ch1-exampletwoseriesvoltages.pdf to ch1-exampletwoseriesvoltages.pdf
INFO    : converting ch1-exampletwoseriesvoltages.pdf to ch1-exampletwoseriesvoltages.svg
INFO    : converting ch3-superpositionNumericSubcircuitFigure5.tex to ch3-superpositionNumericSubcircuitFigure5.pdf
INFO    : cropping ch3-superpositionNumericSubcircuitFigure5.pdf to cropped-ch3-superpositionNumericSubcircuitFigure5.pdf
INFO    : renaming cropped-ch3-superpositionNumericSubcircuitFigure5.pdf to ch3-superpositionNumericSubcircuitFigure5.pdf
INFO    : converting ch3-superpositionNumericSubcircuitFigure5.pdf to ch3-superpositionNumericSubcircuitFigure5.svg
INFO    : converting ch3-circuit34fig.tex to ch3-circuit34fig.pdf
INFO    : cropping ch3-circuit34fig.pdf to cropped-ch3-circuit34fig.pdf
INFO    : renaming cropped-ch3-circuit34fig.pdf to ch3-circuit34fig.pdf
INFO    : converting ch3-circuit34fig.pdf to ch3-circuit34fig.svg
INFO    : converting ch5-chargingfromzerorcexample5solution2.tex to ch5-chargingfromzerorcexample5solution2.pdf
INFO    : cropping ch5-chargingfromzerorcexample5solution2.pdf to cropped-ch5-chargingfromzerorcexample5solution2.pdf
INFO    : renaming cropped-ch5-chargingfromzerorcexample5solution2.pdf to ch5-chargingfromzerorcexample5solution2.pdf
INFO    : converting ch5-chargingfromzerorcexample5solution2.pdf to ch5-chargingfromzerorcexample5solution2.svg
INFO    : converting ch4-cascadedinvertingexamplefig.tex to ch4-cascadedinvertingexamplefig.pdf
INFO    : cropping ch4-cascadedinvertingexamplefig.pdf to cropped-ch4-cascadedinvertingexamplefig.pdf
INFO    : renaming cropped-ch4-cascadedinvertingexamplefig.pdf to ch4-cascadedinvertingexamplefig.pdf
INFO    : converting ch4-cascadedinvertingexamplefig.pdf to ch4-cascadedinvertingexamplefig.svg
INFO    : converting ch3-circuit34figans1.tex to ch3-circuit34figans1.pdf
INFO    : cropping ch3-circuit34figans1.pdf to cropped-ch3-circuit34figans1.pdf
INFO    : renaming cropped-ch3-circuit34figans1.pdf to ch3-circuit34figans1.pdf
INFO    : converting ch3-circuit34figans1.pdf to ch3-circuit34figans1.svg
INFO    : converting ch5-equivcapexample4solution1.tex to ch5-equivcapexample4solution1.pdf
INFO    : cropping ch5-equivcapexample4solution1.pdf to cropped-ch5-equivcapexample4solution1.pdf
INFO    : renaming cropped-ch5-equivcapexample4solution1.pdf to ch5-equivcapexample4solution1.pdf
INFO    : converting ch5-equivcapexample4solution1.pdf to ch5-equivcapexample4solution1.svg
INFO    : converting ch5-homogeneouscircuitexamplequestion4.tex to ch5-homogeneouscircuitexamplequestion4.pdf
INFO    : cropping ch5-homogeneouscircuitexamplequestion4.pdf to cropped-ch5-homogeneouscircuitexamplequestion4.pdf
INFO    : renaming cropped-ch5-homogeneouscircuitexamplequestion4.pdf to ch5-homogeneouscircuitexamplequestion4.pdf
INFO    : converting ch5-homogeneouscircuitexamplequestion4.pdf to ch5-homogeneouscircuitexamplequestion4.svg
INFO    : converting ch2-deltacircuitdiagram.tex to ch2-deltacircuitdiagram.pdf
INFO    : cropping ch2-deltacircuitdiagram.pdf to cropped-ch2-deltacircuitdiagram.pdf
INFO    : renaming cropped-ch2-deltacircuitdiagram.pdf to ch2-deltacircuitdiagram.pdf
INFO    : converting ch2-deltacircuitdiagram.pdf to ch2-deltacircuitdiagram.svg
INFO    : converting ch3-circuit311figans2.tex to ch3-circuit311figans2.pdf
INFO    : cropping ch3-circuit311figans2.pdf to cropped-ch3-circuit311figans2.pdf
INFO    : renaming cropped-ch3-circuit311figans2.pdf to ch3-circuit311figans2.pdf
INFO    : converting ch3-circuit311figans2.pdf to ch3-circuit311figans2.svg
INFO    : converting ch6-generalexample2fig3.tex to ch6-generalexample2fig3.pdf
INFO    : cropping ch6-generalexample2fig3.pdf to cropped-ch6-generalexample2fig3.pdf
INFO    : renaming cropped-ch6-generalexample2fig3.pdf to ch6-generalexample2fig3.pdf
INFO    : converting ch6-generalexample2fig3.pdf to ch6-generalexample2fig3.svg
INFO    : converting ch6-generalexample2fig2.tex to ch6-generalexample2fig2.pdf
INFO    : cropping ch6-generalexample2fig2.pdf to cropped-ch6-generalexample2fig2.pdf
INFO    : renaming cropped-ch6-generalexample2fig2.pdf to ch6-generalexample2fig2.pdf
INFO    : converting ch6-generalexample2fig2.pdf to ch6-generalexample2fig2.svg
INFO    : converting ch2-referenceresistor.tex to ch2-referenceresistor.pdf
INFO    : cropping ch2-referenceresistor.pdf to cropped-ch2-referenceresistor.pdf
INFO    : renaming cropped-ch2-referenceresistor.pdf to ch2-referenceresistor.pdf
INFO    : converting ch2-referenceresistor.pdf to ch2-referenceresistor.svg
INFO    : converting ch5-rcchargingvoltcurrentquestion5.tex to ch5-rcchargingvoltcurrentquestion5.pdf
INFO    : cropping ch5-rcchargingvoltcurrentquestion5.pdf to cropped-ch5-rcchargingvoltcurrentquestion5.pdf
INFO    : renaming cropped-ch5-rcchargingvoltcurrentquestion5.pdf to ch5-rcchargingvoltcurrentquestion5.pdf
INFO    : converting ch5-rcchargingvoltcurrentquestion5.pdf to ch5-rcchargingvoltcurrentquestion5.svg
INFO    : converting ch4-twolinearequations.tex to ch4-twolinearequations.pdf
INFO    : cropping ch4-twolinearequations.pdf to cropped-ch4-twolinearequations.pdf
INFO    : renaming cropped-ch4-twolinearequations.pdf to ch4-twolinearequations.pdf
INFO    : converting ch4-twolinearequations.pdf to ch4-twolinearequations.svg
INFO    : converting elementarysignals120exercise-3-2-2.tex to elementarysignals120exercise-3-2-2.pdf
INFO    : cropping elementarysignals120exercise-3-2-2.pdf to cropped-elementarysignals120exercise-3-2-2.pdf
INFO    : renaming cropped-elementarysignals120exercise-3-2-2.pdf to elementarysignals120exercise-3-2-2.pdf
INFO    : converting elementarysignals120exercise-3-2-2.pdf to elementarysignals120exercise-3-2-2.svg
INFO    : converting ch4-singleendedamp.tex to ch4-singleendedamp.pdf
INFO    : cropping ch4-singleendedamp.pdf to cropped-ch4-singleendedamp.pdf
INFO    : renaming cropped-ch4-singleendedamp.pdf to ch4-singleendedamp.pdf
INFO    : converting ch4-singleendedamp.pdf to ch4-singleendedamp.svg
INFO    : converting ch5-parallelcaps-8-2-4-2.tex to ch5-parallelcaps-8-2-4-2.pdf
INFO    : cropping ch5-parallelcaps-8-2-4-2.pdf to cropped-ch5-parallelcaps-8-2-4-2.pdf
INFO    : renaming cropped-ch5-parallelcaps-8-2-4-2.pdf to ch5-parallelcaps-8-2-4-2.pdf
INFO    : converting ch5-parallelcaps-8-2-4-2.pdf to ch5-parallelcaps-8-2-4-2.svg
INFO    : converting ch7-series-rlc-example2-diagram.tex to ch7-series-rlc-example2-diagram.pdf
INFO    : cropping ch7-series-rlc-example2-diagram.pdf to cropped-ch7-series-rlc-example2-diagram.pdf
INFO    : renaming cropped-ch7-series-rlc-example2-diagram.pdf to ch7-series-rlc-example2-diagram.pdf
INFO    : converting ch7-series-rlc-example2-diagram.pdf to ch7-series-rlc-example2-diagram.svg
INFO    : converting ch5-chargingfromzerorcexample5solution3.tex to ch5-chargingfromzerorcexample5solution3.pdf
INFO    : cropping ch5-chargingfromzerorcexample5solution3.pdf to cropped-ch5-chargingfromzerorcexample5solution3.pdf
INFO    : renaming cropped-ch5-chargingfromzerorcexample5solution3.pdf to ch5-chargingfromzerorcexample5solution3.pdf
INFO    : converting ch5-chargingfromzerorcexample5solution3.pdf to ch5-chargingfromzerorcexample5solution3.svg
INFO    : converting ch6-general-rl-example5-solution6.tex to ch6-general-rl-example5-solution6.pdf
INFO    : cropping ch6-general-rl-example5-solution6.pdf to cropped-ch6-general-rl-example5-solution6.pdf
INFO    : renaming cropped-ch6-general-rl-example5-solution6.pdf to ch6-general-rl-example5-solution6.pdf
INFO    : converting ch6-general-rl-example5-solution6.pdf to ch6-general-rl-example5-solution6.svg
INFO    : converting ch3-superpositionNumericSubcircuitFigure4.tex to ch3-superpositionNumericSubcircuitFigure4.pdf
INFO    : cropping ch3-superpositionNumericSubcircuitFigure4.pdf to cropped-ch3-superpositionNumericSubcircuitFigure4.pdf
INFO    : renaming cropped-ch3-superpositionNumericSubcircuitFigure4.pdf to ch3-superpositionNumericSubcircuitFigure4.pdf
INFO    : converting ch3-superpositionNumericSubcircuitFigure4.pdf to ch3-superpositionNumericSubcircuitFigure4.svg
INFO    : converting ch7-underdamped-overdamped-graph.tex to ch7-underdamped-overdamped-graph.pdf
INFO    : cropping ch7-underdamped-overdamped-graph.pdf to cropped-ch7-underdamped-overdamped-graph.pdf
INFO    : renaming cropped-ch7-underdamped-overdamped-graph.pdf to ch7-underdamped-overdamped-graph.pdf
INFO    : converting ch7-underdamped-overdamped-graph.pdf to ch7-underdamped-overdamped-graph.svg
INFO    : converting ch6-general-rl-example5-solution10.tex to ch6-general-rl-example5-solution10.pdf
INFO    : cropping ch6-general-rl-example5-solution10.pdf to cropped-ch6-general-rl-example5-solution10.pdf
INFO    : renaming cropped-ch6-general-rl-example5-solution10.pdf to ch6-general-rl-example5-solution10.pdf
INFO    : converting ch6-general-rl-example5-solution10.pdf to ch6-general-rl-example5-solution10.svg
INFO    : converting ch4-examplecircuit411.tex to ch4-examplecircuit411.pdf
INFO    : cropping ch4-examplecircuit411.pdf to cropped-ch4-examplecircuit411.pdf
INFO    : renaming cropped-ch4-examplecircuit411.pdf to ch4-examplecircuit411.pdf
INFO    : converting ch4-examplecircuit411.pdf to ch4-examplecircuit411.svg
INFO    : converting ch2-circuit25figansdelta2.tex to ch2-circuit25figansdelta2.pdf
INFO    : cropping ch2-circuit25figansdelta2.pdf to cropped-ch2-circuit25figansdelta2.pdf
INFO    : renaming cropped-ch2-circuit25figansdelta2.pdf to ch2-circuit25figansdelta2.pdf
INFO    : converting ch2-circuit25figansdelta2.pdf to ch2-circuit25figansdelta2.svg
INFO    : converting ch3-circuit39figans3.tex to ch3-circuit39figans3.pdf
INFO    : cropping ch3-circuit39figans3.pdf to cropped-ch3-circuit39figans3.pdf
INFO    : renaming cropped-ch3-circuit39figans3.pdf to ch3-circuit39figans3.pdf
INFO    : converting ch3-circuit39figans3.pdf to ch3-circuit39figans3.svg
INFO    : converting ch5-generalrcexample5.tex to ch5-generalrcexample5.pdf
INFO    : cropping ch5-generalrcexample5.pdf to cropped-ch5-generalrcexample5.pdf
INFO    : renaming cropped-ch5-generalrcexample5.pdf to ch5-generalrcexample5.pdf
INFO    : converting ch5-generalrcexample5.pdf to ch5-generalrcexample5.svg
INFO    : converting ch6-chargingfromzeroexample1fig1.tex to ch6-chargingfromzeroexample1fig1.pdf
INFO    : cropping ch6-chargingfromzeroexample1fig1.pdf to cropped-ch6-chargingfromzeroexample1fig1.pdf
INFO    : renaming cropped-ch6-chargingfromzeroexample1fig1.pdf to ch6-chargingfromzeroexample1fig1.pdf
INFO    : converting ch6-chargingfromzeroexample1fig1.pdf to ch6-chargingfromzeroexample1fig1.svg
INFO    : converting elementarysignals117exercise-4-12-2.tex to elementarysignals117exercise-4-12-2.pdf
INFO    : cropping elementarysignals117exercise-4-12-2.pdf to cropped-elementarysignals117exercise-4-12-2.pdf
INFO    : renaming cropped-elementarysignals117exercise-4-12-2.pdf to elementarysignals117exercise-4-12-2.pdf
INFO    : converting elementarysignals117exercise-4-12-2.pdf to elementarysignals117exercise-4-12-2.svg
INFO    : converting ch6-rl-general-example4-diagram.tex to ch6-rl-general-example4-diagram.pdf
INFO    : cropping ch6-rl-general-example4-diagram.pdf to cropped-ch6-rl-general-example4-diagram.pdf
INFO    : renaming cropped-ch6-rl-general-example4-diagram.pdf to ch6-rl-general-example4-diagram.pdf
INFO    : converting ch6-rl-general-example4-diagram.pdf to ch6-rl-general-example4-diagram.svg
INFO    : converting ch6-chargingfromzeroexample1fig3.tex to ch6-chargingfromzeroexample1fig3.pdf
INFO    : cropping ch6-chargingfromzeroexample1fig3.pdf to cropped-ch6-chargingfromzeroexample1fig3.pdf
INFO    : renaming cropped-ch6-chargingfromzeroexample1fig3.pdf to ch6-chargingfromzeroexample1fig3.pdf
INFO    : converting ch6-chargingfromzeroexample1fig3.pdf to ch6-chargingfromzeroexample1fig3.svg
INFO    : converting ch6-equivalentinductanceexamplefig2.tex to ch6-equivalentinductanceexamplefig2.pdf
INFO    : cropping ch6-equivalentinductanceexamplefig2.pdf to cropped-ch6-equivalentinductanceexamplefig2.pdf
INFO    : renaming cropped-ch6-equivalentinductanceexamplefig2.pdf to ch6-equivalentinductanceexamplefig2.pdf
INFO    : converting ch6-equivalentinductanceexamplefig2.pdf to ch6-equivalentinductanceexamplefig2.svg
INFO    : converting ch5-generalrcexample7.tex to ch5-generalrcexample7.pdf
INFO    : cropping ch5-generalrcexample7.pdf to cropped-ch5-generalrcexample7.pdf
INFO    : renaming cropped-ch5-generalrcexample7.pdf to ch5-generalrcexample7.pdf
INFO    : converting ch5-generalrcexample7.pdf to ch5-generalrcexample7.svg
INFO    : converting ch3-circuit314figans4.tex to ch3-circuit314figans4.pdf
INFO    : cropping ch3-circuit314figans4.pdf to cropped-ch3-circuit314figans4.pdf
INFO    : renaming cropped-ch3-circuit314figans4.pdf to ch3-circuit314figans4.pdf
INFO    : converting ch3-circuit314figans4.pdf to ch3-circuit314figans4.svg
INFO    : converting ch4-examplecircuit413.tex to ch4-examplecircuit413.pdf
INFO    : cropping ch4-examplecircuit413.pdf to cropped-ch4-examplecircuit413.pdf
INFO    : renaming cropped-ch4-examplecircuit413.pdf to ch4-examplecircuit413.pdf
INFO    : converting ch4-examplecircuit413.pdf to ch4-examplecircuit413.svg
INFO    : converting ch6-general-rl-example5-solution12.tex to ch6-general-rl-example5-solution12.pdf
INFO    : cropping ch6-general-rl-example5-solution12.pdf to cropped-ch6-general-rl-example5-solution12.pdf
INFO    : renaming cropped-ch6-general-rl-example5-solution12.pdf to ch6-general-rl-example5-solution12.pdf
INFO    : converting ch6-general-rl-example5-solution12.pdf to ch6-general-rl-example5-solution12.svg
INFO    : converting ch3-circuit39figans1.tex to ch3-circuit39figans1.pdf
INFO    : cropping ch3-circuit39figans1.pdf to cropped-ch3-circuit39figans1.pdf
INFO    : renaming cropped-ch3-circuit39figans1.pdf to ch3-circuit39figans1.pdf
INFO    : converting ch3-circuit39figans1.pdf to ch3-circuit39figans1.svg
INFO    : converting ch3-superpositionNumericSubcircuitFigure6.tex to ch3-superpositionNumericSubcircuitFigure6.pdf
INFO    : cropping ch3-superpositionNumericSubcircuitFigure6.pdf to cropped-ch3-superpositionNumericSubcircuitFigure6.pdf
INFO    : renaming cropped-ch3-superpositionNumericSubcircuitFigure6.pdf to ch3-superpositionNumericSubcircuitFigure6.pdf
INFO    : converting ch3-superpositionNumericSubcircuitFigure6.pdf to ch3-superpositionNumericSubcircuitFigure6.svg
INFO    : converting ch7-homogeneous-example3-figure1.tex to ch7-homogeneous-example3-figure1.pdf
INFO    : cropping ch7-homogeneous-example3-figure1.pdf to cropped-ch7-homogeneous-example3-figure1.pdf
INFO    : renaming cropped-ch7-homogeneous-example3-figure1.pdf to ch7-homogeneous-example3-figure1.pdf
INFO    : converting ch7-homogeneous-example3-figure1.pdf to ch7-homogeneous-example3-figure1.svg
INFO    : converting ch6-general-rl-example5-solution4.tex to ch6-general-rl-example5-solution4.pdf
INFO    : cropping ch6-general-rl-example5-solution4.pdf to cropped-ch6-general-rl-example5-solution4.pdf
INFO    : renaming cropped-ch6-general-rl-example5-solution4.pdf to ch6-general-rl-example5-solution4.pdf
INFO    : converting ch6-general-rl-example5-solution4.pdf to ch6-general-rl-example5-solution4.svg
INFO    : converting ch5-chargingfromzerorcexample5solution1.tex to ch5-chargingfromzerorcexample5solution1.pdf
INFO    : cropping ch5-chargingfromzerorcexample5solution1.pdf to cropped-ch5-chargingfromzerorcexample5solution1.pdf
INFO    : renaming cropped-ch5-chargingfromzerorcexample5solution1.pdf to ch5-chargingfromzerorcexample5solution1.pdf
INFO    : converting ch5-chargingfromzerorcexample5solution1.pdf to ch5-chargingfromzerorcexample5solution1.svg
INFO    : converting ch3-circuit34figans2.tex to ch3-circuit34figans2.pdf
INFO    : cropping ch3-circuit34figans2.pdf to cropped-ch3-circuit34figans2.pdf
INFO    : renaming cropped-ch3-circuit34figans2.pdf to ch3-circuit34figans2.pdf
INFO    : converting ch3-circuit34figans2.pdf to ch3-circuit34figans2.svg
INFO    : converting ch1-differentiatingstepfunctiongraph.tex to ch1-differentiatingstepfunctiongraph.pdf
INFO    : cropping ch1-differentiatingstepfunctiongraph.pdf to cropped-ch1-differentiatingstepfunctiongraph.pdf
INFO    : renaming cropped-ch1-differentiatingstepfunctiongraph.pdf to ch1-differentiatingstepfunctiongraph.pdf
INFO    : converting ch1-differentiatingstepfunctiongraph.pdf to ch1-differentiatingstepfunctiongraph.svg
INFO    : converting ch5-equivcapexample4solution2.tex to ch5-equivcapexample4solution2.pdf
INFO    : cropping ch5-equivcapexample4solution2.pdf to cropped-ch5-equivcapexample4solution2.pdf
INFO    : renaming cropped-ch5-equivcapexample4solution2.pdf to ch5-equivcapexample4solution2.pdf
INFO    : converting ch5-equivcapexample4solution2.pdf to ch5-equivcapexample4solution2.svg
INFO    : converting ch5-parallelcaps-8-2-6-2.tex to ch5-parallelcaps-8-2-6-2.pdf
INFO    : cropping ch5-parallelcaps-8-2-6-2.pdf to cropped-ch5-parallelcaps-8-2-6-2.pdf
INFO    : renaming cropped-ch5-parallelcaps-8-2-6-2.pdf to ch5-parallelcaps-8-2-6-2.pdf
INFO    : converting ch5-parallelcaps-8-2-6-2.pdf to ch5-parallelcaps-8-2-6-2.svg
INFO    : converting ch3-circuit311figans1.tex to ch3-circuit311figans1.pdf
INFO    : cropping ch3-circuit311figans1.pdf to cropped-ch3-circuit311figans1.pdf
INFO    : renaming cropped-ch3-circuit311figans1.pdf to ch3-circuit311figans1.pdf
INFO    : converting ch3-circuit311figans1.pdf to ch3-circuit311figans1.svg
INFO    : converting ch4-pwmcktfig.tex to ch4-pwmcktfig.pdf
INFO    : cropping ch4-pwmcktfig.pdf to cropped-ch4-pwmcktfig.pdf
INFO    : renaming cropped-ch4-pwmcktfig.pdf to ch4-pwmcktfig.pdf
INFO    : converting ch4-pwmcktfig.pdf to ch4-pwmcktfig.svg
INFO    : converting ch3-circuit313fig.tex to ch3-circuit313fig.pdf
INFO    : cropping ch3-circuit313fig.pdf to cropped-ch3-circuit313fig.pdf
INFO    : renaming cropped-ch3-circuit313fig.pdf to ch3-circuit313fig.pdf
INFO    : converting ch3-circuit313fig.pdf to ch3-circuit313fig.svg
INFO    : converting ch6-generalexample2fig1.tex to ch6-generalexample2fig1.pdf
INFO    : cropping ch6-generalexample2fig1.pdf to cropped-ch6-generalexample2fig1.pdf
INFO    : renaming cropped-ch6-generalexample2fig1.pdf to ch6-generalexample2fig1.pdf
INFO    : converting ch6-generalexample2fig1.pdf to ch6-generalexample2fig1.svg
INFO    : converting ch5-seriescapsfig.tex to ch5-seriescapsfig.pdf
INFO    : cropping ch5-seriescapsfig.pdf to cropped-ch5-seriescapsfig.pdf
INFO    : renaming cropped-ch5-seriescapsfig.pdf to ch5-seriescapsfig.pdf
INFO    : converting ch5-seriescapsfig.pdf to ch5-seriescapsfig.svg
INFO    : converting ch5-homogeneousrcatzeroplus.tex to ch5-homogeneousrcatzeroplus.pdf
INFO    : cropping ch5-homogeneousrcatzeroplus.pdf to cropped-ch5-homogeneousrcatzeroplus.pdf
INFO    : renaming cropped-ch5-homogeneousrcatzeroplus.pdf to ch5-homogeneousrcatzeroplus.pdf
INFO    : converting ch5-homogeneousrcatzeroplus.pdf to ch5-homogeneousrcatzeroplus.svg
INFO    : converting ch5-equivcapexample4solution3.tex to ch5-equivcapexample4solution3.pdf
INFO    : cropping ch5-equivcapexample4solution3.pdf to cropped-ch5-equivcapexample4solution3.pdf
INFO    : renaming cropped-ch5-equivcapexample4solution3.pdf to ch5-equivcapexample4solution3.pdf
INFO    : converting ch5-equivcapexample4solution3.pdf to ch5-equivcapexample4solution3.svg
INFO    : converting ch2-cktloopmesh.tex to ch2-cktloopmesh.pdf
INFO    : cropping ch2-cktloopmesh.pdf to cropped-ch2-cktloopmesh.pdf
INFO    : renaming cropped-ch2-cktloopmesh.pdf to ch2-cktloopmesh.pdf
INFO    : converting ch2-cktloopmesh.pdf to ch2-cktloopmesh.svg
INFO    : converting ch3-circuit34figans3.tex to ch3-circuit34figans3.pdf
INFO    : cropping ch3-circuit34figans3.pdf to cropped-ch3-circuit34figans3.pdf
INFO    : renaming cropped-ch3-circuit34figans3.pdf to ch3-circuit34figans3.pdf
INFO    : converting ch3-circuit34figans3.pdf to ch3-circuit34figans3.svg
INFO    : converting ch5-parallelplatewithcharge.tex to ch5-parallelplatewithcharge.pdf
INFO    : cropping ch5-parallelplatewithcharge.pdf to cropped-ch5-parallelplatewithcharge.pdf
INFO    : renaming cropped-ch5-parallelplatewithcharge.pdf to ch5-parallelplatewithcharge.pdf
INFO    : converting ch5-parallelplatewithcharge.pdf to ch5-parallelplatewithcharge.svg
INFO    : converting ch7-homogeneous-critically-damped-graph.tex to ch7-homogeneous-critically-damped-graph.pdf
INFO    : cropping ch7-homogeneous-critically-damped-graph.pdf to cropped-ch7-homogeneous-critically-damped-graph.pdf
INFO    : renaming cropped-ch7-homogeneous-critically-damped-graph.pdf to ch7-homogeneous-critically-damped-graph.pdf
INFO    : converting ch7-homogeneous-critically-damped-graph.pdf to ch7-homogeneous-critically-damped-graph.svg
INFO    : converting ch6-rl-charging-example2-diagram.tex to ch6-rl-charging-example2-diagram.pdf
INFO    : cropping ch6-rl-charging-example2-diagram.pdf to cropped-ch6-rl-charging-example2-diagram.pdf
INFO    : renaming cropped-ch6-rl-charging-example2-diagram.pdf to ch6-rl-charging-example2-diagram.pdf
INFO    : converting ch6-rl-charging-example2-diagram.pdf to ch6-rl-charging-example2-diagram.svg
INFO    : converting ch6-general-rl-example5-solution5.tex to ch6-general-rl-example5-solution5.pdf
INFO    : cropping ch6-general-rl-example5-solution5.pdf to cropped-ch6-general-rl-example5-solution5.pdf
INFO    : renaming cropped-ch6-general-rl-example5-solution5.pdf to ch6-general-rl-example5-solution5.pdf
INFO    : converting ch6-general-rl-example5-solution5.pdf to ch6-general-rl-example5-solution5.svg
INFO    : converting ch2-circuit25figansdelta1.tex to ch2-circuit25figansdelta1.pdf
INFO    : cropping ch2-circuit25figansdelta1.pdf to cropped-ch2-circuit25figansdelta1.pdf
INFO    : renaming cropped-ch2-circuit25figansdelta1.pdf to ch2-circuit25figansdelta1.pdf
INFO    : converting ch2-circuit25figansdelta1.pdf to ch2-circuit25figansdelta1.svg
INFO    : converting ch5-chargingfromzeroendofchapter1.tex to ch5-chargingfromzeroendofchapter1.pdf
INFO    : cropping ch5-chargingfromzeroendofchapter1.pdf to cropped-ch5-chargingfromzeroendofchapter1.pdf
INFO    : renaming cropped-ch5-chargingfromzeroendofchapter1.pdf to ch5-chargingfromzeroendofchapter1.pdf
INFO    : converting ch5-chargingfromzeroendofchapter1.pdf to ch5-chargingfromzeroendofchapter1.svg
INFO    : converting ch4-examplecircuit412.tex to ch4-examplecircuit412.pdf
INFO    : cropping ch4-examplecircuit412.pdf to cropped-ch4-examplecircuit412.pdf
INFO    : renaming cropped-ch4-examplecircuit412.pdf to ch4-examplecircuit412.pdf
INFO    : converting ch4-examplecircuit412.pdf to ch4-examplecircuit412.svg
INFO    : converting ch12-555astableoutput.tex to ch12-555astableoutput.pdf
INFO    : cropping ch12-555astableoutput.pdf to cropped-ch12-555astableoutput.pdf
INFO    : renaming cropped-ch12-555astableoutput.pdf to ch12-555astableoutput.pdf
INFO    : converting ch12-555astableoutput.pdf to ch12-555astableoutput.svg
INFO    : converting ch2-threenodes.tex to ch2-threenodes.pdf
INFO    : cropping ch2-threenodes.pdf to cropped-ch2-threenodes.pdf
INFO    : renaming cropped-ch2-threenodes.pdf to ch2-threenodes.pdf
INFO    : converting ch2-threenodes.pdf to ch2-threenodes.svg
INFO    : converting ch5-generalrcexample6.tex to ch5-generalrcexample6.pdf
INFO    : cropping ch5-generalrcexample6.pdf to cropped-ch5-generalrcexample6.pdf
INFO    : renaming cropped-ch5-generalrcexample6.pdf to ch5-generalrcexample6.pdf
INFO    : converting ch5-generalrcexample6.pdf to ch5-generalrcexample6.svg
INFO    : converting ch6-chargingfromzeroexample1fig2.tex to ch6-chargingfromzeroexample1fig2.pdf
INFO    : cropping ch6-chargingfromzeroexample1fig2.pdf to cropped-ch6-chargingfromzeroexample1fig2.pdf
INFO    : renaming cropped-ch6-chargingfromzeroexample1fig2.pdf to ch6-chargingfromzeroexample1fig2.pdf
INFO    : converting ch6-chargingfromzeroexample1fig2.pdf to ch6-chargingfromzeroexample1fig2.svg
INFO    : converting ch4-noninvertingopampcktfigure.tex to ch4-noninvertingopampcktfigure.pdf
INFO    : cropping ch4-noninvertingopampcktfigure.pdf to cropped-ch4-noninvertingopampcktfigure.pdf
INFO    : renaming cropped-ch4-noninvertingopampcktfigure.pdf to ch4-noninvertingopampcktfigure.pdf
INFO    : converting ch4-noninvertingopampcktfigure.pdf to ch4-noninvertingopampcktfigure.svg
INFO    : converting ch1-powerdeliverorabsorb.tex to ch1-powerdeliverorabsorb.pdf
INFO    : cropping ch1-powerdeliverorabsorb.pdf to cropped-ch1-powerdeliverorabsorb.pdf
INFO    : renaming cropped-ch1-powerdeliverorabsorb.pdf to ch1-powerdeliverorabsorb.pdf
INFO    : converting ch1-powerdeliverorabsorb.pdf to ch1-powerdeliverorabsorb.svg
INFO    : converting ch2-kvlexample1.tex to ch2-kvlexample1.pdf
INFO    : cropping ch2-kvlexample1.pdf to cropped-ch2-kvlexample1.pdf
INFO    : renaming cropped-ch2-kvlexample1.pdf to ch2-kvlexample1.pdf
INFO    : converting ch2-kvlexample1.pdf to ch2-kvlexample1.svg
INFO    : converting ch5-chargingfromzerorcexample4solution3.tex to ch5-chargingfromzerorcexample4solution3.pdf
INFO    : cropping ch5-chargingfromzerorcexample4solution3.pdf to cropped-ch5-chargingfromzerorcexample4solution3.pdf
INFO    : renaming cropped-ch5-chargingfromzerorcexample4solution3.pdf to ch5-chargingfromzerorcexample4solution3.pdf
INFO    : converting ch5-chargingfromzerorcexample4solution3.pdf to ch5-chargingfromzerorcexample4solution3.svg
INFO    : converting ch3-theveninExample2.tex to ch3-theveninExample2.pdf
INFO    : cropping ch3-theveninExample2.pdf to cropped-ch3-theveninExample2.pdf
INFO    : renaming cropped-ch3-theveninExample2.pdf to ch3-theveninExample2.pdf
INFO    : converting ch3-theveninExample2.pdf to ch3-theveninExample2.svg
INFO    : converting ch3-circuit31figans2.tex to ch3-circuit31figans2.pdf
INFO    : cropping ch3-circuit31figans2.pdf to cropped-ch3-circuit31figans2.pdf
INFO    : renaming cropped-ch3-circuit31figans2.pdf to ch3-circuit31figans2.pdf
INFO    : converting ch3-circuit31figans2.pdf to ch3-circuit31figans2.svg
INFO    : converting ch4-voltagediv9to5.tex to ch4-voltagediv9to5.pdf
INFO    : cropping ch4-voltagediv9to5.pdf to cropped-ch4-voltagediv9to5.pdf
INFO    : renaming cropped-ch4-voltagediv9to5.pdf to ch4-voltagediv9to5.pdf
INFO    : converting ch4-voltagediv9to5.pdf to ch4-voltagediv9to5.svg
INFO    : converting ch3-circuit311fig.tex to ch3-circuit311fig.pdf
INFO    : cropping ch3-circuit311fig.pdf to cropped-ch3-circuit311fig.pdf
INFO    : renaming cropped-ch3-circuit311fig.pdf to ch3-circuit311fig.pdf
INFO    : converting ch3-circuit311fig.pdf to ch3-circuit311fig.svg
INFO    : converting ch6-chargingrlcircuit-example4-diagram.tex to ch6-chargingrlcircuit-example4-diagram.pdf
INFO    : cropping ch6-chargingrlcircuit-example4-diagram.pdf to cropped-ch6-chargingrlcircuit-example4-diagram.pdf
INFO    : renaming cropped-ch6-chargingrlcircuit-example4-diagram.pdf to ch6-chargingrlcircuit-example4-diagram.pdf
INFO    : converting ch6-chargingrlcircuit-example4-diagram.pdf to ch6-chargingrlcircuit-example4-diagram.svg
INFO    : converting ch6-parasiticinductor.tex to ch6-parasiticinductor.pdf
INFO    : cropping ch6-parasiticinductor.pdf to cropped-ch6-parasiticinductor.pdf
INFO    : renaming cropped-ch6-parasiticinductor.pdf to ch6-parasiticinductor.pdf
INFO    : converting ch6-parasiticinductor.pdf to ch6-parasiticinductor.svg
INFO    : converting ch5-generalrcexample2.tex to ch5-generalrcexample2.pdf
INFO    : cropping ch5-generalrcexample2.pdf to cropped-ch5-generalrcexample2.pdf
INFO    : renaming cropped-ch5-generalrcexample2.pdf to ch5-generalrcexample2.pdf
INFO    : converting ch5-generalrcexample2.pdf to ch5-generalrcexample2.svg
INFO    : converting ch3-circuit314figans1.tex to ch3-circuit314figans1.pdf
INFO    : cropping ch3-circuit314figans1.pdf to cropped-ch3-circuit314figans1.pdf
INFO    : renaming cropped-ch3-circuit314figans1.pdf to ch3-circuit314figans1.pdf
INFO    : converting ch3-circuit314figans1.pdf to ch3-circuit314figans1.svg
INFO    : converting ch6-general-rl-example5-solution1.tex to ch6-general-rl-example5-solution1.pdf
INFO    : cropping ch6-general-rl-example5-solution1.pdf to cropped-ch6-general-rl-example5-solution1.pdf
INFO    : renaming cropped-ch6-general-rl-example5-solution1.pdf to ch6-general-rl-example5-solution1.pdf
INFO    : converting ch6-general-rl-example5-solution1.pdf to ch6-general-rl-example5-solution1.svg
INFO    : converting ch3-superpositionNumericSubcircuitFigure3.tex to ch3-superpositionNumericSubcircuitFigure3.pdf
INFO    : cropping ch3-superpositionNumericSubcircuitFigure3.pdf to cropped-ch3-superpositionNumericSubcircuitFigure3.pdf
INFO    : renaming cropped-ch3-superpositionNumericSubcircuitFigure3.pdf to ch3-superpositionNumericSubcircuitFigure3.pdf
INFO    : converting ch3-superpositionNumericSubcircuitFigure3.pdf to ch3-superpositionNumericSubcircuitFigure3.svg
INFO    : converting ch1-exampletwoseriesvoltagesother.tex to ch1-exampletwoseriesvoltagesother.pdf
INFO    : cropping ch1-exampletwoseriesvoltagesother.pdf to cropped-ch1-exampletwoseriesvoltagesother.pdf
INFO    : renaming cropped-ch1-exampletwoseriesvoltagesother.pdf to ch1-exampletwoseriesvoltagesother.pdf
INFO    : converting ch1-exampletwoseriesvoltagesother.pdf to ch1-exampletwoseriesvoltagesother.svg
INFO    : converting ch5-variablecapsymbol.tex to ch5-variablecapsymbol.pdf
INFO    : cropping ch5-variablecapsymbol.pdf to cropped-ch5-variablecapsymbol.pdf
INFO    : renaming cropped-ch5-variablecapsymbol.pdf to ch5-variablecapsymbol.pdf
INFO    : converting ch5-variablecapsymbol.pdf to ch5-variablecapsymbol.svg
INFO    : converting ch5-chargingfromzeroendofchapter5.tex to ch5-chargingfromzeroendofchapter5.pdf
INFO    : cropping ch5-chargingfromzeroendofchapter5.pdf to cropped-ch5-chargingfromzeroendofchapter5.pdf
INFO    : renaming cropped-ch5-chargingfromzeroendofchapter5.pdf to ch5-chargingfromzeroendofchapter5.pdf
INFO    : converting ch5-chargingfromzeroendofchapter5.pdf to ch5-chargingfromzeroendofchapter5.svg
INFO    : converting ch3-circuit39figans4.tex to ch3-circuit39figans4.pdf
INFO    : cropping ch3-circuit39figans4.pdf to cropped-ch3-circuit39figans4.pdf
INFO    : renaming cropped-ch3-circuit39figans4.pdf to ch3-circuit39figans4.pdf
INFO    : converting ch3-circuit39figans4.pdf to ch3-circuit39figans4.svg
INFO    : converting ch2-circuit22fig.tex to ch2-circuit22fig.pdf
INFO    : cropping ch2-circuit22fig.pdf to cropped-ch2-circuit22fig.pdf
INFO    : renaming cropped-ch2-circuit22fig.pdf to ch2-circuit22fig.pdf
INFO    : converting ch2-circuit22fig.pdf to ch2-circuit22fig.svg
INFO    : converting ch7-series-parallel-example5-figure2.tex to ch7-series-parallel-example5-figure2.pdf
INFO    : cropping ch7-series-parallel-example5-figure2.pdf to cropped-ch7-series-parallel-example5-figure2.pdf
INFO    : renaming cropped-ch7-series-parallel-example5-figure2.pdf to ch7-series-parallel-example5-figure2.pdf
INFO    : converting ch7-series-parallel-example5-figure2.pdf to ch7-series-parallel-example5-figure2.svg
INFO    : converting ch5-chargingfromzerorcexample5solution4.tex to ch5-chargingfromzerorcexample5solution4.pdf
INFO    : cropping ch5-chargingfromzerorcexample5solution4.pdf to cropped-ch5-chargingfromzerorcexample5solution4.pdf
INFO    : renaming cropped-ch5-chargingfromzerorcexample5solution4.pdf to ch5-chargingfromzerorcexample5solution4.pdf
INFO    : converting ch5-chargingfromzerorcexample5solution4.pdf to ch5-chargingfromzerorcexample5solution4.svg
INFO    : converting ch4-examplecircuit48.tex to ch4-examplecircuit48.pdf
INFO    : cropping ch4-examplecircuit48.pdf to cropped-ch4-examplecircuit48.pdf
INFO    : renaming cropped-ch4-examplecircuit48.pdf to ch4-examplecircuit48.pdf
INFO    : converting ch4-examplecircuit48.pdf to ch4-examplecircuit48.svg
INFO    : converting ch3-circuit34figans7.tex to ch3-circuit34figans7.pdf
INFO    : cropping ch3-circuit34figans7.pdf to cropped-ch3-circuit34figans7.pdf
INFO    : renaming cropped-ch3-circuit34figans7.pdf to ch3-circuit34figans7.pdf
INFO    : converting ch3-circuit34figans7.pdf to ch3-circuit34figans7.svg
INFO    : converting ch5-equivcapexample4solution7.tex to ch5-equivcapexample4solution7.pdf
INFO    : cropping ch5-equivcapexample4solution7.pdf to cropped-ch5-equivcapexample4solution7.pdf
INFO    : renaming cropped-ch5-equivcapexample4solution7.pdf to ch5-equivcapexample4solution7.pdf
INFO    : converting ch5-equivcapexample4solution7.pdf to ch5-equivcapexample4solution7.svg
INFO    : converting ch6-homogeneous-rl-example4-diagram.tex to ch6-homogeneous-rl-example4-diagram.pdf
INFO    : cropping ch6-homogeneous-rl-example4-diagram.pdf to cropped-ch6-homogeneous-rl-example4-diagram.pdf
INFO    : renaming cropped-ch6-homogeneous-rl-example4-diagram.pdf to ch6-homogeneous-rl-example4-diagram.pdf
INFO    : converting ch6-homogeneous-rl-example4-diagram.pdf to ch6-homogeneous-rl-example4-diagram.svg
INFO    : converting ch6-homogeneousrlcircuit-example1-diagram.tex to ch6-homogeneousrlcircuit-example1-diagram.pdf
INFO    : cropping ch6-homogeneousrlcircuit-example1-diagram.pdf to cropped-ch6-homogeneousrlcircuit-example1-diagram.pdf
INFO    : renaming cropped-ch6-homogeneousrlcircuit-example1-diagram.pdf to ch6-homogeneousrlcircuit-example1-diagram.pdf
INFO    : converting ch6-homogeneousrlcircuit-example1-diagram.pdf to ch6-homogeneousrlcircuit-example1-diagram.svg
INFO    : converting ch6-generalexample2fig5.tex to ch6-generalexample2fig5.pdf
INFO    : cropping ch6-generalexample2fig5.pdf to cropped-ch6-generalexample2fig5.pdf
INFO    : renaming cropped-ch6-generalexample2fig5.pdf to ch6-generalexample2fig5.pdf
INFO    : converting ch6-generalexample2fig5.pdf to ch6-generalexample2fig5.svg
INFO    : converting ch5-generalrccircuitexamplecircuit4.tex to ch5-generalrccircuitexamplecircuit4.pdf
INFO    : cropping ch5-generalrccircuitexamplecircuit4.pdf to cropped-ch5-generalrccircuitexamplecircuit4.pdf
INFO    : renaming cropped-ch5-generalrccircuitexamplecircuit4.pdf to ch5-generalrccircuitexamplecircuit4.pdf
INFO    : converting ch5-generalrccircuitexamplecircuit4.pdf to ch5-generalrccircuitexamplecircuit4.svg
INFO    : converting ch6-generalexample2fig4.tex to ch6-generalexample2fig4.pdf
INFO    : cropping ch6-generalexample2fig4.pdf to cropped-ch6-generalexample2fig4.pdf
INFO    : renaming cropped-ch6-generalexample2fig4.pdf to ch6-generalexample2fig4.pdf
INFO    : converting ch6-generalexample2fig4.pdf to ch6-generalexample2fig4.svg
INFO    : converting ch5-equivcapexample4solution6.tex to ch5-equivcapexample4solution6.pdf
INFO    : cropping ch5-equivcapexample4solution6.pdf to cropped-ch5-equivcapexample4solution6.pdf
INFO    : renaming cropped-ch5-equivcapexample4solution6.pdf to ch5-equivcapexample4solution6.pdf
INFO    : converting ch5-equivcapexample4solution6.pdf to ch5-equivcapexample4solution6.svg
INFO    : converting ch3-circuit34figans6.tex to ch3-circuit34figans6.pdf
INFO    : cropping ch3-circuit34figans6.pdf to cropped-ch3-circuit34figans6.pdf
INFO    : renaming cropped-ch3-circuit34figans6.pdf to ch3-circuit34figans6.pdf
INFO    : converting ch3-circuit34figans6.pdf to ch3-circuit34figans6.svg
INFO    : converting ch6-equivalentinductance-example2-diagram.tex to ch6-equivalentinductance-example2-diagram.pdf
INFO    : cropping ch6-equivalentinductance-example2-diagram.pdf to cropped-ch6-equivalentinductance-example2-diagram.pdf
INFO    : renaming cropped-ch6-equivalentinductance-example2-diagram.pdf to ch6-equivalentinductance-example2-diagram.pdf
INFO    : converting ch6-equivalentinductance-example2-diagram.pdf to ch6-equivalentinductance-example2-diagram.svg
INFO    : converting ch5-chargingfromzerorcexample5solution5.tex to ch5-chargingfromzerorcexample5solution5.pdf
INFO    : cropping ch5-chargingfromzerorcexample5solution5.pdf to cropped-ch5-chargingfromzerorcexample5solution5.pdf
INFO    : renaming cropped-ch5-chargingfromzerorcexample5solution5.pdf to ch5-chargingfromzerorcexample5solution5.pdf
INFO    : converting ch5-chargingfromzerorcexample5solution5.pdf to ch5-chargingfromzerorcexample5solution5.svg
INFO    : converting ch4-examplecircuit49.tex to ch4-examplecircuit49.pdf
INFO    : cropping ch4-examplecircuit49.pdf to cropped-ch4-examplecircuit49.pdf
INFO    : renaming cropped-ch4-examplecircuit49.pdf to ch4-examplecircuit49.pdf
INFO    : converting ch4-examplecircuit49.pdf to ch4-examplecircuit49.svg
INFO    : converting ch1-sinewave.tex to ch1-sinewave.pdf
INFO    : cropping ch1-sinewave.pdf to cropped-ch1-sinewave.pdf
INFO    : renaming cropped-ch1-sinewave.pdf to ch1-sinewave.pdf
INFO    : converting ch1-sinewave.pdf to ch1-sinewave.svg
INFO    : converting ch7-series-parallel-example5-figure3.tex to ch7-series-parallel-example5-figure3.pdf
INFO    : cropping ch7-series-parallel-example5-figure3.pdf to cropped-ch7-series-parallel-example5-figure3.pdf
INFO    : renaming cropped-ch7-series-parallel-example5-figure3.pdf to ch7-series-parallel-example5-figure3.pdf
INFO    : converting ch7-series-parallel-example5-figure3.pdf to ch7-series-parallel-example5-figure3.svg
INFO    : converting ch3-circuit39figans5.tex to ch3-circuit39figans5.pdf
INFO    : cropping ch3-circuit39figans5.pdf to cropped-ch3-circuit39figans5.pdf
INFO    : renaming cropped-ch3-circuit39figans5.pdf to ch3-circuit39figans5.pdf
INFO    : converting ch3-circuit39figans5.pdf to ch3-circuit39figans5.svg
INFO    : converting ch5-chargingfromzeroendofchapter4.tex to ch5-chargingfromzeroendofchapter4.pdf
INFO    : cropping ch5-chargingfromzeroendofchapter4.pdf to cropped-ch5-chargingfromzeroendofchapter4.pdf
INFO    : renaming cropped-ch5-chargingfromzeroendofchapter4.pdf to ch5-chargingfromzeroendofchapter4.pdf
INFO    : converting ch5-chargingfromzeroendofchapter4.pdf to ch5-chargingfromzeroendofchapter4.svg
INFO    : converting ch3-superpositionNumericSubcircuitFigure2.tex to ch3-superpositionNumericSubcircuitFigure2.pdf
INFO    : cropping ch3-superpositionNumericSubcircuitFigure2.pdf to cropped-ch3-superpositionNumericSubcircuitFigure2.pdf
INFO    : renaming cropped-ch3-superpositionNumericSubcircuitFigure2.pdf to ch3-superpositionNumericSubcircuitFigure2.pdf
INFO    : converting ch3-superpositionNumericSubcircuitFigure2.pdf to ch3-superpositionNumericSubcircuitFigure2.svg
INFO    : converting ch5-ceqexample1solution1.tex to ch5-ceqexample1solution1.pdf
INFO    : cropping ch5-ceqexample1solution1.pdf to cropped-ch5-ceqexample1solution1.pdf
INFO    : renaming cropped-ch5-ceqexample1solution1.pdf to ch5-ceqexample1solution1.pdf
INFO    : converting ch5-ceqexample1solution1.pdf to ch5-ceqexample1solution1.svg
INFO    : converting ch5-generalrcexample3.tex to ch5-generalrcexample3.pdf
INFO    : cropping ch5-generalrcexample3.pdf to cropped-ch5-generalrcexample3.pdf
INFO    : renaming cropped-ch5-generalrcexample3.pdf to ch5-generalrcexample3.pdf
INFO    : converting ch5-generalrcexample3.pdf to ch5-generalrcexample3.svg
INFO    : converting ch5-chargingfromzerorcexample3solution2.tex to ch5-chargingfromzerorcexample3solution2.pdf
INFO    : cropping ch5-chargingfromzerorcexample3solution2.pdf to cropped-ch5-chargingfromzerorcexample3solution2.pdf
INFO    : renaming cropped-ch5-chargingfromzerorcexample3solution2.pdf to ch5-chargingfromzerorcexample3solution2.pdf
INFO    : converting ch5-chargingfromzerorcexample3solution2.pdf to ch5-chargingfromzerorcexample3solution2.svg
INFO    : converting ch6-general-rl-example1-diagram.tex to ch6-general-rl-example1-diagram.pdf
INFO    : cropping ch6-general-rl-example1-diagram.pdf to cropped-ch6-general-rl-example1-diagram.pdf
INFO    : renaming cropped-ch6-general-rl-example1-diagram.pdf to ch6-general-rl-example1-diagram.pdf
INFO    : converting ch6-general-rl-example1-diagram.pdf to ch6-general-rl-example1-diagram.svg
INFO    : converting ch2-circuit218figans1.tex to ch2-circuit218figans1.pdf
INFO    : cropping ch2-circuit218figans1.pdf to cropped-ch2-circuit218figans1.pdf
INFO    : renaming cropped-ch2-circuit218figans1.pdf to ch2-circuit218figans1.pdf
INFO    : converting ch2-circuit218figans1.pdf to ch2-circuit218figans1.svg
INFO    : converting ch3-theveninExample3.tex to ch3-theveninExample3.pdf
INFO    : cropping ch3-theveninExample3.pdf to cropped-ch3-theveninExample3.pdf
INFO    : renaming cropped-ch3-theveninExample3.pdf to ch3-theveninExample3.pdf
INFO    : converting ch3-theveninExample3.pdf to ch3-theveninExample3.svg
INFO    : converting ch5-chargingfromzerorcexample4solution2.tex to ch5-chargingfromzerorcexample4solution2.pdf
INFO    : cropping ch5-chargingfromzerorcexample4solution2.pdf to cropped-ch5-chargingfromzerorcexample4solution2.pdf
INFO    : renaming cropped-ch5-chargingfromzerorcexample4solution2.pdf to ch5-chargingfromzerorcexample4solution2.pdf
INFO    : converting ch5-chargingfromzerorcexample4solution2.pdf to ch5-chargingfromzerorcexample4solution2.svg
INFO    : converting ch6-chargingfromzeroexample1fig5.tex to ch6-chargingfromzeroexample1fig5.pdf
INFO    : cropping ch6-chargingfromzeroexample1fig5.pdf to cropped-ch6-chargingfromzeroexample1fig5.pdf
INFO    : renaming cropped-ch6-chargingfromzeroexample1fig5.pdf to ch6-chargingfromzeroexample1fig5.pdf
INFO    : converting ch6-chargingfromzeroexample1fig5.pdf to ch6-chargingfromzeroexample1fig5.svg
INFO    : converting ch2-kvlexample2.tex to ch2-kvlexample2.pdf
INFO    : cropping ch2-kvlexample2.pdf to cropped-ch2-kvlexample2.pdf
INFO    : renaming cropped-ch2-kvlexample2.pdf to ch2-kvlexample2.pdf
INFO    : converting ch2-kvlexample2.pdf to ch2-kvlexample2.svg
INFO    : converting ch7-homogeneous-parallelrlc-diagram-t0plus.tex to ch7-homogeneous-parallelrlc-diagram-t0plus.pdf
INFO    : cropping ch7-homogeneous-parallelrlc-diagram-t0plus.pdf to cropped-ch7-homogeneous-parallelrlc-diagram-t0plus.pdf
INFO    : renaming cropped-ch7-homogeneous-parallelrlc-diagram-t0plus.pdf to ch7-homogeneous-parallelrlc-diagram-t0plus.pdf
INFO    : converting ch7-homogeneous-parallelrlc-diagram-t0plus.pdf to ch7-homogeneous-parallelrlc-diagram-t0plus.svg
INFO    : converting ch2-cktnodes.tex to ch2-cktnodes.pdf
INFO    : cropping ch2-cktnodes.pdf to cropped-ch2-cktnodes.pdf
INFO    : renaming cropped-ch2-cktnodes.pdf to ch2-cktnodes.pdf
INFO    : converting ch2-cktnodes.pdf to ch2-cktnodes.svg
INFO    : converting ch3-circuit31figans1.tex to ch3-circuit31figans1.pdf
INFO    : cropping ch3-circuit31figans1.pdf to cropped-ch3-circuit31figans1.pdf
INFO    : renaming cropped-ch3-circuit31figans1.pdf to ch3-circuit31figans1.pdf
INFO    : converting ch3-circuit31figans1.pdf to ch3-circuit31figans1.svg
INFO    : converting ch3-theveninExample1.tex to ch3-theveninExample1.pdf
INFO    : cropping ch3-theveninExample1.pdf to cropped-ch3-theveninExample1.pdf
INFO    : renaming cropped-ch3-theveninExample1.pdf to ch3-theveninExample1.pdf
INFO    : converting ch3-theveninExample1.pdf to ch3-theveninExample1.svg
INFO    : converting ch5-chargingfromzerocircuitexample1.tex to ch5-chargingfromzerocircuitexample1.pdf
INFO    : cropping ch5-chargingfromzerocircuitexample1.pdf to cropped-ch5-chargingfromzerocircuitexample1.pdf
INFO    : renaming cropped-ch5-chargingfromzerocircuitexample1.pdf to ch5-chargingfromzerocircuitexample1.pdf
INFO    : converting ch5-chargingfromzerocircuitexample1.pdf to ch5-chargingfromzerocircuitexample1.svg
INFO    : converting ch1-rectpulsefig.tex to ch1-rectpulsefig.pdf
INFO    : cropping ch1-rectpulsefig.pdf to cropped-ch1-rectpulsefig.pdf
INFO    : renaming cropped-ch1-rectpulsefig.pdf to ch1-rectpulsefig.pdf
INFO    : converting ch1-rectpulsefig.pdf to ch1-rectpulsefig.svg
INFO    : converting ch3-circuit314figans2.tex to ch3-circuit314figans2.pdf
INFO    : cropping ch3-circuit314figans2.pdf to cropped-ch3-circuit314figans2.pdf
INFO    : renaming cropped-ch3-circuit314figans2.pdf to ch3-circuit314figans2.pdf
INFO    : converting ch3-circuit314figans2.pdf to ch3-circuit314figans2.svg
INFO    : converting ch7-homogeneous-second-example5-diagram.tex to ch7-homogeneous-second-example5-diagram.pdf
INFO    : cropping ch7-homogeneous-second-example5-diagram.pdf to cropped-ch7-homogeneous-second-example5-diagram.pdf
INFO    : renaming cropped-ch7-homogeneous-second-example5-diagram.pdf to ch7-homogeneous-second-example5-diagram.pdf
INFO    : converting ch7-homogeneous-second-example5-diagram.pdf to ch7-homogeneous-second-example5-diagram.svg
INFO    : converting ch5-generalrcexample1.tex to ch5-generalrcexample1.pdf
INFO    : cropping ch5-generalrcexample1.pdf to cropped-ch5-generalrcexample1.pdf
INFO    : renaming cropped-ch5-generalrcexample1.pdf to ch5-generalrcexample1.pdf
INFO    : converting ch5-generalrcexample1.pdf to ch5-generalrcexample1.svg
INFO    : converting ch6-general-rl-example5-solution2.tex to ch6-general-rl-example5-solution2.pdf
INFO    : cropping ch6-general-rl-example5-solution2.pdf to cropped-ch6-general-rl-example5-solution2.pdf
INFO    : renaming cropped-ch6-general-rl-example5-solution2.pdf to ch6-general-rl-example5-solution2.pdf
INFO    : converting ch6-general-rl-example5-solution2.pdf to ch6-general-rl-example5-solution2.svg
INFO    : converting ch1-diracdeltafigure.tex to ch1-diracdeltafigure.pdf
INFO    : cropping ch1-diracdeltafigure.pdf to cropped-ch1-diracdeltafigure.pdf
INFO    : renaming cropped-ch1-diracdeltafigure.pdf to ch1-diracdeltafigure.pdf
INFO    : converting ch1-diracdeltafigure.pdf to ch1-diracdeltafigure.svg
INFO    : converting ch4-examplecircuit415.tex to ch4-examplecircuit415.pdf
INFO    : cropping ch4-examplecircuit415.pdf to cropped-ch4-examplecircuit415.pdf
INFO    : renaming cropped-ch4-examplecircuit415.pdf to ch4-examplecircuit415.pdf
INFO    : converting ch4-examplecircuit415.pdf to ch4-examplecircuit415.svg
INFO    : converting ch1-triangularpulsegraph.tex to ch1-triangularpulsegraph.pdf
INFO    : cropping ch1-triangularpulsegraph.pdf to cropped-ch1-triangularpulsegraph.pdf
INFO    : renaming cropped-ch1-triangularpulsegraph.pdf to ch1-triangularpulsegraph.pdf
INFO    : converting ch1-triangularpulsegraph.pdf to ch1-triangularpulsegraph.svg
INFO    : converting ch7-series-parallel-example5-figure1.tex to ch7-series-parallel-example5-figure1.pdf
INFO    : cropping ch7-series-parallel-example5-figure1.pdf to cropped-ch7-series-parallel-example5-figure1.pdf
INFO    : renaming cropped-ch7-series-parallel-example5-figure1.pdf to ch7-series-parallel-example5-figure1.pdf
INFO    : converting ch7-series-parallel-example5-figure1.pdf to ch7-series-parallel-example5-figure1.svg
INFO    : converting ch3-circuit34figans4.tex to ch3-circuit34figans4.pdf
INFO    : cropping ch3-circuit34figans4.pdf to cropped-ch3-circuit34figans4.pdf
INFO    : renaming cropped-ch3-circuit34figans4.pdf to ch3-circuit34figans4.pdf
INFO    : converting ch3-circuit34figans4.pdf to ch3-circuit34figans4.svg
INFO    : converting ch3-circuit311figans.tex to ch3-circuit311figans.pdf
INFO    : cropping ch3-circuit311figans.pdf to cropped-ch3-circuit311figans.pdf
INFO    : renaming cropped-ch3-circuit311figans.pdf to ch3-circuit311figans.pdf
INFO    : converting ch3-circuit311figans.pdf to ch3-circuit311figans.svg
INFO    : converting ch5-equivcapexample4solution4.tex to ch5-equivcapexample4solution4.pdf
INFO    : cropping ch5-equivcapexample4solution4.pdf to cropped-ch5-equivcapexample4solution4.pdf
INFO    : renaming cropped-ch5-equivcapexample4solution4.pdf to ch5-equivcapexample4solution4.pdf
INFO    : converting ch5-equivcapexample4solution4.pdf to ch5-equivcapexample4solution4.svg
INFO    : converting ch5-tgeneralrcexample5solution8.tex to ch5-tgeneralrcexample5solution8.pdf
INFO    : cropping ch5-tgeneralrcexample5solution8.pdf to cropped-ch5-tgeneralrcexample5solution8.pdf
INFO    : renaming cropped-ch5-tgeneralrcexample5solution8.pdf to ch5-tgeneralrcexample5solution8.pdf
INFO    : converting ch5-tgeneralrcexample5solution8.pdf to ch5-tgeneralrcexample5solution8.svg
INFO    : converting ch1-circuit116exercise.tex to ch1-circuit116exercise.pdf
INFO    : cropping ch1-circuit116exercise.pdf to cropped-ch1-circuit116exercise.pdf
INFO    : renaming cropped-ch1-circuit116exercise.pdf to ch1-circuit116exercise.pdf
INFO    : converting ch1-circuit116exercise.pdf to ch1-circuit116exercise.svg
INFO    : converting ch2-circuit213fig.tex to ch2-circuit213fig.pdf
INFO    : cropping ch2-circuit213fig.pdf to cropped-ch2-circuit213fig.pdf
INFO    : renaming cropped-ch2-circuit213fig.pdf to ch2-circuit213fig.pdf
INFO    : converting ch2-circuit213fig.pdf to ch2-circuit213fig.svg
INFO    : converting ch6-generalexample2fig6.tex to ch6-generalexample2fig6.pdf
INFO    : cropping ch6-generalexample2fig6.pdf to cropped-ch6-generalexample2fig6.pdf
INFO    : renaming cropped-ch6-generalexample2fig6.pdf to ch6-generalexample2fig6.pdf
INFO    : converting ch6-generalexample2fig6.pdf to ch6-generalexample2fig6.svg
INFO    : converting ch3-shortedVoltageSource.tex to ch3-shortedVoltageSource.pdf
INFO    : cropping ch3-shortedVoltageSource.pdf to cropped-ch3-shortedVoltageSource.pdf
INFO    : renaming cropped-ch3-shortedVoltageSource.pdf to ch3-shortedVoltageSource.pdf
INFO    : converting ch3-shortedVoltageSource.pdf to ch3-shortedVoltageSource.svg
INFO    : converting ch6-generalexample2fig7.tex to ch6-generalexample2fig7.pdf
INFO    : cropping ch6-generalexample2fig7.pdf to cropped-ch6-generalexample2fig7.pdf
INFO    : renaming cropped-ch6-generalexample2fig7.pdf to ch6-generalexample2fig7.pdf
INFO    : converting ch6-generalexample2fig7.pdf to ch6-generalexample2fig7.svg
INFO    : converting ch5-tgeneralrcexample5solution9.tex to ch5-tgeneralrcexample5solution9.pdf
INFO    : cropping ch5-tgeneralrcexample5solution9.pdf to cropped-ch5-tgeneralrcexample5solution9.pdf
INFO    : renaming cropped-ch5-tgeneralrcexample5solution9.pdf to ch5-tgeneralrcexample5solution9.pdf
INFO    : converting ch5-tgeneralrcexample5solution9.pdf to ch5-tgeneralrcexample5solution9.svg
INFO    : converting ch5-equivcapexample4solution5.tex to ch5-equivcapexample4solution5.pdf
INFO    : cropping ch5-equivcapexample4solution5.pdf to cropped-ch5-equivcapexample4solution5.pdf
INFO    : renaming cropped-ch5-equivcapexample4solution5.pdf to ch5-equivcapexample4solution5.pdf
INFO    : converting ch5-equivcapexample4solution5.pdf to ch5-equivcapexample4solution5.svg
INFO    : converting ch2-resistorsymbol.tex to ch2-resistorsymbol.pdf
INFO    : cropping ch2-resistorsymbol.pdf to cropped-ch2-resistorsymbol.pdf
INFO    : renaming cropped-ch2-resistorsymbol.pdf to ch2-resistorsymbol.pdf
INFO    : converting ch2-resistorsymbol.pdf to ch2-resistorsymbol.svg
INFO    : converting ch3-circuit34figans5.tex to ch3-circuit34figans5.pdf
INFO    : cropping ch3-circuit34figans5.pdf to cropped-ch3-circuit34figans5.pdf
INFO    : renaming cropped-ch3-circuit34figans5.pdf to ch3-circuit34figans5.pdf
INFO    : converting ch3-circuit34figans5.pdf to ch3-circuit34figans5.svg
INFO    : converting ch5-rchomogeneousdischargecircuit3.tex to ch5-rchomogeneousdischargecircuit3.pdf
INFO    : cropping ch5-rchomogeneousdischargecircuit3.pdf to cropped-ch5-rchomogeneousdischargecircuit3.pdf
INFO    : renaming cropped-ch5-rchomogeneousdischargecircuit3.pdf to ch5-rchomogeneousdischargecircuit3.pdf
INFO    : converting ch5-rchomogeneousdischargecircuit3.pdf to ch5-rchomogeneousdischargecircuit3.svg
INFO    : converting ch5-aluminumelectrolyticdiagram.tex to ch5-aluminumelectrolyticdiagram.pdf
INFO    : cropping ch5-aluminumelectrolyticdiagram.pdf to cropped-ch5-aluminumelectrolyticdiagram.pdf
INFO    : renaming cropped-ch5-aluminumelectrolyticdiagram.pdf to ch5-aluminumelectrolyticdiagram.pdf
INFO    : converting ch5-aluminumelectrolyticdiagram.pdf to ch5-aluminumelectrolyticdiagram.svg
INFO    : converting ch1-exampletwoseriesvoltagesotherafter.tex to ch1-exampletwoseriesvoltagesotherafter.pdf
INFO    : cropping ch1-exampletwoseriesvoltagesotherafter.pdf to cropped-ch1-exampletwoseriesvoltagesotherafter.pdf
INFO    : renaming cropped-ch1-exampletwoseriesvoltagesotherafter.pdf to ch1-exampletwoseriesvoltagesotherafter.pdf
INFO    : converting ch1-exampletwoseriesvoltagesotherafter.pdf to ch1-exampletwoseriesvoltagesotherafter.svg
INFO    : converting ch2-circuit225fig.tex to ch2-circuit225fig.pdf
INFO    : cropping ch2-circuit225fig.pdf to cropped-ch2-circuit225fig.pdf
INFO    : renaming cropped-ch2-circuit225fig.pdf to ch2-circuit225fig.pdf
INFO    : converting ch2-circuit225fig.pdf to ch2-circuit225fig.svg
INFO    : converting ch5-chargingfromzerorcexample5solution6.tex to ch5-chargingfromzerorcexample5solution6.pdf
INFO    : cropping ch5-chargingfromzerorcexample5solution6.pdf to cropped-ch5-chargingfromzerorcexample5solution6.pdf
INFO    : renaming cropped-ch5-chargingfromzerorcexample5solution6.pdf to ch5-chargingfromzerorcexample5solution6.pdf
INFO    : converting ch5-chargingfromzerorcexample5solution6.pdf to ch5-chargingfromzerorcexample5solution6.svg
INFO    : converting ch4-examplecircuit414.tex to ch4-examplecircuit414.pdf
INFO    : cropping ch4-examplecircuit414.pdf to cropped-ch4-examplecircuit414.pdf
INFO    : renaming cropped-ch4-examplecircuit414.pdf to ch4-examplecircuit414.pdf
INFO    : converting ch4-examplecircuit414.pdf to ch4-examplecircuit414.svg
INFO    : converting ch3-circuit39figans6.tex to ch3-circuit39figans6.pdf
INFO    : cropping ch3-circuit39figans6.pdf to cropped-ch3-circuit39figans6.pdf
INFO    : renaming cropped-ch3-circuit39figans6.pdf to ch3-circuit39figans6.pdf
INFO    : converting ch3-circuit39figans6.pdf to ch3-circuit39figans6.svg
INFO    : converting ch3-superpositionNumericSubcircuitFigure1.tex to ch3-superpositionNumericSubcircuitFigure1.pdf
INFO    : cropping ch3-superpositionNumericSubcircuitFigure1.pdf to cropped-ch3-superpositionNumericSubcircuitFigure1.pdf
INFO    : renaming cropped-ch3-superpositionNumericSubcircuitFigure1.pdf to ch3-superpositionNumericSubcircuitFigure1.pdf
INFO    : converting ch3-superpositionNumericSubcircuitFigure1.pdf to ch3-superpositionNumericSubcircuitFigure1.svg
INFO    : converting ch6-general-rl-example5-solution3.tex to ch6-general-rl-example5-solution3.pdf
INFO    : cropping ch6-general-rl-example5-solution3.pdf to cropped-ch6-general-rl-example5-solution3.pdf
INFO    : renaming cropped-ch6-general-rl-example5-solution3.pdf to ch6-general-rl-example5-solution3.pdf
INFO    : converting ch6-general-rl-example5-solution3.pdf to ch6-general-rl-example5-solution3.svg
INFO    : converting ch3-circuit314figans3.tex to ch3-circuit314figans3.pdf
INFO    : cropping ch3-circuit314figans3.pdf to cropped-ch3-circuit314figans3.pdf
INFO    : renaming cropped-ch3-circuit314figans3.pdf to ch3-circuit314figans3.pdf
INFO    : converting ch3-circuit314figans3.pdf to ch3-circuit314figans3.svg
INFO    : converting ch5-chargingfromzerorcexample3solution1.tex to ch5-chargingfromzerorcexample3solution1.pdf
INFO    : cropping ch5-chargingfromzerorcexample3solution1.pdf to cropped-ch5-chargingfromzerorcexample3solution1.pdf
INFO    : renaming cropped-ch5-chargingfromzerorcexample3solution1.pdf to ch5-chargingfromzerorcexample3solution1.pdf
INFO    : converting ch5-chargingfromzerorcexample3solution1.pdf to ch5-chargingfromzerorcexample3solution1.svg
INFO    : converting ch2-circuit218figans2.tex to ch2-circuit218figans2.pdf
INFO    : cropping ch2-circuit218figans2.pdf to cropped-ch2-circuit218figans2.pdf
INFO    : renaming cropped-ch2-circuit218figans2.pdf to ch2-circuit218figans2.pdf
INFO    : converting ch2-circuit218figans2.pdf to ch2-circuit218figans2.svg
INFO    : converting ch5-chargingfromzerorcexample4solution1.tex to ch5-chargingfromzerorcexample4solution1.pdf
INFO    : cropping ch5-chargingfromzerorcexample4solution1.pdf to cropped-ch5-chargingfromzerorcexample4solution1.pdf
INFO    : renaming cropped-ch5-chargingfromzerorcexample4solution1.pdf to ch5-chargingfromzerorcexample4solution1.pdf
INFO    : converting ch5-chargingfromzerorcexample4solution1.pdf to ch5-chargingfromzerorcexample4solution1.svg
INFO    : converting ch6-chargingfromzeroexample1fig4.tex to ch6-chargingfromzeroexample1fig4.pdf
INFO    : cropping ch6-chargingfromzeroexample1fig4.pdf to cropped-ch6-chargingfromzeroexample1fig4.pdf
INFO    : renaming cropped-ch6-chargingfromzeroexample1fig4.pdf to ch6-chargingfromzeroexample1fig4.pdf
INFO    : converting ch6-chargingfromzeroexample1fig4.pdf to ch6-chargingfromzeroexample1fig4.svg
INFO    : converting ch12-555timermonostable.tex to ch12-555timermonostable.pdf
INFO    : cropping ch12-555timermonostable.pdf to cropped-ch12-555timermonostable.pdf
INFO    : renaming cropped-ch12-555timermonostable.pdf to ch12-555timermonostable.pdf
INFO    : converting ch12-555timermonostable.pdf to ch12-555timermonostable.svg
INFO    : converting ch4-examplecircuit410sol2.tex to ch4-examplecircuit410sol2.pdf
INFO    : cropping ch4-examplecircuit410sol2.pdf to cropped-ch4-examplecircuit410sol2.pdf
INFO    : renaming cropped-ch4-examplecircuit410sol2.pdf to ch4-examplecircuit410sol2.pdf
INFO    : converting ch4-examplecircuit410sol2.pdf to ch4-examplecircuit410sol2.svg
INFO    : converting ch2-voltagedividerexfig3.tex to ch2-voltagedividerexfig3.pdf
INFO    : cropping ch2-voltagedividerexfig3.pdf to cropped-ch2-voltagedividerexfig3.pdf
INFO    : renaming cropped-ch2-voltagedividerexfig3.pdf to ch2-voltagedividerexfig3.pdf
INFO    : converting ch2-voltagedividerexfig3.pdf to ch2-voltagedividerexfig3.svg
INFO    : converting ch7-homogeneous-general-numeric-example-fig6.tex to ch7-homogeneous-general-numeric-example-fig6.pdf
INFO    : cropping ch7-homogeneous-general-numeric-example-fig6.pdf to cropped-ch7-homogeneous-general-numeric-example-fig6.pdf
INFO    : renaming cropped-ch7-homogeneous-general-numeric-example-fig6.pdf to ch7-homogeneous-general-numeric-example-fig6.pdf
INFO    : converting ch7-homogeneous-general-numeric-example-fig6.pdf to ch7-homogeneous-general-numeric-example-fig6.svg
INFO    : converting ch6-generalexample1fig10.tex to ch6-generalexample1fig10.pdf
INFO    : cropping ch6-generalexample1fig10.pdf to cropped-ch6-generalexample1fig10.pdf
INFO    : renaming cropped-ch6-generalexample1fig10.pdf to ch6-generalexample1fig10.pdf
INFO    : converting ch6-generalexample1fig10.pdf to ch6-generalexample1fig10.svg
INFO    : converting ch5-generaltransientexamplefiguregraphscomeon.tex to ch5-generaltransientexamplefiguregraphscomeon.pdf
INFO    : cropping ch5-generaltransientexamplefiguregraphscomeon.pdf to cropped-ch5-generaltransientexamplefiguregraphscomeon.pdf
INFO    : renaming cropped-ch5-generaltransientexamplefiguregraphscomeon.pdf to ch5-generaltransientexamplefiguregraphscomeon.pdf
INFO    : converting ch5-generaltransientexamplefiguregraphscomeon.pdf to ch5-generaltransientexamplefiguregraphscomeon.svg
INFO    : converting ch3-circuit32figans3.tex to ch3-circuit32figans3.pdf
INFO    : cropping ch3-circuit32figans3.pdf to cropped-ch3-circuit32figans3.pdf
INFO    : renaming cropped-ch3-circuit32figans3.pdf to ch3-circuit32figans3.pdf
INFO    : converting ch3-circuit32figans3.pdf to ch3-circuit32figans3.svg
INFO    : converting ch7-homogeneous-second-example2-diagram.tex to ch7-homogeneous-second-example2-diagram.pdf
INFO    : cropping ch7-homogeneous-second-example2-diagram.pdf to cropped-ch7-homogeneous-second-example2-diagram.pdf
INFO    : renaming cropped-ch7-homogeneous-second-example2-diagram.pdf to ch7-homogeneous-second-example2-diagram.pdf
INFO    : converting ch7-homogeneous-second-example2-diagram.pdf to ch7-homogeneous-second-example2-diagram.svg
INFO    : converting ch4-examplecircuit47.tex to ch4-examplecircuit47.pdf
INFO    : cropping ch4-examplecircuit47.pdf to cropped-ch4-examplecircuit47.pdf
INFO    : renaming cropped-ch4-examplecircuit47.pdf to ch4-examplecircuit47.pdf
INFO    : converting ch4-examplecircuit47.pdf to ch4-examplecircuit47.svg
INFO    : converting ch2-currentfromvrex1.tex to ch2-currentfromvrex1.pdf
INFO    : cropping ch2-currentfromvrex1.pdf to cropped-ch2-currentfromvrex1.pdf
INFO    : renaming cropped-ch2-currentfromvrex1.pdf to ch2-currentfromvrex1.pdf
INFO    : converting ch2-currentfromvrex1.pdf to ch2-currentfromvrex1.svg
INFO    : converting ch3-circuit312figans5.tex to ch3-circuit312figans5.pdf
INFO    : cropping ch3-circuit312figans5.pdf to cropped-ch3-circuit312figans5.pdf
INFO    : renaming cropped-ch3-circuit312figans5.pdf to ch3-circuit312figans5.pdf
INFO    : converting ch3-circuit312figans5.pdf to ch3-circuit312figans5.svg
INFO    : converting ch3-circuit33fig.tex to ch3-circuit33fig.pdf
INFO    : cropping ch3-circuit33fig.pdf to cropped-ch3-circuit33fig.pdf
INFO    : renaming cropped-ch3-circuit33fig.pdf to ch3-circuit33fig.pdf
INFO    : converting ch3-circuit33fig.pdf to ch3-circuit33fig.svg
INFO    : converting ch7-series-parallel-example2-figure1.tex to ch7-series-parallel-example2-figure1.pdf
INFO    : cropping ch7-series-parallel-example2-figure1.pdf to cropped-ch7-series-parallel-example2-figure1.pdf
INFO    : renaming cropped-ch7-series-parallel-example2-figure1.pdf to ch7-series-parallel-example2-figure1.pdf
INFO    : converting ch7-series-parallel-example2-figure1.pdf to ch7-series-parallel-example2-figure1.svg
INFO    : converting ch6-general-rl-example3-solution4.tex to ch6-general-rl-example3-solution4.pdf
INFO    : cropping ch6-general-rl-example3-solution4.pdf to cropped-ch6-general-rl-example3-solution4.pdf
INFO    : renaming cropped-ch6-general-rl-example3-solution4.pdf to ch6-general-rl-example3-solution4.pdf
INFO    : converting ch6-general-rl-example3-solution4.pdf to ch6-general-rl-example3-solution4.svg
INFO    : converting ch3-circuit34figans8.tex to ch3-circuit34figans8.pdf
INFO    : cropping ch3-circuit34figans8.pdf to cropped-ch3-circuit34figans8.pdf
INFO    : renaming cropped-ch3-circuit34figans8.pdf to ch3-circuit34figans8.pdf
INFO    : converting ch3-circuit34figans8.pdf to ch3-circuit34figans8.svg
INFO    : converting ch7-homogeneous-example1-figure2.tex to ch7-homogeneous-example1-figure2.pdf
INFO    : cropping ch7-homogeneous-example1-figure2.pdf to cropped-ch7-homogeneous-example1-figure2.pdf
INFO    : renaming cropped-ch7-homogeneous-example1-figure2.pdf to ch7-homogeneous-example1-figure2.pdf
INFO    : converting ch7-homogeneous-example1-figure2.pdf to ch7-homogeneous-example1-figure2.svg
INFO    : converting ch1-circuit111exercise.tex to ch1-circuit111exercise.pdf
INFO    : cropping ch1-circuit111exercise.pdf to cropped-ch1-circuit111exercise.pdf
INFO    : renaming cropped-ch1-circuit111exercise.pdf to ch1-circuit111exercise.pdf
INFO    : converting ch1-circuit111exercise.pdf to ch1-circuit111exercise.svg
INFO    : converting ch5-tgeneralrcexample5solution4.tex to ch5-tgeneralrcexample5solution4.pdf
INFO    : cropping ch5-tgeneralrcexample5solution4.pdf to cropped-ch5-tgeneralrcexample5solution4.pdf
INFO    : renaming cropped-ch5-tgeneralrcexample5solution4.pdf to ch5-tgeneralrcexample5solution4.pdf
INFO    : converting ch5-tgeneralrcexample5solution4.pdf to ch5-tgeneralrcexample5solution4.svg
INFO    : converting ch5-equivcapexample4solution8.tex to ch5-equivcapexample4solution8.pdf
INFO    : cropping ch5-equivcapexample4solution8.pdf to cropped-ch5-equivcapexample4solution8.pdf
INFO    : renaming cropped-ch5-equivcapexample4solution8.pdf to ch5-equivcapexample4solution8.pdf
INFO    : converting ch5-equivcapexample4solution8.pdf to ch5-equivcapexample4solution8.svg
INFO    : converting ch3-superpositionSubcircuitFigure1.tex to ch3-superpositionSubcircuitFigure1.pdf
INFO    : cropping ch3-superpositionSubcircuitFigure1.pdf to cropped-ch3-superpositionSubcircuitFigure1.pdf
INFO    : renaming cropped-ch3-superpositionSubcircuitFigure1.pdf to ch3-superpositionSubcircuitFigure1.pdf
INFO    : converting ch3-superpositionSubcircuitFigure1.pdf to ch3-superpositionSubcircuitFigure1.svg
INFO    : converting ch2-circuit215ans1.tex to ch2-circuit215ans1.pdf
INFO    : cropping ch2-circuit215ans1.pdf to cropped-ch2-circuit215ans1.pdf
INFO    : renaming cropped-ch2-circuit215ans1.pdf to ch2-circuit215ans1.pdf
INFO    : converting ch2-circuit215ans1.pdf to ch2-circuit215ans1.svg
INFO    : converting elementarysignals117exercise-4-6-2.tex to elementarysignals117exercise-4-6-2.pdf
INFO    : cropping elementarysignals117exercise-4-6-2.pdf to cropped-elementarysignals117exercise-4-6-2.pdf
INFO    : renaming cropped-elementarysignals117exercise-4-6-2.pdf to elementarysignals117exercise-4-6-2.pdf
INFO    : converting elementarysignals117exercise-4-6-2.pdf to elementarysignals117exercise-4-6-2.svg
INFO    : converting ch5-ceramiccapdiagram.tex to ch5-ceramiccapdiagram.pdf
INFO    : cropping ch5-ceramiccapdiagram.pdf to cropped-ch5-ceramiccapdiagram.pdf
INFO    : renaming cropped-ch5-ceramiccapdiagram.pdf to ch5-ceramiccapdiagram.pdf
INFO    : converting ch5-ceramiccapdiagram.pdf to ch5-ceramiccapdiagram.svg
INFO    : converting ch12-555pinout.tex to ch12-555pinout.pdf
INFO    : cropping ch12-555pinout.pdf to cropped-ch12-555pinout.pdf
INFO    : renaming cropped-ch12-555pinout.pdf to ch12-555pinout.pdf
INFO    : converting ch12-555pinout.pdf to ch12-555pinout.svg
INFO    : converting ch5-tgeneralrcexample5solution5.tex to ch5-tgeneralrcexample5solution5.pdf
INFO    : cropping ch5-tgeneralrcexample5solution5.pdf to cropped-ch5-tgeneralrcexample5solution5.pdf
INFO    : renaming cropped-ch5-tgeneralrcexample5solution5.pdf to ch5-tgeneralrcexample5solution5.pdf
INFO    : converting ch5-tgeneralrcexample5solution5.pdf to ch5-tgeneralrcexample5solution5.svg
INFO    : converting ch5-chargercexample1.tex to ch5-chargercexample1.pdf
INFO    : cropping ch5-chargercexample1.pdf to cropped-ch5-chargercexample1.pdf
INFO    : renaming cropped-ch5-chargercexample1.pdf to ch5-chargercexample1.pdf
INFO    : converting ch5-chargercexample1.pdf to ch5-chargercexample1.svg
INFO    : converting ch2-voltagefromirex2.tex to ch2-voltagefromirex2.pdf
INFO    : cropping ch2-voltagefromirex2.pdf to cropped-ch2-voltagefromirex2.pdf
INFO    : renaming cropped-ch2-voltagefromirex2.pdf to ch2-voltagefromirex2.pdf
INFO    : converting ch2-voltagefromirex2.pdf to ch2-voltagefromirex2.svg
INFO    : converting ch3-circuit34figans9.tex to ch3-circuit34figans9.pdf
INFO    : cropping ch3-circuit34figans9.pdf to cropped-ch3-circuit34figans9.pdf
INFO    : renaming cropped-ch3-circuit34figans9.pdf to ch3-circuit34figans9.pdf
INFO    : converting ch3-circuit34figans9.pdf to ch3-circuit34figans9.svg
INFO    : converting ch6-general-rl-example3-solution5.tex to ch6-general-rl-example3-solution5.pdf
INFO    : cropping ch6-general-rl-example3-solution5.pdf to cropped-ch6-general-rl-example3-solution5.pdf
INFO    : renaming cropped-ch6-general-rl-example3-solution5.pdf to ch6-general-rl-example3-solution5.pdf
INFO    : converting ch6-general-rl-example3-solution5.pdf to ch6-general-rl-example3-solution5.svg
INFO    : converting ch3-circuit312figans4.tex to ch3-circuit312figans4.pdf
INFO    : cropping ch3-circuit312figans4.pdf to cropped-ch3-circuit312figans4.pdf
INFO    : renaming cropped-ch3-circuit312figans4.pdf to ch3-circuit312figans4.pdf
INFO    : converting ch3-circuit312figans4.pdf to ch3-circuit312figans4.svg
INFO    : converting ch4-examplecircuit46.tex to ch4-examplecircuit46.pdf
INFO    : cropping ch4-examplecircuit46.pdf to cropped-ch4-examplecircuit46.pdf
INFO    : renaming cropped-ch4-examplecircuit46.pdf to ch4-examplecircuit46.pdf
INFO    : converting ch4-examplecircuit46.pdf to ch4-examplecircuit46.svg
INFO    : converting ch5-homogeneousrcexample1diagram.tex to ch5-homogeneousrcexample1diagram.pdf
INFO    : cropping ch5-homogeneousrcexample1diagram.pdf to cropped-ch5-homogeneousrcexample1diagram.pdf
INFO    : renaming cropped-ch5-homogeneousrcexample1diagram.pdf to ch5-homogeneousrcexample1diagram.pdf
INFO    : converting ch5-homogeneousrcexample1diagram.pdf to ch5-homogeneousrcexample1diagram.svg
INFO    : converting ch1-current-sources-that-cannot-be-combined-possibility1.tex to ch1-current-sources-that-cannot-be-combined-possibility1.pdf
INFO    : cropping ch1-current-sources-that-cannot-be-combined-possibility1.pdf to cropped-ch1-current-sources-that-cannot-be-combined-possibility1.pdf
INFO    : renaming cropped-ch1-current-sources-that-cannot-be-combined-possibility1.pdf to ch1-current-sources-that-cannot-be-combined-possibility1.pdf
INFO    : converting ch1-current-sources-that-cannot-be-combined-possibility1.pdf to ch1-current-sources-that-cannot-be-combined-possibility1.svg
INFO    : converting ch3-circuit32figans2.tex to ch3-circuit32figans2.pdf
INFO    : cropping ch3-circuit32figans2.pdf to cropped-ch3-circuit32figans2.pdf
INFO    : renaming cropped-ch3-circuit32figans2.pdf to ch3-circuit32figans2.pdf
INFO    : converting ch3-circuit32figans2.pdf to ch3-circuit32figans2.svg
INFO    : converting ch7-homogeneous-parallelrlc-parasitic-example-fig1.tex to ch7-homogeneous-parallelrlc-parasitic-example-fig1.pdf
INFO    : cropping ch7-homogeneous-parallelrlc-parasitic-example-fig1.pdf to cropped-ch7-homogeneous-parallelrlc-parasitic-example-fig1.pdf
INFO    : renaming cropped-ch7-homogeneous-parallelrlc-parasitic-example-fig1.pdf to ch7-homogeneous-parallelrlc-parasitic-example-fig1.pdf
INFO    : converting ch7-homogeneous-parallelrlc-parasitic-example-fig1.pdf to ch7-homogeneous-parallelrlc-parasitic-example-fig1.svg
INFO    : converting ch3-circuit34figans10.tex to ch3-circuit34figans10.pdf
INFO    : cropping ch3-circuit34figans10.pdf to cropped-ch3-circuit34figans10.pdf
INFO    : renaming cropped-ch3-circuit34figans10.pdf to ch3-circuit34figans10.pdf
INFO    : converting ch3-circuit34figans10.pdf to ch3-circuit34figans10.svg
INFO    : converting ch3-shortCircuitCurrentExample1.tex to ch3-shortCircuitCurrentExample1.pdf
INFO    : cropping ch3-shortCircuitCurrentExample1.pdf to cropped-ch3-shortCircuitCurrentExample1.pdf
INFO    : renaming cropped-ch3-shortCircuitCurrentExample1.pdf to ch3-shortCircuitCurrentExample1.pdf
INFO    : converting ch3-shortCircuitCurrentExample1.pdf to ch3-shortCircuitCurrentExample1.svg
INFO    : converting ch6-generalexample1fig11.tex to ch6-generalexample1fig11.pdf
INFO    : cropping ch6-generalexample1fig11.pdf to cropped-ch6-generalexample1fig11.pdf
INFO    : renaming cropped-ch6-generalexample1fig11.pdf to ch6-generalexample1fig11.pdf
INFO    : converting ch6-generalexample1fig11.pdf to ch6-generalexample1fig11.svg
INFO    : converting ch2-currentdividerex2.tex to ch2-currentdividerex2.pdf
INFO    : cropping ch2-currentdividerex2.pdf to cropped-ch2-currentdividerex2.pdf
INFO    : renaming cropped-ch2-currentdividerex2.pdf to ch2-currentdividerex2.pdf
INFO    : converting ch2-currentdividerex2.pdf to ch2-currentdividerex2.svg
INFO    : converting ch6-general-rl-example4-solution1.tex to ch6-general-rl-example4-solution1.pdf
INFO    : cropping ch6-general-rl-example4-solution1.pdf to cropped-ch6-general-rl-example4-solution1.pdf
INFO    : renaming cropped-ch6-general-rl-example4-solution1.pdf to ch6-general-rl-example4-solution1.pdf
INFO    : converting ch6-general-rl-example4-solution1.pdf to ch6-general-rl-example4-solution1.svg
INFO    : converting ch5-dischargercexampledependentthevenin1.tex to ch5-dischargercexampledependentthevenin1.pdf
INFO    : cropping ch5-dischargercexampledependentthevenin1.pdf to cropped-ch5-dischargercexampledependentthevenin1.pdf
INFO    : renaming cropped-ch5-dischargercexampledependentthevenin1.pdf to ch5-dischargercexampledependentthevenin1.pdf
INFO    : converting ch5-dischargercexampledependentthevenin1.pdf to ch5-dischargercexampledependentthevenin1.svg
INFO    : converting ch2-circuit220fig.tex to ch2-circuit220fig.pdf
INFO    : cropping ch2-circuit220fig.pdf to cropped-ch2-circuit220fig.pdf
INFO    : renaming cropped-ch2-circuit220fig.pdf to ch2-circuit220fig.pdf
INFO    : converting ch2-circuit220fig.pdf to ch2-circuit220fig.svg
INFO    : converting ch2-deltawyeexample1.tex to ch2-deltawyeexample1.pdf
INFO    : cropping ch2-deltawyeexample1.pdf to cropped-ch2-deltawyeexample1.pdf
INFO    : renaming cropped-ch2-deltawyeexample1.pdf to ch2-deltawyeexample1.pdf
INFO    : converting ch2-deltawyeexample1.pdf to ch2-deltawyeexample1.svg
INFO    : converting ch2-voltagedividerexfig2.tex to ch2-voltagedividerexfig2.pdf
INFO    : cropping ch2-voltagedividerexfig2.pdf to cropped-ch2-voltagedividerexfig2.pdf
INFO    : renaming cropped-ch2-voltagedividerexfig2.pdf to ch2-voltagedividerexfig2.pdf
INFO    : converting ch2-voltagedividerexfig2.pdf to ch2-voltagedividerexfig2.svg
INFO    : converting ch4-invertingopampcurrent.tex to ch4-invertingopampcurrent.pdf
INFO    : cropping ch4-invertingopampcurrent.pdf to cropped-ch4-invertingopampcurrent.pdf
INFO    : renaming cropped-ch4-invertingopampcurrent.pdf to ch4-invertingopampcurrent.pdf
INFO    : converting ch4-invertingopampcurrent.pdf to ch4-invertingopampcurrent.svg
INFO    : converting ch5-opampdifffigure.tex to ch5-opampdifffigure.pdf
INFO    : cropping ch5-opampdifffigure.pdf to cropped-ch5-opampdifffigure.pdf
INFO    : renaming cropped-ch5-opampdifffigure.pdf to ch5-opampdifffigure.pdf
INFO    : converting ch5-opampdifffigure.pdf to ch5-opampdifffigure.svg
INFO    : converting ch4-examplecircuit410sol1.tex to ch4-examplecircuit410sol1.pdf
INFO    : cropping ch4-examplecircuit410sol1.pdf to cropped-ch4-examplecircuit410sol1.pdf
INFO    : renaming cropped-ch4-examplecircuit410sol1.pdf to ch4-examplecircuit410sol1.pdf
INFO    : converting ch4-examplecircuit410sol1.pdf to ch4-examplecircuit410sol1.svg
INFO    : converting ch3-circuit314figans.tex to ch3-circuit314figans.pdf
INFO    : cropping ch3-circuit314figans.pdf to cropped-ch3-circuit314figans.pdf
INFO    : renaming cropped-ch3-circuit314figans.pdf to ch3-circuit314figans.pdf
INFO    : converting ch3-circuit314figans.pdf to ch3-circuit314figans.svg
INFO    : converting ch6-nonhomogeneousrlcircuitfigure.tex to ch6-nonhomogeneousrlcircuitfigure.pdf
INFO    : cropping ch6-nonhomogeneousrlcircuitfigure.pdf to cropped-ch6-nonhomogeneousrlcircuitfigure.pdf
INFO    : renaming cropped-ch6-nonhomogeneousrlcircuitfigure.pdf to ch6-nonhomogeneousrlcircuitfigure.pdf
INFO    : converting ch6-nonhomogeneousrlcircuitfigure.pdf to ch6-nonhomogeneousrlcircuitfigure.svg
INFO    : converting ch1-stepfunctionexamplegraph.tex to ch1-stepfunctionexamplegraph.pdf
INFO    : cropping ch1-stepfunctionexamplegraph.pdf to cropped-ch1-stepfunctionexamplegraph.pdf
INFO    : renaming cropped-ch1-stepfunctionexamplegraph.pdf to ch1-stepfunctionexamplegraph.pdf
INFO    : converting ch1-stepfunctionexamplegraph.pdf to ch1-stepfunctionexamplegraph.svg
INFO    : converting ch12-555timerastablecharging.tex to ch12-555timerastablecharging.pdf
INFO    : cropping ch12-555timerastablecharging.pdf to cropped-ch12-555timerastablecharging.pdf
INFO    : renaming cropped-ch12-555timerastablecharging.pdf to ch12-555timerastablecharging.pdf
INFO    : converting ch12-555timerastablecharging.pdf to ch12-555timerastablecharging.svg
INFO    : converting ch6-general-rl-example4-solution3.tex to ch6-general-rl-example4-solution3.pdf
INFO    : cropping ch6-general-rl-example4-solution3.pdf to cropped-ch6-general-rl-example4-solution3.pdf
INFO    : renaming cropped-ch6-general-rl-example4-solution3.pdf to ch6-general-rl-example4-solution3.pdf
INFO    : converting ch6-general-rl-example4-solution3.pdf to ch6-general-rl-example4-solution3.svg
INFO    : converting ch7-homogeneous-general-numeric-example-fig5.tex to ch7-homogeneous-general-numeric-example-fig5.pdf
INFO    : cropping ch7-homogeneous-general-numeric-example-fig5.pdf to cropped-ch7-homogeneous-general-numeric-example-fig5.pdf
INFO    : renaming cropped-ch7-homogeneous-general-numeric-example-fig5.pdf to ch7-homogeneous-general-numeric-example-fig5.pdf
INFO    : converting ch7-homogeneous-general-numeric-example-fig5.pdf to ch7-homogeneous-general-numeric-example-fig5.svg
INFO    : converting ch2-deltawyeexample3.tex to ch2-deltawyeexample3.pdf
INFO    : cropping ch2-deltawyeexample3.pdf to cropped-ch2-deltawyeexample3.pdf
INFO    : renaming cropped-ch2-deltawyeexample3.pdf to ch2-deltawyeexample3.pdf
INFO    : converting ch2-deltawyeexample3.pdf to ch2-deltawyeexample3.svg
INFO    : converting ch3-sourceTransformationFigure5.tex to ch3-sourceTransformationFigure5.pdf
INFO    : cropping ch3-sourceTransformationFigure5.pdf to cropped-ch3-sourceTransformationFigure5.pdf
INFO    : renaming cropped-ch3-sourceTransformationFigure5.pdf to ch3-sourceTransformationFigure5.pdf
INFO    : converting ch3-sourceTransformationFigure5.pdf to ch3-sourceTransformationFigure5.svg
INFO    : converting ch7-homogeneous-parallelrlc-parasitic-example-fig3.tex to ch7-homogeneous-parallelrlc-parasitic-example-fig3.pdf
INFO    : cropping ch7-homogeneous-parallelrlc-parasitic-example-fig3.pdf to cropped-ch7-homogeneous-parallelrlc-parasitic-example-fig3.pdf
INFO    : renaming cropped-ch7-homogeneous-parallelrlc-parasitic-example-fig3.pdf to ch7-homogeneous-parallelrlc-parasitic-example-fig3.pdf
INFO    : converting ch7-homogeneous-parallelrlc-parasitic-example-fig3.pdf to ch7-homogeneous-parallelrlc-parasitic-example-fig3.svg
INFO    : converting ch4-examplecircuit44.tex to ch4-examplecircuit44.pdf
INFO    : cropping ch4-examplecircuit44.pdf to cropped-ch4-examplecircuit44.pdf
INFO    : renaming cropped-ch4-examplecircuit44.pdf to ch4-examplecircuit44.pdf
INFO    : converting ch4-examplecircuit44.pdf to ch4-examplecircuit44.svg
INFO    : converting ch2-currentfromvrex2.tex to ch2-currentfromvrex2.pdf
INFO    : cropping ch2-currentfromvrex2.pdf to cropped-ch2-currentfromvrex2.pdf
INFO    : renaming cropped-ch2-currentfromvrex2.pdf to ch2-currentfromvrex2.pdf
INFO    : converting ch2-currentfromvrex2.pdf to ch2-currentfromvrex2.svg
INFO    : converting ch3-circuit312figans6.tex to ch3-circuit312figans6.pdf
