INFO    : Building target web
INFO    : XSL conversion of /Users/ajp/Dropbox/COD/Engineering 2210 - Circuit Analysis 1/new-Textbook/source/main.ptx by /Users/ajp/.ptx/2.36.0/core/xsl/utilities/pretext-enhanced-source.xsl
INFO    : successful application of /Users/ajp/.ptx/2.36.0/core/xsl/utilities/pretext-enhanced-source.xsl
INFO    : Generating any needed assets.
INFO    : converting latex-image pictures from /Users/ajp/Dropbox/COD/Engineering 2210 - Circuit Analysis 1/new-Textbook/source/main.ptx to svg graphics for placement in /Users/ajp/Dropbox/COD/Engineering 2210 - Circuit Analysis 1/new-Textbook/generated-assets/latex-image
INFO    : extracting latex-image pictures from /Users/ajp/Dropbox/COD/Engineering 2210 - Circuit Analysis 1/new-Textbook/source/main.ptx
INFO    : string parameters passed to extraction stylesheet: {'cli.version': '2.36', 'publisher': '/Users/ajp/Dropbox/COD/Engineering 2210 - Circuit Analysis 1/new-Textbook/publication/publication.ptx'}
INFO    : discovering source file's directory name: /Users/ajp/Dropbox/COD/Engineering 2210 - Circuit Analysis 1/new-Textbook/source
INFO    : verifying and expanding input directory: /Users/ajp/Dropbox/COD/Engineering 2210 - Circuit Analysis 1/new-Textbook/source/../generated-assets
INFO    : input directory expanded to absolute path: /Users/ajp/Dropbox/COD/Engineering 2210 - Circuit Analysis 1/new-Textbook/generated-assets
INFO    : verifying and expanding input directory: /Users/ajp/Dropbox/COD/Engineering 2210 - Circuit Analysis 1/new-Textbook/source/../assets
INFO    : input directory expanded to absolute path: /Users/ajp/Dropbox/COD/Engineering 2210 - Circuit Analysis 1/new-Textbook/assets
INFO    : discovering source file's directory name: /Users/ajp/Dropbox/COD/Engineering 2210 - Circuit Analysis 1/new-Textbook/source
INFO    : XSL conversion of /Users/ajp/Dropbox/COD/Engineering 2210 - Circuit Analysis 1/new-Textbook/source/main.ptx by /Users/ajp/.ptx/2.36.0/core/xsl/extract-latex-image.xsl
INFO    : successful application of /Users/ajp/.ptx/2.36.0/core/xsl/extract-latex-image.xsl
INFO    : converting ch3-circuit312figans6.tex to ch3-circuit312figans6.pdf
INFO    : cropping ch3-circuit312figans6.pdf to cropped-ch3-circuit312figans6.pdf
INFO    : renaming cropped-ch3-circuit312figans6.pdf to ch3-circuit312figans6.pdf
INFO    : converting ch3-circuit312figans6.pdf to ch3-circuit312figans6.svg
INFO    : converting ch7-series-parallel-example2-figure2.tex to ch7-series-parallel-example2-figure2.pdf
INFO    : cropping ch7-series-parallel-example2-figure2.pdf to cropped-ch7-series-parallel-example2-figure2.pdf
INFO    : renaming cropped-ch7-series-parallel-example2-figure2.pdf to ch7-series-parallel-example2-figure2.pdf
INFO    : converting ch7-series-parallel-example2-figure2.pdf to ch7-series-parallel-example2-figure2.svg
INFO    : converting ch2-circuit27fig.tex to ch2-circuit27fig.pdf
INFO    : cropping ch2-circuit27fig.pdf to cropped-ch2-circuit27fig.pdf
INFO    : renaming cropped-ch2-circuit27fig.pdf to ch2-circuit27fig.pdf
INFO    : converting ch2-circuit27fig.pdf to ch2-circuit27fig.svg
INFO    : converting ch7-homogeneous-example1-figure1.tex to ch7-homogeneous-example1-figure1.pdf
INFO    : cropping ch7-homogeneous-example1-figure1.pdf to cropped-ch7-homogeneous-example1-figure1.pdf
INFO    : renaming cropped-ch7-homogeneous-example1-figure1.pdf to ch7-homogeneous-example1-figure1.pdf
INFO    : converting ch7-homogeneous-example1-figure1.pdf to ch7-homogeneous-example1-figure1.svg
INFO    : converting ch1-groundsymbol.tex to ch1-groundsymbol.pdf
INFO    : cropping ch1-groundsymbol.pdf to cropped-ch1-groundsymbol.pdf
INFO    : renaming cropped-ch1-groundsymbol.pdf to ch1-groundsymbol.pdf
INFO    : converting ch1-groundsymbol.pdf to ch1-groundsymbol.svg
INFO    : converting ch3-superpositionSubcircuitFigure2.tex to ch3-superpositionSubcircuitFigure2.pdf
INFO    : cropping ch3-superpositionSubcircuitFigure2.pdf to cropped-ch3-superpositionSubcircuitFigure2.pdf
INFO    : renaming cropped-ch3-superpositionSubcircuitFigure2.pdf to ch3-superpositionSubcircuitFigure2.pdf
INFO    : converting ch3-superpositionSubcircuitFigure2.pdf to ch3-superpositionSubcircuitFigure2.svg
INFO    : converting ch5-chargercexample3.tex to ch5-chargercexample3.pdf
INFO    : cropping ch5-chargercexample3.pdf to cropped-ch5-chargercexample3.pdf
INFO    : renaming cropped-ch5-chargercexample3.pdf to ch5-chargercexample3.pdf
INFO    : converting ch5-chargercexample3.pdf to ch5-chargercexample3.svg
INFO    : converting ch5-tgeneralrcexample5solution7.tex to ch5-tgeneralrcexample5solution7.pdf
INFO    : cropping ch5-tgeneralrcexample5solution7.pdf to cropped-ch5-tgeneralrcexample5solution7.pdf
INFO    : renaming cropped-ch5-tgeneralrcexample5solution7.pdf to ch5-tgeneralrcexample5solution7.pdf
INFO    : converting ch5-tgeneralrcexample5solution7.pdf to ch5-tgeneralrcexample5solution7.svg
INFO    : converting ch6-generalexample2fig9.tex to ch6-generalexample2fig9.pdf
INFO    : cropping ch6-generalexample2fig9.pdf to cropped-ch6-generalexample2fig9.pdf
INFO    : renaming cropped-ch6-generalexample2fig9.pdf to ch6-generalexample2fig9.pdf
INFO    : converting ch6-generalexample2fig9.pdf to ch6-generalexample2fig9.svg
INFO    : converting ch3-circuit314fig.tex to ch3-circuit314fig.pdf
INFO    : cropping ch3-circuit314fig.pdf to cropped-ch3-circuit314fig.pdf
INFO    : renaming cropped-ch3-circuit314fig.pdf to ch3-circuit314fig.pdf
INFO    : converting ch3-circuit314fig.pdf to ch3-circuit314fig.svg
INFO    : converting ch5-homogeneousrcexample5solutiongraph4.tex to ch5-homogeneousrcexample5solutiongraph4.pdf
INFO    : cropping ch5-homogeneousrcexample5solutiongraph4.pdf to cropped-ch5-homogeneousrcexample5solutiongraph4.pdf
INFO    : renaming cropped-ch5-homogeneousrcexample5solutiongraph4.pdf to ch5-homogeneousrcexample5solutiongraph4.pdf
INFO    : converting ch5-homogeneousrcexample5solutiongraph4.pdf to ch5-homogeneousrcexample5solutiongraph4.svg
INFO    : converting ch6-homogeneous-rl-example3-diagram.tex to ch6-homogeneous-rl-example3-diagram.pdf
INFO    : cropping ch6-homogeneous-rl-example3-diagram.pdf to cropped-ch6-homogeneous-rl-example3-diagram.pdf
INFO    : renaming cropped-ch6-homogeneous-rl-example3-diagram.pdf to ch6-homogeneous-rl-example3-diagram.pdf
INFO    : converting ch6-homogeneous-rl-example3-diagram.pdf to ch6-homogeneous-rl-example3-diagram.svg
INFO    : converting ch2-circuit215ans2.tex to ch2-circuit215ans2.pdf
INFO    : cropping ch2-circuit215ans2.pdf to cropped-ch2-circuit215ans2.pdf
INFO    : renaming cropped-ch2-circuit215ans2.pdf to ch2-circuit215ans2.pdf
INFO    : converting ch2-circuit215ans2.pdf to ch2-circuit215ans2.svg
INFO    : converting ch6-generalexample2fig8.tex to ch6-generalexample2fig8.pdf
INFO    : cropping ch6-generalexample2fig8.pdf to cropped-ch6-generalexample2fig8.pdf
INFO    : renaming cropped-ch6-generalexample2fig8.pdf to ch6-generalexample2fig8.pdf
INFO    : converting ch6-generalexample2fig8.pdf to ch6-generalexample2fig8.svg
INFO    : converting ch5-tgeneralrcexample5solution6.tex to ch5-tgeneralrcexample5solution6.pdf
INFO    : cropping ch5-tgeneralrcexample5solution6.pdf to cropped-ch5-tgeneralrcexample5solution6.pdf
INFO    : renaming cropped-ch5-tgeneralrcexample5solution6.pdf to ch5-tgeneralrcexample5solution6.pdf
INFO    : converting ch5-tgeneralrcexample5solution6.pdf to ch5-tgeneralrcexample5solution6.svg
INFO    : converting ch5-chargercexample2.tex to ch5-chargercexample2.pdf
INFO    : cropping ch5-chargercexample2.pdf to cropped-ch5-chargercexample2.pdf
INFO    : renaming cropped-ch5-chargercexample2.pdf to ch5-chargercexample2.pdf
INFO    : converting ch5-chargercexample2.pdf to ch5-chargercexample2.svg
INFO    : converting ch2-circuit24figans4.tex to ch2-circuit24figans4.pdf
INFO    : cropping ch2-circuit24figans4.pdf to cropped-ch2-circuit24figans4.pdf
INFO    : renaming cropped-ch2-circuit24figans4.pdf to ch2-circuit24figans4.pdf
INFO    : converting ch2-circuit24figans4.pdf to ch2-circuit24figans4.svg
INFO    : converting ch2-voltagefromirex1.tex to ch2-voltagefromirex1.pdf
INFO    : cropping ch2-voltagefromirex1.pdf to cropped-ch2-voltagefromirex1.pdf
INFO    : renaming cropped-ch2-voltagefromirex1.pdf to ch2-voltagefromirex1.pdf
INFO    : converting ch2-voltagefromirex1.pdf to ch2-voltagefromirex1.svg
INFO    : converting ch6-equivalentinductance-example5-diagram.tex to ch6-equivalentinductance-example5-diagram.pdf
INFO    : cropping ch6-equivalentinductance-example5-diagram.pdf to cropped-ch6-equivalentinductance-example5-diagram.pdf
INFO    : renaming cropped-ch6-equivalentinductance-example5-diagram.pdf to ch6-equivalentinductance-example5-diagram.pdf
INFO    : converting ch6-equivalentinductance-example5-diagram.pdf to ch6-equivalentinductance-example5-diagram.svg
INFO    : converting ch2-circuit213fig4.tex to ch2-circuit213fig4.pdf
INFO    : cropping ch2-circuit213fig4.pdf to cropped-ch2-circuit213fig4.pdf
INFO    : renaming cropped-ch2-circuit213fig4.pdf to ch2-circuit213fig4.pdf
INFO    : converting ch2-circuit213fig4.pdf to ch2-circuit213fig4.svg
INFO    : converting ch7-series-parallel-example2-figure3.tex to ch7-series-parallel-example2-figure3.pdf
INFO    : cropping ch7-series-parallel-example2-figure3.pdf to cropped-ch7-series-parallel-example2-figure3.pdf
INFO    : renaming cropped-ch7-series-parallel-example2-figure3.pdf to ch7-series-parallel-example2-figure3.pdf
INFO    : converting ch7-series-parallel-example2-figure3.pdf to ch7-series-parallel-example2-figure3.svg
INFO    : converting ch12-555timerschematic.tex to ch12-555timerschematic.pdf
INFO    : cropping ch12-555timerschematic.pdf to cropped-ch12-555timerschematic.pdf
INFO    : renaming cropped-ch12-555timerschematic.pdf to ch12-555timerschematic.pdf
INFO    : converting ch12-555timerschematic.pdf to ch12-555timerschematic.svg
INFO    : converting ch1-current-sources-that-cannot-be-combined-possibility2.tex to ch1-current-sources-that-cannot-be-combined-possibility2.pdf
INFO    : cropping ch1-current-sources-that-cannot-be-combined-possibility2.pdf to cropped-ch1-current-sources-that-cannot-be-combined-possibility2.pdf
INFO    : renaming cropped-ch1-current-sources-that-cannot-be-combined-possibility2.pdf to ch1-current-sources-that-cannot-be-combined-possibility2.pdf
INFO    : converting ch1-current-sources-that-cannot-be-combined-possibility2.pdf to ch1-current-sources-that-cannot-be-combined-possibility2.svg
INFO    : converting ch4-examplecircuit45.tex to ch4-examplecircuit45.pdf
INFO    : cropping ch4-examplecircuit45.pdf to cropped-ch4-examplecircuit45.pdf
INFO    : renaming cropped-ch4-examplecircuit45.pdf to ch4-examplecircuit45.pdf
INFO    : converting ch4-examplecircuit45.pdf to ch4-examplecircuit45.svg
INFO    : converting ch3-circuit32figans1.tex to ch3-circuit32figans1.pdf
INFO    : cropping ch3-circuit32figans1.pdf to cropped-ch3-circuit32figans1.pdf
INFO    : renaming cropped-ch3-circuit32figans1.pdf to ch3-circuit32figans1.pdf
INFO    : converting ch3-circuit32figans1.pdf to ch3-circuit32figans1.svg
INFO    : converting ch7-homogeneous-parallelrlc-parasitic-example-fig2.tex to ch7-homogeneous-parallelrlc-parasitic-example-fig2.pdf
INFO    : cropping ch7-homogeneous-parallelrlc-parasitic-example-fig2.pdf to cropped-ch7-homogeneous-parallelrlc-parasitic-example-fig2.pdf
INFO    : renaming cropped-ch7-homogeneous-parallelrlc-parasitic-example-fig2.pdf to ch7-homogeneous-parallelrlc-parasitic-example-fig2.pdf
INFO    : converting ch7-homogeneous-parallelrlc-parasitic-example-fig2.pdf to ch7-homogeneous-parallelrlc-parasitic-example-fig2.svg
INFO    : converting ch3-sourceTransformationFigure4.tex to ch3-sourceTransformationFigure4.pdf
INFO    : cropping ch3-sourceTransformationFigure4.pdf to cropped-ch3-sourceTransformationFigure4.pdf
INFO    : renaming cropped-ch3-sourceTransformationFigure4.pdf to ch3-sourceTransformationFigure4.pdf
INFO    : converting ch3-sourceTransformationFigure4.pdf to ch3-sourceTransformationFigure4.svg
INFO    : converting ch4-currentsensingcircuit.tex to ch4-currentsensingcircuit.pdf
INFO    : cropping ch4-currentsensingcircuit.pdf to cropped-ch4-currentsensingcircuit.pdf
INFO    : renaming cropped-ch4-currentsensingcircuit.pdf to ch4-currentsensingcircuit.pdf
INFO    : converting ch4-currentsensingcircuit.pdf to ch4-currentsensingcircuit.svg
INFO    : converting ch2-deltawyeexample2.tex to ch2-deltawyeexample2.pdf
INFO    : cropping ch2-deltawyeexample2.pdf to cropped-ch2-deltawyeexample2.pdf
INFO    : renaming cropped-ch2-deltawyeexample2.pdf to ch2-deltawyeexample2.pdf
INFO    : converting ch2-deltawyeexample2.pdf to ch2-deltawyeexample2.svg
INFO    : converting ch5-dischargercexampledependentthevenin2.tex to ch5-dischargercexampledependentthevenin2.pdf
INFO    : cropping ch5-dischargercexampledependentthevenin2.pdf to cropped-ch5-dischargercexampledependentthevenin2.pdf
INFO    : renaming cropped-ch5-dischargercexampledependentthevenin2.pdf to ch5-dischargercexampledependentthevenin2.pdf
INFO    : converting ch5-dischargercexampledependentthevenin2.pdf to ch5-dischargercexampledependentthevenin2.svg
INFO    : converting ch2-currentdividerex1.tex to ch2-currentdividerex1.pdf
INFO    : cropping ch2-currentdividerex1.pdf to cropped-ch2-currentdividerex1.pdf
INFO    : renaming cropped-ch2-currentdividerex1.pdf to ch2-currentdividerex1.pdf
INFO    : converting ch2-currentdividerex1.pdf to ch2-currentdividerex1.svg
INFO    : converting ch7-homogeneous-general-numeric-example-fig4.tex to ch7-homogeneous-general-numeric-example-fig4.pdf
INFO    : cropping ch7-homogeneous-general-numeric-example-fig4.pdf to cropped-ch7-homogeneous-general-numeric-example-fig4.pdf
INFO    : renaming cropped-ch7-homogeneous-general-numeric-example-fig4.pdf to ch7-homogeneous-general-numeric-example-fig4.pdf
INFO    : converting ch7-homogeneous-general-numeric-example-fig4.pdf to ch7-homogeneous-general-numeric-example-fig4.svg
INFO    : converting ch6-general-rl-example4-solution2.tex to ch6-general-rl-example4-solution2.pdf
INFO    : cropping ch6-general-rl-example4-solution2.pdf to cropped-ch6-general-rl-example4-solution2.pdf
INFO    : renaming cropped-ch6-general-rl-example4-solution2.pdf to ch6-general-rl-example4-solution2.pdf
INFO    : converting ch6-general-rl-example4-solution2.pdf to ch6-general-rl-example4-solution2.svg
INFO    : converting ch2-voltagedividerexfig1.tex to ch2-voltagedividerexfig1.pdf
INFO    : cropping ch2-voltagedividerexfig1.pdf to cropped-ch2-voltagedividerexfig1.pdf
INFO    : renaming cropped-ch2-voltagedividerexfig1.pdf to ch2-voltagedividerexfig1.pdf
INFO    : converting ch2-voltagedividerexfig1.pdf to ch2-voltagedividerexfig1.svg
INFO    : converting ch1-acpowersources.tex to ch1-acpowersources.pdf
INFO    : cropping ch1-acpowersources.pdf to cropped-ch1-acpowersources.pdf
INFO    : renaming cropped-ch1-acpowersources.pdf to ch1-acpowersources.pdf
INFO    : converting ch1-acpowersources.pdf to ch1-acpowersources.svg
INFO    : converting ch2-circuit224figans1.tex to ch2-circuit224figans1.pdf
INFO    : cropping ch2-circuit224figans1.pdf to cropped-ch2-circuit224figans1.pdf
INFO    : renaming cropped-ch2-circuit224figans1.pdf to ch2-circuit224figans1.pdf
INFO    : converting ch2-circuit224figans1.pdf to ch2-circuit224figans1.svg
INFO    : converting ch5-chargingrcexample1solution2.tex to ch5-chargingrcexample1solution2.pdf
INFO    : cropping ch5-chargingrcexample1solution2.pdf to cropped-ch5-chargingrcexample1solution2.pdf
INFO    : renaming cropped-ch5-chargingrcexample1solution2.pdf to ch5-chargingrcexample1solution2.pdf
INFO    : converting ch5-chargingrcexample1solution2.pdf to ch5-chargingrcexample1solution2.svg
INFO    : converting ch5-ceqexample2solution1.tex to ch5-ceqexample2solution1.pdf
INFO    : cropping ch5-ceqexample2solution1.pdf to cropped-ch5-ceqexample2solution1.pdf
INFO    : renaming cropped-ch5-ceqexample2solution1.pdf to ch5-ceqexample2solution1.pdf
INFO    : converting ch5-ceqexample2solution1.pdf to ch5-ceqexample2solution1.svg
INFO    : converting ch6-general-rl-example4-solution6.tex to ch6-general-rl-example4-solution6.pdf
INFO    : cropping ch6-general-rl-example4-solution6.pdf to cropped-ch6-general-rl-example4-solution6.pdf
INFO    : renaming cropped-ch6-general-rl-example4-solution6.pdf to ch6-general-rl-example4-solution6.pdf
INFO    : converting ch6-general-rl-example4-solution6.pdf to ch6-general-rl-example4-solution6.svg
INFO    : converting ch2-deltawyeexample6.tex to ch2-deltawyeexample6.pdf
INFO    : cropping ch2-deltawyeexample6.pdf to cropped-ch2-deltawyeexample6.pdf
INFO    : renaming cropped-ch2-deltawyeexample6.pdf to ch2-deltawyeexample6.pdf
INFO    : converting ch2-deltawyeexample6.pdf to ch2-deltawyeexample6.svg
INFO    : converting ch7-homogeneous-example4-figure1.tex to ch7-homogeneous-example4-figure1.pdf
INFO    : cropping ch7-homogeneous-example4-figure1.pdf to cropped-ch7-homogeneous-example4-figure1.pdf
INFO    : renaming cropped-ch7-homogeneous-example4-figure1.pdf to ch7-homogeneous-example4-figure1.pdf
INFO    : converting ch7-homogeneous-example4-figure1.pdf to ch7-homogeneous-example4-figure1.svg
INFO    : converting ch2-circuit25fig.tex to ch2-circuit25fig.pdf
INFO    : cropping ch2-circuit25fig.pdf to cropped-ch2-circuit25fig.pdf
INFO    : renaming cropped-ch2-circuit25fig.pdf to ch2-circuit25fig.pdf
INFO    : converting ch2-circuit25fig.pdf to ch2-circuit25fig.svg
INFO    : converting ch1-exampletwoparallelcurrentsother.tex to ch1-exampletwoparallelcurrentsother.pdf
INFO    : cropping ch1-exampletwoparallelcurrentsother.pdf to cropped-ch1-exampletwoparallelcurrentsother.pdf
INFO    : renaming cropped-ch1-exampletwoparallelcurrentsother.pdf to ch1-exampletwoparallelcurrentsother.pdf
INFO    : converting ch1-exampletwoparallelcurrentsother.pdf to ch1-exampletwoparallelcurrentsother.svg
INFO    : converting ch6-general-rl-example5-solution8.tex to ch6-general-rl-example5-solution8.pdf
INFO    : cropping ch6-general-rl-example5-solution8.pdf to cropped-ch6-general-rl-example5-solution8.pdf
INFO    : renaming cropped-ch6-general-rl-example5-solution8.pdf to ch6-general-rl-example5-solution8.pdf
INFO    : converting ch6-general-rl-example5-solution8.pdf to ch6-general-rl-example5-solution8.svg
INFO    : converting ch3-circuit312figans3.tex to ch3-circuit312figans3.pdf
INFO    : cropping ch3-circuit312figans3.pdf to cropped-ch3-circuit312figans3.pdf
INFO    : renaming cropped-ch3-circuit312figans3.pdf to ch3-circuit312figans3.pdf
INFO    : converting ch3-circuit312figans3.pdf to ch3-circuit312figans3.svg
INFO    : converting ch4-examplecircuit41.tex to ch4-examplecircuit41.pdf
INFO    : cropping ch4-examplecircuit41.pdf to cropped-ch4-examplecircuit41.pdf
INFO    : renaming cropped-ch4-examplecircuit41.pdf to ch4-examplecircuit41.pdf
INFO    : converting ch4-examplecircuit41.pdf to ch4-examplecircuit41.svg
INFO    : converting ch5-tgeneralrcexample5solution10.tex to ch5-tgeneralrcexample5solution10.pdf
INFO    : cropping ch5-tgeneralrcexample5solution10.pdf to cropped-ch5-tgeneralrcexample5solution10.pdf
INFO    : renaming cropped-ch5-tgeneralrcexample5solution10.pdf to ch5-tgeneralrcexample5solution10.pdf
INFO    : converting ch5-tgeneralrcexample5solution10.pdf to ch5-tgeneralrcexample5solution10.svg
INFO    : converting ch6-general-rl-example3-solution2.tex to ch6-general-rl-example3-solution2.pdf
INFO    : cropping ch6-general-rl-example3-solution2.pdf to cropped-ch6-general-rl-example3-solution2.pdf
INFO    : renaming cropped-ch6-general-rl-example3-solution2.pdf to ch6-general-rl-example3-solution2.pdf
INFO    : converting ch6-general-rl-example3-solution2.pdf to ch6-general-rl-example3-solution2.svg
INFO    : converting ch2-circuit29fig.tex to ch2-circuit29fig.pdf
INFO    : cropping ch2-circuit29fig.pdf to cropped-ch2-circuit29fig.pdf
INFO    : renaming cropped-ch2-circuit29fig.pdf to ch2-circuit29fig.pdf
INFO    : converting ch2-circuit29fig.pdf to ch2-circuit29fig.svg
INFO    : converting ch3-openCircuitVoltageFigure1.tex to ch3-openCircuitVoltageFigure1.pdf
INFO    : cropping ch3-openCircuitVoltageFigure1.pdf to cropped-ch3-openCircuitVoltageFigure1.pdf
INFO    : renaming cropped-ch3-openCircuitVoltageFigure1.pdf to ch3-openCircuitVoltageFigure1.pdf
INFO    : converting ch3-openCircuitVoltageFigure1.pdf to ch3-openCircuitVoltageFigure1.svg
INFO    : converting ch5-tgeneralrcexample5solution2.tex to ch5-tgeneralrcexample5solution2.pdf
INFO    : cropping ch5-tgeneralrcexample5solution2.pdf to cropped-ch5-tgeneralrcexample5solution2.pdf
INFO    : renaming cropped-ch5-tgeneralrcexample5solution2.pdf to ch5-tgeneralrcexample5solution2.pdf
INFO    : converting ch5-tgeneralrcexample5solution2.pdf to ch5-tgeneralrcexample5solution2.svg
INFO    : converting ch5-chargercexample6.tex to ch5-chargercexample6.pdf
INFO    : cropping ch5-chargercexample6.pdf to cropped-ch5-chargercexample6.pdf
INFO    : renaming cropped-ch5-chargercexample6.pdf to ch5-chargercexample6.pdf
INFO    : converting ch5-chargercexample6.pdf to ch5-chargercexample6.svg
INFO    : converting ch7-parallelrlc-parasitic-resistance-general.tex to ch7-parallelrlc-parasitic-resistance-general.pdf
INFO    : cropping ch7-parallelrlc-parasitic-resistance-general.pdf to cropped-ch7-parallelrlc-parasitic-resistance-general.pdf
INFO    : renaming cropped-ch7-parallelrlc-parasitic-resistance-general.pdf to ch7-parallelrlc-parasitic-resistance-general.pdf
INFO    : converting ch7-parallelrlc-parasitic-resistance-general.pdf to ch7-parallelrlc-parasitic-resistance-general.svg
INFO    : converting ch3-shortedCurrentSource.tex to ch3-shortedCurrentSource.pdf
INFO    : cropping ch3-shortedCurrentSource.pdf to cropped-ch3-shortedCurrentSource.pdf
INFO    : renaming cropped-ch3-shortedCurrentSource.pdf to ch3-shortedCurrentSource.pdf
INFO    : converting ch3-shortedCurrentSource.pdf to ch3-shortedCurrentSource.svg
INFO    : converting ch5-homogeneousrcexample5solutiongraph1.tex to ch5-homogeneousrcexample5solutiongraph1.pdf
INFO    : cropping ch5-homogeneousrcexample5solutiongraph1.pdf to cropped-ch5-homogeneousrcexample5solutiongraph1.pdf
INFO    : renaming cropped-ch5-homogeneousrcexample5solutiongraph1.pdf to ch5-homogeneousrcexample5solutiongraph1.pdf
INFO    : converting ch5-homogeneousrcexample5solutiongraph1.pdf to ch5-homogeneousrcexample5solutiongraph1.svg
INFO    : converting ch1-dampedsinegraph.tex to ch1-dampedsinegraph.pdf
INFO    : cropping ch1-dampedsinegraph.pdf to cropped-ch1-dampedsinegraph.pdf
INFO    : renaming cropped-ch1-dampedsinegraph.pdf to ch1-dampedsinegraph.pdf
INFO    : converting ch1-dampedsinegraph.pdf to ch1-dampedsinegraph.svg
INFO    : converting ch1-rampfunctionexamplegraphderiv.tex to ch1-rampfunctionexamplegraphderiv.pdf
INFO    : cropping ch1-rampfunctionexamplegraphderiv.pdf to cropped-ch1-rampfunctionexamplegraphderiv.pdf
INFO    : renaming cropped-ch1-rampfunctionexamplegraphderiv.pdf to ch1-rampfunctionexamplegraphderiv.pdf
INFO    : converting ch1-rampfunctionexamplegraphderiv.pdf to ch1-rampfunctionexamplegraphderiv.svg
INFO    : converting ch6-ivrelationship-inductors-example5-diagram.tex to ch6-ivrelationship-inductors-example5-diagram.pdf
INFO    : cropping ch6-ivrelationship-inductors-example5-diagram.pdf to cropped-ch6-ivrelationship-inductors-example5-diagram.pdf
INFO    : renaming cropped-ch6-ivrelationship-inductors-example5-diagram.pdf to ch6-ivrelationship-inductors-example5-diagram.pdf
INFO    : converting ch6-ivrelationship-inductors-example5-diagram.pdf to ch6-ivrelationship-inductors-example5-diagram.svg
INFO    : converting ch2-circuit24figans1.tex to ch2-circuit24figans1.pdf
INFO    : cropping ch2-circuit24figans1.pdf to cropped-ch2-circuit24figans1.pdf
INFO    : renaming cropped-ch2-circuit24figans1.pdf to ch2-circuit24figans1.pdf
INFO    : converting ch2-circuit24figans1.pdf to ch2-circuit24figans1.svg
INFO    : converting ch5-tgeneralrcexample5solution3.tex to ch5-tgeneralrcexample5solution3.pdf
INFO    : cropping ch5-tgeneralrcexample5solution3.pdf to cropped-ch5-tgeneralrcexample5solution3.pdf
INFO    : renaming cropped-ch5-tgeneralrcexample5solution3.pdf to ch5-tgeneralrcexample5solution3.pdf
INFO    : converting ch5-tgeneralrcexample5solution3.pdf to ch5-tgeneralrcexample5solution3.svg
INFO    : converting ch1-electricpotential.tex to ch1-electricpotential.pdf
INFO    : cropping ch1-electricpotential.pdf to cropped-ch1-electricpotential.pdf
INFO    : renaming cropped-ch1-electricpotential.pdf to ch1-electricpotential.pdf
INFO    : converting ch1-electricpotential.pdf to ch1-electricpotential.svg
INFO    : converting ch3-circuit37figans1.tex to ch3-circuit37figans1.pdf
INFO    : cropping ch3-circuit37figans1.pdf to cropped-ch3-circuit37figans1.pdf
INFO    : renaming cropped-ch3-circuit37figans1.pdf to ch3-circuit37figans1.pdf
INFO    : converting ch3-circuit37figans1.pdf to ch3-circuit37figans1.svg
INFO    : converting ch6-general-rl-example3-solution3.tex to ch6-general-rl-example3-solution3.pdf
INFO    : cropping ch6-general-rl-example3-solution3.pdf to cropped-ch6-general-rl-example3-solution3.pdf
INFO    : renaming cropped-ch6-general-rl-example3-solution3.pdf to ch6-general-rl-example3-solution3.pdf
INFO    : converting ch6-general-rl-example3-solution3.pdf to ch6-general-rl-example3-solution3.svg
INFO    : converting ch6-rl-charging-example5-diagram.tex to ch6-rl-charging-example5-diagram.pdf
INFO    : cropping ch6-rl-charging-example5-diagram.pdf to cropped-ch6-rl-charging-example5-diagram.pdf
INFO    : renaming cropped-ch6-rl-charging-example5-diagram.pdf to ch6-rl-charging-example5-diagram.pdf
INFO    : converting ch6-rl-charging-example5-diagram.pdf to ch6-rl-charging-example5-diagram.svg
INFO    : converting ch2-circuit213fig1.tex to ch2-circuit213fig1.pdf
INFO    : cropping ch2-circuit213fig1.pdf to cropped-ch2-circuit213fig1.pdf
INFO    : renaming cropped-ch2-circuit213fig1.pdf to ch2-circuit213fig1.pdf
INFO    : converting ch2-circuit213fig1.pdf to ch2-circuit213fig1.svg
INFO    : converting ch4-voltagedivfollowerexamplefig.tex to ch4-voltagedivfollowerexamplefig.pdf
INFO    : cropping ch4-voltagedivfollowerexamplefig.pdf to cropped-ch4-voltagedivfollowerexamplefig.pdf
INFO    : renaming cropped-ch4-voltagedivfollowerexamplefig.pdf to ch4-voltagedivfollowerexamplefig.pdf
INFO    : converting ch4-voltagedivfollowerexamplefig.pdf to ch4-voltagedivfollowerexamplefig.svg
INFO    : converting ch5-tgeneralrcexample5solution11.tex to ch5-tgeneralrcexample5solution11.pdf
INFO    : cropping ch5-tgeneralrcexample5solution11.pdf to cropped-ch5-tgeneralrcexample5solution11.pdf
INFO    : renaming cropped-ch5-tgeneralrcexample5solution11.pdf to ch5-tgeneralrcexample5solution11.pdf
INFO    : converting ch5-tgeneralrcexample5solution11.pdf to ch5-tgeneralrcexample5solution11.svg
INFO    : converting ch3-circuit312figans2.tex to ch3-circuit312figans2.pdf
INFO    : cropping ch3-circuit312figans2.pdf to cropped-ch3-circuit312figans2.pdf
INFO    : renaming cropped-ch3-circuit312figans2.pdf to ch3-circuit312figans2.pdf
INFO    : converting ch3-circuit312figans2.pdf to ch3-circuit312figans2.svg
INFO    : converting ch6-general-rl-example5-solution9.tex to ch6-general-rl-example5-solution9.pdf
INFO    : cropping ch6-general-rl-example5-solution9.pdf to cropped-ch6-general-rl-example5-solution9.pdf
INFO    : renaming cropped-ch6-general-rl-example5-solution9.pdf to ch6-general-rl-example5-solution9.pdf
INFO    : converting ch6-general-rl-example5-solution9.pdf to ch6-general-rl-example5-solution9.svg
INFO    : converting ch2-varresistor.tex to ch2-varresistor.pdf
INFO    : cropping ch2-varresistor.pdf to cropped-ch2-varresistor.pdf
INFO    : renaming cropped-ch2-varresistor.pdf to ch2-varresistor.pdf
INFO    : converting ch2-varresistor.pdf to ch2-varresistor.svg
INFO    : converting ch3-circuit32figans4.tex to ch3-circuit32figans4.pdf
INFO    : cropping ch3-circuit32figans4.pdf to cropped-ch3-circuit32figans4.pdf
INFO    : renaming cropped-ch3-circuit32figans4.pdf to ch3-circuit32figans4.pdf
INFO    : converting ch3-circuit32figans4.pdf to ch3-circuit32figans4.svg
INFO    : converting ch7-homogeneous-general-numeric-example-fig1.tex to ch7-homogeneous-general-numeric-example-fig1.pdf
INFO    : cropping ch7-homogeneous-general-numeric-example-fig1.pdf to cropped-ch7-homogeneous-general-numeric-example-fig1.pdf
INFO    : renaming cropped-ch7-homogeneous-general-numeric-example-fig1.pdf to ch7-homogeneous-general-numeric-example-fig1.pdf
INFO    : converting ch7-homogeneous-general-numeric-example-fig1.pdf to ch7-homogeneous-general-numeric-example-fig1.svg
INFO    : converting ch6-general-rl-example4-solution7.tex to ch6-general-rl-example4-solution7.pdf
INFO    : cropping ch6-general-rl-example4-solution7.pdf to cropped-ch6-general-rl-example4-solution7.pdf
INFO    : renaming cropped-ch6-general-rl-example4-solution7.pdf to ch6-general-rl-example4-solution7.pdf
INFO    : converting ch6-general-rl-example4-solution7.pdf to ch6-general-rl-example4-solution7.svg
INFO    : converting ch3-sourceTransformationFigure1.tex to ch3-sourceTransformationFigure1.pdf
INFO    : cropping ch3-sourceTransformationFigure1.pdf to cropped-ch3-sourceTransformationFigure1.pdf
INFO    : renaming cropped-ch3-sourceTransformationFigure1.pdf to ch3-sourceTransformationFigure1.pdf
INFO    : converting ch3-sourceTransformationFigure1.pdf to ch3-sourceTransformationFigure1.svg
INFO    : converting ch5-generaltransient-endofchapter1.tex to ch5-generaltransient-endofchapter1.pdf
INFO    : cropping ch5-generaltransient-endofchapter1.pdf to cropped-ch5-generaltransient-endofchapter1.pdf
INFO    : renaming cropped-ch5-generaltransient-endofchapter1.pdf to ch5-generaltransient-endofchapter1.pdf
INFO    : converting ch5-generaltransient-endofchapter1.pdf to ch5-generaltransient-endofchapter1.svg
INFO    : converting ch4-voutvinplotopampsaturation.tex to ch4-voutvinplotopampsaturation.pdf
INFO    : cropping ch4-voutvinplotopampsaturation.pdf to cropped-ch4-voutvinplotopampsaturation.pdf
INFO    : renaming cropped-ch4-voutvinplotopampsaturation.pdf to ch4-voutvinplotopampsaturation.pdf
INFO    : converting ch4-voutvinplotopampsaturation.pdf to ch4-voutvinplotopampsaturation.svg
INFO    : converting ch7-homogeneous-overdamped-graph.tex to ch7-homogeneous-overdamped-graph.pdf
INFO    : cropping ch7-homogeneous-overdamped-graph.pdf to cropped-ch7-homogeneous-overdamped-graph.pdf
INFO    : renaming cropped-ch7-homogeneous-overdamped-graph.pdf to ch7-homogeneous-overdamped-graph.pdf
INFO    : converting ch7-homogeneous-overdamped-graph.pdf to ch7-homogeneous-overdamped-graph.svg
INFO    : converting ch5-equivalentcapacitanceex1.tex to ch5-equivalentcapacitanceex1.pdf
INFO    : cropping ch5-equivalentcapacitanceex1.pdf to cropped-ch5-equivalentcapacitanceex1.pdf
INFO    : renaming cropped-ch5-equivalentcapacitanceex1.pdf to ch5-equivalentcapacitanceex1.pdf
INFO    : converting ch5-equivalentcapacitanceex1.pdf to ch5-equivalentcapacitanceex1.svg
INFO    : converting ch5-chargingrcexample1solution1.tex to ch5-chargingrcexample1solution1.pdf
INFO    : cropping ch5-chargingrcexample1solution1.pdf to cropped-ch5-chargingrcexample1solution1.pdf
INFO    : renaming cropped-ch5-chargingrcexample1solution1.pdf to ch5-chargingrcexample1solution1.pdf
INFO    : converting ch5-chargingrcexample1solution1.pdf to ch5-chargingrcexample1solution1.svg
INFO    : converting ch2-circuit218fig.tex to ch2-circuit218fig.pdf
INFO    : cropping ch2-circuit218fig.pdf to cropped-ch2-circuit218fig.pdf
INFO    : renaming cropped-ch2-circuit218fig.pdf to ch2-circuit218fig.pdf
INFO    : converting ch2-circuit218fig.pdf to ch2-circuit218fig.svg
INFO    : converting ch5-ceqexample2solution2.tex to ch5-ceqexample2solution2.pdf
INFO    : cropping ch5-ceqexample2solution2.pdf to cropped-ch5-ceqexample2solution2.pdf
INFO    : renaming cropped-ch5-ceqexample2solution2.pdf to ch5-ceqexample2solution2.pdf
INFO    : converting ch5-ceqexample2solution2.pdf to ch5-ceqexample2solution2.svg
INFO    : converting ch1-circuit114exercise.tex to ch1-circuit114exercise.pdf
INFO    : cropping ch1-circuit114exercise.pdf to cropped-ch1-circuit114exercise.pdf
INFO    : renaming cropped-ch1-circuit114exercise.pdf to ch1-circuit114exercise.pdf
INFO    : converting ch1-circuit114exercise.pdf to ch1-circuit114exercise.svg
INFO    : converting ch5-equivalentcapacproblemsetnumber5.tex to ch5-equivalentcapacproblemsetnumber5.pdf
INFO    : cropping ch5-equivalentcapacproblemsetnumber5.pdf to cropped-ch5-equivalentcapacproblemsetnumber5.pdf
INFO    : renaming cropped-ch5-equivalentcapacproblemsetnumber5.pdf to ch5-equivalentcapacproblemsetnumber5.pdf
INFO    : converting ch5-equivalentcapacproblemsetnumber5.pdf to ch5-equivalentcapacproblemsetnumber5.svg
INFO    : converting ch5-generalrcexample8.tex to ch5-generalrcexample8.pdf
INFO    : cropping ch5-generalrcexample8.pdf to cropped-ch5-generalrcexample8.pdf
INFO    : renaming cropped-ch5-generalrcexample8.pdf to ch5-generalrcexample8.pdf
INFO    : converting ch5-generalrcexample8.pdf to ch5-generalrcexample8.svg
INFO    : converting ch3-circuit31fig.tex to ch3-circuit31fig.pdf
INFO    : cropping ch3-circuit31fig.pdf to cropped-ch3-circuit31fig.pdf
INFO    : renaming cropped-ch3-circuit31fig.pdf to ch3-circuit31fig.pdf
INFO    : converting ch3-circuit31fig.pdf to ch3-circuit31fig.svg
INFO    : converting ch3-sourceTransformationFigure3.tex to ch3-sourceTransformationFigure3.pdf
INFO    : cropping ch3-sourceTransformationFigure3.pdf to cropped-ch3-sourceTransformationFigure3.pdf
INFO    : renaming cropped-ch3-sourceTransformationFigure3.pdf to ch3-sourceTransformationFigure3.pdf
INFO    : converting ch3-sourceTransformationFigure3.pdf to ch3-sourceTransformationFigure3.svg
INFO    : converting ch2-deltawyeexample5.tex to ch2-deltawyeexample5.pdf
INFO    : cropping ch2-deltawyeexample5.pdf to cropped-ch2-deltawyeexample5.pdf
INFO    : renaming cropped-ch2-deltawyeexample5.pdf to ch2-deltawyeexample5.pdf
INFO    : converting ch2-deltawyeexample5.pdf to ch2-deltawyeexample5.svg
INFO    : converting ch7-homogeneous-example4-figure2.tex to ch7-homogeneous-example4-figure2.pdf
INFO    : cropping ch7-homogeneous-example4-figure2.pdf to cropped-ch7-homogeneous-example4-figure2.pdf
INFO    : renaming cropped-ch7-homogeneous-example4-figure2.pdf to ch7-homogeneous-example4-figure2.pdf
INFO    : converting ch7-homogeneous-example4-figure2.pdf to ch7-homogeneous-example4-figure2.svg
INFO    : converting ch6-general-rl-example4-solution5.tex to ch6-general-rl-example4-solution5.pdf
INFO    : cropping ch6-general-rl-example4-solution5.pdf to cropped-ch6-general-rl-example4-solution5.pdf
INFO    : renaming cropped-ch6-general-rl-example4-solution5.pdf to ch6-general-rl-example4-solution5.pdf
INFO    : converting ch6-general-rl-example4-solution5.pdf to ch6-general-rl-example4-solution5.svg
INFO    : converting ch1-currentdirectionexample.tex to ch1-currentdirectionexample.pdf
INFO    : cropping ch1-currentdirectionexample.pdf to cropped-ch1-currentdirectionexample.pdf
INFO    : renaming cropped-ch1-currentdirectionexample.pdf to ch1-currentdirectionexample.pdf
INFO    : converting ch1-currentdirectionexample.pdf to ch1-currentdirectionexample.svg
INFO    : converting ch7-homogeneous-general-numeric-example-fig3.tex to ch7-homogeneous-general-numeric-example-fig3.pdf
INFO    : cropping ch7-homogeneous-general-numeric-example-fig3.pdf to cropped-ch7-homogeneous-general-numeric-example-fig3.pdf
INFO    : renaming cropped-ch7-homogeneous-general-numeric-example-fig3.pdf to ch7-homogeneous-general-numeric-example-fig3.pdf
INFO    : converting ch7-homogeneous-general-numeric-example-fig3.pdf to ch7-homogeneous-general-numeric-example-fig3.svg
INFO    : converting ch1-dependentsourcesfigure.tex to ch1-dependentsourcesfigure.pdf
INFO    : cropping ch1-dependentsourcesfigure.pdf to cropped-ch1-dependentsourcesfigure.pdf
INFO    : renaming cropped-ch1-dependentsourcesfigure.pdf to ch1-dependentsourcesfigure.pdf
INFO    : converting ch1-dependentsourcesfigure.pdf to ch1-dependentsourcesfigure.svg
INFO    : converting ch5-homogeneousrccircuitlastexamplediagram.tex to ch5-homogeneousrccircuitlastexamplediagram.pdf
INFO    : cropping ch5-homogeneousrccircuitlastexamplediagram.pdf to cropped-ch5-homogeneousrccircuitlastexamplediagram.pdf
INFO    : renaming cropped-ch5-homogeneousrccircuitlastexamplediagram.pdf to ch5-homogeneousrccircuitlastexamplediagram.pdf
INFO    : converting ch5-homogeneousrccircuitlastexamplediagram.pdf to ch5-homogeneousrccircuitlastexamplediagram.svg
INFO    : converting ch3-circuit310fignothelpful.tex to ch3-circuit310fignothelpful.pdf
INFO    : cropping ch3-circuit310fignothelpful.pdf to cropped-ch3-circuit310fignothelpful.pdf
INFO    : renaming cropped-ch3-circuit310fignothelpful.pdf to ch3-circuit310fignothelpful.pdf
INFO    : converting ch3-circuit310fignothelpful.pdf to ch3-circuit310fignothelpful.svg
INFO    : converting ch4-examplecircuit42.tex to ch4-examplecircuit42.pdf
INFO    : cropping ch4-examplecircuit42.pdf to cropped-ch4-examplecircuit42.pdf
INFO    : renaming cropped-ch4-examplecircuit42.pdf to ch4-examplecircuit42.pdf
INFO    : converting ch4-examplecircuit42.pdf to ch4-examplecircuit42.svg
INFO    : converting ch2-circuit213fig3.tex to ch2-circuit213fig3.pdf
INFO    : cropping ch2-circuit213fig3.pdf to cropped-ch2-circuit213fig3.pdf
INFO    : renaming cropped-ch2-circuit213fig3.pdf to ch2-circuit213fig3.pdf
INFO    : converting ch2-circuit213fig3.pdf to ch2-circuit213fig3.svg
INFO    : converting ch7-series-parallel-example2-figure4.tex to ch7-series-parallel-example2-figure4.pdf
INFO    : cropping ch7-series-parallel-example2-figure4.pdf to cropped-ch7-series-parallel-example2-figure4.pdf
INFO    : renaming cropped-ch7-series-parallel-example2-figure4.pdf to ch7-series-parallel-example2-figure4.pdf
INFO    : converting ch7-series-parallel-example2-figure4.pdf to ch7-series-parallel-example2-figure4.svg
INFO    : converting ch6-general-rl-example3-solution1.tex to ch6-general-rl-example3-solution1.pdf
INFO    : cropping ch6-general-rl-example3-solution1.pdf to cropped-ch6-general-rl-example3-solution1.pdf
INFO    : renaming cropped-ch6-general-rl-example3-solution1.pdf to ch6-general-rl-example3-solution1.pdf
INFO    : converting ch6-general-rl-example3-solution1.pdf to ch6-general-rl-example3-solution1.svg
INFO    : converting ch5-tgeneralrcexample5solution1.tex to ch5-tgeneralrcexample5solution1.pdf
INFO    : cropping ch5-tgeneralrcexample5solution1.pdf to cropped-ch5-tgeneralrcexample5solution1.pdf
INFO    : renaming cropped-ch5-tgeneralrcexample5solution1.pdf to ch5-tgeneralrcexample5solution1.pdf
INFO    : converting ch5-tgeneralrcexample5solution1.pdf to ch5-tgeneralrcexample5solution1.svg
INFO    : converting ch5-chargercexample5.tex to ch5-chargercexample5.pdf
INFO    : cropping ch5-chargercexample5.pdf to cropped-ch5-chargercexample5.pdf
INFO    : renaming cropped-ch5-chargercexample5.pdf to ch5-chargercexample5.pdf
INFO    : converting ch5-chargercexample5.pdf to ch5-chargercexample5.svg
INFO    : converting ch2-circuit24figans3.tex to ch2-circuit24figans3.pdf
INFO    : cropping ch2-circuit24figans3.pdf to cropped-ch2-circuit24figans3.pdf
INFO    : renaming cropped-ch2-circuit24figans3.pdf to ch2-circuit24figans3.pdf
INFO    : converting ch2-circuit24figans3.pdf to ch2-circuit24figans3.svg
INFO    : converting ch5-parallelcaps-8-2-8-2.tex to ch5-parallelcaps-8-2-8-2.pdf
INFO    : cropping ch5-parallelcaps-8-2-8-2.pdf to cropped-ch5-parallelcaps-8-2-8-2.pdf
INFO    : renaming cropped-ch5-parallelcaps-8-2-8-2.pdf to ch5-parallelcaps-8-2-8-2.pdf
INFO    : converting ch5-parallelcaps-8-2-8-2.pdf to ch5-parallelcaps-8-2-8-2.svg
INFO    : converting ch3-openCircuitVoltageFigure2.tex to ch3-openCircuitVoltageFigure2.pdf
INFO    : cropping ch3-openCircuitVoltageFigure2.pdf to cropped-ch3-openCircuitVoltageFigure2.pdf
INFO    : renaming cropped-ch3-openCircuitVoltageFigure2.pdf to ch3-openCircuitVoltageFigure2.pdf
INFO    : converting ch3-openCircuitVoltageFigure2.pdf to ch3-openCircuitVoltageFigure2.svg
INFO    : converting ch5-homogeneousrcexample5solutiongraph2.tex to ch5-homogeneousrcexample5solutiongraph2.pdf
INFO    : cropping ch5-homogeneousrcexample5solutiongraph2.pdf to cropped-ch5-homogeneousrcexample5solutiongraph2.pdf
INFO    : renaming cropped-ch5-homogeneousrcexample5solutiongraph2.pdf to ch5-homogeneousrcexample5solutiongraph2.pdf
INFO    : converting ch5-homogeneousrcexample5solutiongraph2.pdf to ch5-homogeneousrcexample5solutiongraph2.svg
INFO    : converting ch2-eqresistancecktef.tex to ch2-eqresistancecktef.pdf
INFO    : cropping ch2-eqresistancecktef.pdf to cropped-ch2-eqresistancecktef.pdf
INFO    : renaming cropped-ch2-eqresistancecktef.pdf to ch2-eqresistancecktef.pdf
INFO    : converting ch2-eqresistancecktef.pdf to ch2-eqresistancecktef.svg
INFO    : converting ch5-homogeneousrcexample5solutiongraph3.tex to ch5-homogeneousrcexample5solutiongraph3.pdf
INFO    : cropping ch5-homogeneousrcexample5solutiongraph3.pdf to cropped-ch5-homogeneousrcexample5solutiongraph3.pdf
INFO    : renaming cropped-ch5-homogeneousrcexample5solutiongraph3.pdf to ch5-homogeneousrcexample5solutiongraph3.pdf
INFO    : converting ch5-homogeneousrcexample5solutiongraph3.pdf to ch5-homogeneousrcexample5solutiongraph3.svg
INFO    : converting ch3-openCircuitVoltageFigure3.tex to ch3-openCircuitVoltageFigure3.pdf
INFO    : cropping ch3-openCircuitVoltageFigure3.pdf to cropped-ch3-openCircuitVoltageFigure3.pdf
INFO    : renaming cropped-ch3-openCircuitVoltageFigure3.pdf to ch3-openCircuitVoltageFigure3.pdf
INFO    : converting ch3-openCircuitVoltageFigure3.pdf to ch3-openCircuitVoltageFigure3.svg
INFO    : converting ch3-circuit37figans2.tex to ch3-circuit37figans2.pdf
INFO    : cropping ch3-circuit37figans2.pdf to cropped-ch3-circuit37figans2.pdf
INFO    : renaming cropped-ch3-circuit37figans2.pdf to ch3-circuit37figans2.pdf
INFO    : converting ch3-circuit37figans2.pdf to ch3-circuit37figans2.svg
INFO    : converting ch5-chargercexample4.tex to ch5-chargercexample4.pdf
INFO    : cropping ch5-chargercexample4.pdf to cropped-ch5-chargercexample4.pdf
INFO    : renaming cropped-ch5-chargercexample4.pdf to ch5-chargercexample4.pdf
INFO    : converting ch5-chargercexample4.pdf to ch5-chargercexample4.svg
INFO    : converting ch2-circuit24figans2.tex to ch2-circuit24figans2.pdf
INFO    : cropping ch2-circuit24figans2.pdf to cropped-ch2-circuit24figans2.pdf
INFO    : renaming cropped-ch2-circuit24figans2.pdf to ch2-circuit24figans2.pdf
INFO    : converting ch2-circuit24figans2.pdf to ch2-circuit24figans2.svg
INFO    : converting ch2-circuit213fig2.tex to ch2-circuit213fig2.pdf
INFO    : cropping ch2-circuit213fig2.pdf to cropped-ch2-circuit213fig2.pdf
INFO    : renaming cropped-ch2-circuit213fig2.pdf to ch2-circuit213fig2.pdf
INFO    : converting ch2-circuit213fig2.pdf to ch2-circuit213fig2.svg
INFO    : converting ch7-series-rlc-example5-diagram.tex to ch7-series-rlc-example5-diagram.pdf
INFO    : cropping ch7-series-rlc-example5-diagram.pdf to cropped-ch7-series-rlc-example5-diagram.pdf
INFO    : renaming cropped-ch7-series-rlc-example5-diagram.pdf to ch7-series-rlc-example5-diagram.pdf
INFO    : converting ch7-series-rlc-example5-diagram.pdf to ch7-series-rlc-example5-diagram.svg
INFO    : converting ch5-tgeneralrcexample5solution12.tex to ch5-tgeneralrcexample5solution12.pdf
INFO    : cropping ch5-tgeneralrcexample5solution12.pdf to cropped-ch5-tgeneralrcexample5solution12.pdf
INFO    : renaming cropped-ch5-tgeneralrcexample5solution12.pdf to ch5-tgeneralrcexample5solution12.pdf
INFO    : converting ch5-tgeneralrcexample5solution12.pdf to ch5-tgeneralrcexample5solution12.svg
INFO    : converting ch4-examplecircuit43.tex to ch4-examplecircuit43.pdf
INFO    : cropping ch4-examplecircuit43.pdf to cropped-ch4-examplecircuit43.pdf
INFO    : renaming cropped-ch4-examplecircuit43.pdf to ch4-examplecircuit43.pdf
INFO    : converting ch4-examplecircuit43.pdf to ch4-examplecircuit43.svg
INFO    : converting ch2-circuit222fig.tex to ch2-circuit222fig.pdf
INFO    : cropping ch2-circuit222fig.pdf to cropped-ch2-circuit222fig.pdf
INFO    : renaming cropped-ch2-circuit222fig.pdf to ch2-circuit222fig.pdf
INFO    : converting ch2-circuit222fig.pdf to ch2-circuit222fig.svg
INFO    : converting ch3-circuit312figans.tex to ch3-circuit312figans.pdf
INFO    : cropping ch3-circuit312figans.pdf to cropped-ch3-circuit312figans.pdf
INFO    : renaming cropped-ch3-circuit312figans.pdf to ch3-circuit312figans.pdf
INFO    : converting ch3-circuit312figans.pdf to ch3-circuit312figans.svg
INFO    : converting ch3-circuit312figans1.tex to ch3-circuit312figans1.pdf
INFO    : cropping ch3-circuit312figans1.pdf to cropped-ch3-circuit312figans1.pdf
INFO    : renaming cropped-ch3-circuit312figans1.pdf to ch3-circuit312figans1.pdf
INFO    : converting ch3-circuit312figans1.pdf to ch3-circuit312figans1.svg
INFO    : converting ch6-parallelinductordiagram.tex to ch6-parallelinductordiagram.pdf
INFO    : cropping ch6-parallelinductordiagram.pdf to cropped-ch6-parallelinductordiagram.pdf
INFO    : renaming cropped-ch6-parallelinductordiagram.pdf to ch6-parallelinductordiagram.pdf
INFO    : converting ch6-parallelinductordiagram.pdf to ch6-parallelinductordiagram.svg
INFO    : converting ch7-homogeneous-general-numeric-example-fig2.tex to ch7-homogeneous-general-numeric-example-fig2.pdf
INFO    : cropping ch7-homogeneous-general-numeric-example-fig2.pdf to cropped-ch7-homogeneous-general-numeric-example-fig2.pdf
INFO    : renaming cropped-ch7-homogeneous-general-numeric-example-fig2.pdf to ch7-homogeneous-general-numeric-example-fig2.pdf
INFO    : converting ch7-homogeneous-general-numeric-example-fig2.pdf to ch7-homogeneous-general-numeric-example-fig2.svg
INFO    : converting ch6-general-rl-example4-solution4.tex to ch6-general-rl-example4-solution4.pdf
INFO    : cropping ch6-general-rl-example4-solution4.pdf to cropped-ch6-general-rl-example4-solution4.pdf
INFO    : renaming cropped-ch6-general-rl-example4-solution4.pdf to ch6-general-rl-example4-solution4.pdf
INFO    : converting ch6-general-rl-example4-solution4.pdf to ch6-general-rl-example4-solution4.svg
INFO    : converting ch2-deltawyeexample4.tex to ch2-deltawyeexample4.pdf
INFO    : cropping ch2-deltawyeexample4.pdf to cropped-ch2-deltawyeexample4.pdf
INFO    : renaming cropped-ch2-deltawyeexample4.pdf to ch2-deltawyeexample4.pdf
INFO    : converting ch2-deltawyeexample4.pdf to ch2-deltawyeexample4.svg
INFO    : converting ch6-generalexample2fig8b.tex to ch6-generalexample2fig8b.pdf
INFO    : cropping ch6-generalexample2fig8b.pdf to cropped-ch6-generalexample2fig8b.pdf
INFO    : renaming cropped-ch6-generalexample2fig8b.pdf to ch6-generalexample2fig8b.pdf
INFO    : converting ch6-generalexample2fig8b.pdf to ch6-generalexample2fig8b.svg
INFO    : converting ch5-generalrcexample9.tex to ch5-generalrcexample9.pdf
INFO    : cropping ch5-generalrcexample9.pdf to cropped-ch5-generalrcexample9.pdf
INFO    : renaming cropped-ch5-generalrcexample9.pdf to ch5-generalrcexample9.pdf
INFO    : converting ch5-generalrcexample9.pdf to ch5-generalrcexample9.svg
INFO    : converting ch3-sourceTransformationFigure2.tex to ch3-sourceTransformationFigure2.pdf
INFO    : cropping ch3-sourceTransformationFigure2.pdf to cropped-ch3-sourceTransformationFigure2.pdf
INFO    : renaming cropped-ch3-sourceTransformationFigure2.pdf to ch3-sourceTransformationFigure2.pdf
INFO    : converting ch3-sourceTransformationFigure2.pdf to ch3-sourceTransformationFigure2.svg
INFO    : converting ch2-wyecircuitdiagram.tex to ch2-wyecircuitdiagram.pdf
INFO    : cropping ch2-wyecircuitdiagram.pdf to cropped-ch2-wyecircuitdiagram.pdf
INFO    : renaming cropped-ch2-wyecircuitdiagram.pdf to ch2-wyecircuitdiagram.pdf
INFO    : converting ch2-wyecircuitdiagram.pdf to ch2-wyecircuitdiagram.svg
INFO    : converting ch5-equivalentcapacproblemsetnumber4.tex to ch5-equivalentcapacproblemsetnumber4.pdf
INFO    : cropping ch5-equivalentcapacproblemsetnumber4.pdf to cropped-ch5-equivalentcapacproblemsetnumber4.pdf
INFO    : renaming cropped-ch5-equivalentcapacproblemsetnumber4.pdf to ch5-equivalentcapacproblemsetnumber4.pdf
INFO    : converting ch5-equivalentcapacproblemsetnumber4.pdf to ch5-equivalentcapacproblemsetnumber4.svg
INFO    : converting ch6-rl-general-example3-diagram.tex to ch6-rl-general-example3-diagram.pdf
INFO    : cropping ch6-rl-general-example3-diagram.pdf to cropped-ch6-rl-general-example3-diagram.pdf
INFO    : renaming cropped-ch6-rl-general-example3-diagram.pdf to ch6-rl-general-example3-diagram.pdf
INFO    : converting ch6-rl-general-example3-diagram.pdf to ch6-rl-general-example3-diagram.svg
INFO    : converting ch4-invertingopampfigure.tex to ch4-invertingopampfigure.pdf
INFO    : cropping ch4-invertingopampfigure.pdf to cropped-ch4-invertingopampfigure.pdf
INFO    : renaming cropped-ch4-invertingopampfigure.pdf to ch4-invertingopampfigure.pdf
INFO    : converting ch4-invertingopampfigure.pdf to ch4-invertingopampfigure.svg
INFO    : converting ch2-resistorcolorbands.tex to ch2-resistorcolorbands.pdf
INFO    : cropping ch2-resistorcolorbands.pdf to cropped-ch2-resistorcolorbands.pdf
INFO    : renaming cropped-ch2-resistorcolorbands.pdf to ch2-resistorcolorbands.pdf
INFO    : converting ch2-resistorcolorbands.pdf to ch2-resistorcolorbands.svg
INFO    : converting ch4-invertingopampexamplefig.tex to ch4-invertingopampexamplefig.pdf
INFO    : cropping ch4-invertingopampexamplefig.pdf to cropped-ch4-invertingopampexamplefig.pdf
INFO    : renaming cropped-ch4-invertingopampexamplefig.pdf to ch4-invertingopampexamplefig.pdf
INFO    : converting ch4-invertingopampexamplefig.pdf to ch4-invertingopampexamplefig.svg
INFO    : converting ch5-dischargercexample3.tex to ch5-dischargercexample3.pdf
INFO    : cropping ch5-dischargercexample3.pdf to cropped-ch5-dischargercexample3.pdf
INFO    : renaming cropped-ch5-dischargercexample3.pdf to ch5-dischargercexample3.pdf
INFO    : converting ch5-dischargercexample3.pdf to ch5-dischargercexample3.svg
INFO    : converting ch6-equivalentinductance-example5-solution5.tex to ch6-equivalentinductance-example5-solution5.pdf
INFO    : cropping ch6-equivalentinductance-example5-solution5.pdf to cropped-ch6-equivalentinductance-example5-solution5.pdf
INFO    : renaming cropped-ch6-equivalentinductance-example5-solution5.pdf to ch6-equivalentinductance-example5-solution5.pdf
INFO    : converting ch6-equivalentinductance-example5-solution5.pdf to ch6-equivalentinductance-example5-solution5.svg
INFO    : converting ch6-generalexample1fig9.tex to ch6-generalexample1fig9.pdf
INFO    : cropping ch6-generalexample1fig9.pdf to cropped-ch6-generalexample1fig9.pdf
INFO    : renaming cropped-ch6-generalexample1fig9.pdf to ch6-generalexample1fig9.pdf
INFO    : converting ch6-generalexample1fig9.pdf to ch6-generalexample1fig9.svg
INFO    : converting ch6-generalrl-example2-solution3.tex to ch6-generalrl-example2-solution3.pdf
INFO    : cropping ch6-generalrl-example2-solution3.pdf to cropped-ch6-generalrl-example2-solution3.pdf
INFO    : renaming cropped-ch6-generalrl-example2-solution3.pdf to ch6-generalrl-example2-solution3.pdf
INFO    : converting ch6-generalrl-example2-solution3.pdf to ch6-generalrl-example2-solution3.svg
INFO    : converting ch5-dischargercexampledependent3.tex to ch5-dischargercexampledependent3.pdf
INFO    : cropping ch5-dischargercexampledependent3.pdf to cropped-ch5-dischargercexampledependent3.pdf
INFO    : renaming cropped-ch5-dischargercexampledependent3.pdf to ch5-dischargercexampledependent3.pdf
INFO    : converting ch5-dischargercexampledependent3.pdf to ch5-dischargercexampledependent3.svg
INFO    : converting ch6-homogeneousrlcircuit-example1-solution1.tex to ch6-homogeneousrlcircuit-example1-solution1.pdf
INFO    : cropping ch6-homogeneousrlcircuit-example1-solution1.pdf to cropped-ch6-homogeneousrlcircuit-example1-solution1.pdf
INFO    : renaming cropped-ch6-homogeneousrlcircuit-example1-solution1.pdf to ch6-homogeneousrlcircuit-example1-solution1.pdf
INFO    : converting ch6-homogeneousrlcircuit-example1-solution1.pdf to ch6-homogeneousrlcircuit-example1-solution1.svg
INFO    : converting ch2-highlowpotential.tex to ch2-highlowpotential.pdf
INFO    : cropping ch2-highlowpotential.pdf to cropped-ch2-highlowpotential.pdf
INFO    : renaming cropped-ch2-highlowpotential.pdf to ch2-highlowpotential.pdf
INFO    : converting ch2-highlowpotential.pdf to ch2-highlowpotential.svg
INFO    : converting ch2-wyedeltaexample2.tex to ch2-wyedeltaexample2.pdf
INFO    : cropping ch2-wyedeltaexample2.pdf to cropped-ch2-wyedeltaexample2.pdf
INFO    : renaming cropped-ch2-wyedeltaexample2.pdf to ch2-wyedeltaexample2.pdf
INFO    : converting ch2-wyedeltaexample2.pdf to ch2-wyedeltaexample2.svg
INFO    : converting ch2-eqresistanceckt.tex to ch2-eqresistanceckt.pdf
INFO    : cropping ch2-eqresistanceckt.pdf to cropped-ch2-eqresistanceckt.pdf
INFO    : renaming cropped-ch2-eqresistanceckt.pdf to ch2-eqresistanceckt.pdf
INFO    : converting ch2-eqresistanceckt.pdf to ch2-eqresistanceckt.svg
INFO    : converting ch6-generalexample2fig20.tex to ch6-generalexample2fig20.pdf
INFO    : cropping ch6-generalexample2fig20.pdf to cropped-ch6-generalexample2fig20.pdf
INFO    : renaming cropped-ch6-generalexample2fig20.pdf to ch6-generalexample2fig20.pdf
INFO    : converting ch6-generalexample2fig20.pdf to ch6-generalexample2fig20.svg
INFO    : converting ch2-eqresistancecktae2.tex to ch2-eqresistancecktae2.pdf
INFO    : cropping ch2-eqresistancecktae2.pdf to cropped-ch2-eqresistancecktae2.pdf
INFO    : renaming cropped-ch2-eqresistancecktae2.pdf to ch2-eqresistancecktae2.pdf
INFO    : converting ch2-eqresistancecktae2.pdf to ch2-eqresistancecktae2.svg
INFO    : converting ch6-generalrl-example1-solution6.tex to ch6-generalrl-example1-solution6.pdf
INFO    : cropping ch6-generalrl-example1-solution6.pdf to cropped-ch6-generalrl-example1-solution6.pdf
INFO    : renaming cropped-ch6-generalrl-example1-solution6.pdf to ch6-generalrl-example1-solution6.pdf
INFO    : converting ch6-generalrl-example1-solution6.pdf to ch6-generalrl-example1-solution6.svg
INFO    : converting ch3-circuit310figans4.tex to ch3-circuit310figans4.pdf
INFO    : cropping ch3-circuit310figans4.pdf to cropped-ch3-circuit310figans4.pdf
INFO    : renaming cropped-ch3-circuit310figans4.pdf to ch3-circuit310figans4.pdf
INFO    : converting ch3-circuit310figans4.pdf to ch3-circuit310figans4.svg
INFO    : converting ch2-circuit23figans2.tex to ch2-circuit23figans2.pdf
INFO    : cropping ch2-circuit23figans2.pdf to cropped-ch2-circuit23figans2.pdf
INFO    : renaming cropped-ch2-circuit23figans2.pdf to ch2-circuit23figans2.pdf
INFO    : converting ch2-circuit23figans2.pdf to ch2-circuit23figans2.svg
INFO    : converting ch5-nonhomogeneousrccircuitfigure.tex to ch5-nonhomogeneousrccircuitfigure.pdf
INFO    : cropping ch5-nonhomogeneousrccircuitfigure.pdf to cropped-ch5-nonhomogeneousrccircuitfigure.pdf
INFO    : renaming cropped-ch5-nonhomogeneousrccircuitfigure.pdf to ch5-nonhomogeneousrccircuitfigure.pdf
INFO    : converting ch5-nonhomogeneousrccircuitfigure.pdf to ch5-nonhomogeneousrccircuitfigure.svg
INFO    : converting ch6-homogeneousrl-example4-solution2.tex to ch6-homogeneousrl-example4-solution2.pdf
INFO    : cropping ch6-homogeneousrl-example4-solution2.pdf to cropped-ch6-homogeneousrl-example4-solution2.pdf
INFO    : renaming cropped-ch6-homogeneousrl-example4-solution2.pdf to ch6-homogeneousrl-example4-solution2.pdf
INFO    : converting ch6-homogeneousrl-example4-solution2.pdf to ch6-homogeneousrl-example4-solution2.svg
INFO    : converting ch3-circuit315figans1.tex to ch3-circuit315figans1.pdf
INFO    : cropping ch3-circuit315figans1.pdf to cropped-ch3-circuit315figans1.pdf
INFO    : renaming cropped-ch3-circuit315figans1.pdf to ch3-circuit315figans1.pdf
INFO    : converting ch3-circuit315figans1.pdf to ch3-circuit315figans1.svg
INFO    : converting ch3-circuit37figansnothelpful.tex to ch3-circuit37figansnothelpful.pdf
INFO    : cropping ch3-circuit37figansnothelpful.pdf to cropped-ch3-circuit37figansnothelpful.pdf
INFO    : renaming cropped-ch3-circuit37figansnothelpful.pdf to ch3-circuit37figansnothelpful.pdf
INFO    : converting ch3-circuit37figansnothelpful.pdf to ch3-circuit37figansnothelpful.svg
INFO    : converting ch5-generalrcexample2solution1.tex to ch5-generalrcexample2solution1.pdf
INFO    : cropping ch5-generalrcexample2solution1.pdf to cropped-ch5-generalrcexample2solution1.pdf
INFO    : renaming cropped-ch5-generalrcexample2solution1.pdf to ch5-generalrcexample2solution1.pdf
INFO    : converting ch5-generalrcexample2solution1.pdf to ch5-generalrcexample2solution1.svg
INFO    : converting ch6-equivalentinductance-example2-solution1.tex to ch6-equivalentinductance-example2-solution1.pdf
INFO    : cropping ch6-equivalentinductance-example2-solution1.pdf to cropped-ch6-equivalentinductance-example2-solution1.pdf
INFO    : renaming cropped-ch6-equivalentinductance-example2-solution1.pdf to ch6-equivalentinductance-example2-solution1.pdf
INFO    : converting ch6-equivalentinductance-example2-solution1.pdf to ch6-equivalentinductance-example2-solution1.svg
INFO    : converting ch3-circuit38figans4.tex to ch3-circuit38figans4.pdf
INFO    : cropping ch3-circuit38figans4.pdf to cropped-ch3-circuit38figans4.pdf
INFO    : renaming cropped-ch3-circuit38figans4.pdf to ch3-circuit38figans4.pdf
INFO    : converting ch3-circuit38figans4.pdf to ch3-circuit38figans4.svg
INFO    : converting ch4-examplecircuit413sol1.tex to ch4-examplecircuit413sol1.pdf
INFO    : cropping ch4-examplecircuit413sol1.pdf to cropped-ch4-examplecircuit413sol1.pdf
INFO    : renaming cropped-ch4-examplecircuit413sol1.pdf to ch4-examplecircuit413sol1.pdf
INFO    : converting ch4-examplecircuit413sol1.pdf to ch4-examplecircuit413sol1.svg
INFO    : converting ch3-circuit33figans2re.tex to ch3-circuit33figans2re.pdf
INFO    : cropping ch3-circuit33figans2re.pdf to cropped-ch3-circuit33figans2re.pdf
INFO    : renaming cropped-ch3-circuit33figans2re.pdf to ch3-circuit33figans2re.pdf
INFO    : converting ch3-circuit33figans2re.pdf to ch3-circuit33figans2re.svg
INFO    : converting ch1-exampletwoseriesvoltagesafter.tex to ch1-exampletwoseriesvoltagesafter.pdf
INFO    : cropping ch1-exampletwoseriesvoltagesafter.pdf to cropped-ch1-exampletwoseriesvoltagesafter.pdf
INFO    : renaming cropped-ch1-exampletwoseriesvoltagesafter.pdf to ch1-exampletwoseriesvoltagesafter.pdf
INFO    : converting ch1-exampletwoseriesvoltagesafter.pdf to ch1-exampletwoseriesvoltagesafter.svg
INFO    : converting ch5-generalrcexample5solutiongraph1.tex to ch5-generalrcexample5solutiongraph1.pdf
INFO    : cropping ch5-generalrcexample5solutiongraph1.pdf to cropped-ch5-generalrcexample5solutiongraph1.pdf
INFO    : renaming cropped-ch5-generalrcexample5solutiongraph1.pdf to ch5-generalrcexample5solutiongraph1.pdf
INFO    : converting ch5-generalrcexample5solutiongraph1.pdf to ch5-generalrcexample5solutiongraph1.svg
INFO    : converting ch7-homogeneous-second-example4-diagram.tex to ch7-homogeneous-second-example4-diagram.pdf
INFO    : cropping ch7-homogeneous-second-example4-diagram.pdf to cropped-ch7-homogeneous-second-example4-diagram.pdf
INFO    : renaming cropped-ch7-homogeneous-second-example4-diagram.pdf to ch7-homogeneous-second-example4-diagram.pdf
INFO    : converting ch7-homogeneous-second-example4-diagram.pdf to ch7-homogeneous-second-example4-diagram.svg
INFO    : converting ch2-circuitLoops.tex to ch2-circuitLoops.pdf
INFO    : cropping ch2-circuitLoops.pdf to cropped-ch2-circuitLoops.pdf
INFO    : renaming cropped-ch2-circuitLoops.pdf to ch2-circuitLoops.pdf
INFO    : converting ch2-circuitLoops.pdf to ch2-circuitLoops.svg
INFO    : converting ch6-homogeneousrl-example4-solution3.tex to ch6-homogeneousrl-example4-solution3.pdf
INFO    : cropping ch6-homogeneousrl-example4-solution3.pdf to cropped-ch6-homogeneousrl-example4-solution3.pdf
INFO    : renaming cropped-ch6-homogeneousrl-example4-solution3.pdf to ch6-homogeneousrl-example4-solution3.pdf
INFO    : converting ch6-homogeneousrl-example4-solution3.pdf to ch6-homogeneousrl-example4-solution3.svg
INFO    : converting ch2-potentiometer.tex to ch2-potentiometer.pdf
INFO    : cropping ch2-potentiometer.pdf to cropped-ch2-potentiometer.pdf
INFO    : renaming cropped-ch2-potentiometer.pdf to ch2-potentiometer.pdf
INFO    : converting ch2-potentiometer.pdf to ch2-potentiometer.svg
INFO    : converting ch2-circuit219figans1.tex to ch2-circuit219figans1.pdf
INFO    : cropping ch2-circuit219figans1.pdf to cropped-ch2-circuit219figans1.pdf
INFO    : renaming cropped-ch2-circuit219figans1.pdf to ch2-circuit219figans1.pdf
INFO    : converting ch2-circuit219figans1.pdf to ch2-circuit219figans1.svg
INFO    : converting ch2-circuit23figans3.tex to ch2-circuit23figans3.pdf
INFO    : cropping ch2-circuit23figans3.pdf to cropped-ch2-circuit23figans3.pdf
INFO    : renaming cropped-ch2-circuit23figans3.pdf to ch2-circuit23figans3.pdf
INFO    : converting ch2-circuit23figans3.pdf to ch2-circuit23figans3.svg
INFO    : converting ch6-generalrl-example1-solution7.tex to ch6-generalrl-example1-solution7.pdf
INFO    : cropping ch6-generalrl-example1-solution7.pdf to cropped-ch6-generalrl-example1-solution7.pdf
INFO    : renaming cropped-ch6-generalrl-example1-solution7.pdf to ch6-generalrl-example1-solution7.pdf
INFO    : converting ch6-generalrl-example1-solution7.pdf to ch6-generalrl-example1-solution7.svg
INFO    : converting ch1-exampletwoparallelcurrentsotherafter.tex to ch1-exampletwoparallelcurrentsotherafter.pdf
INFO    : cropping ch1-exampletwoparallelcurrentsotherafter.pdf to cropped-ch1-exampletwoparallelcurrentsotherafter.pdf
INFO    : renaming cropped-ch1-exampletwoparallelcurrentsotherafter.pdf to ch1-exampletwoparallelcurrentsotherafter.pdf
INFO    : converting ch1-exampletwoparallelcurrentsotherafter.pdf to ch1-exampletwoparallelcurrentsotherafter.svg
INFO    : converting ch6-generalexample2fig21.tex to ch6-generalexample2fig21.pdf
INFO    : cropping ch6-generalexample2fig21.pdf to cropped-ch6-generalexample2fig21.pdf
INFO    : renaming cropped-ch6-generalexample2fig21.pdf to ch6-generalexample2fig21.pdf
INFO    : converting ch6-generalexample2fig21.pdf to ch6-generalexample2fig21.svg
INFO    : converting ch1-circuit117exercise.tex to ch1-circuit117exercise.pdf
INFO    : cropping ch1-circuit117exercise.pdf to cropped-ch1-circuit117exercise.pdf
INFO    : renaming cropped-ch1-circuit117exercise.pdf to ch1-circuit117exercise.pdf
INFO    : converting ch1-circuit117exercise.pdf to ch1-circuit117exercise.svg
INFO    : converting ch3-circuit312fig.tex to ch3-circuit312fig.pdf
INFO    : cropping ch3-circuit312fig.pdf to cropped-ch3-circuit312fig.pdf
INFO    : renaming cropped-ch3-circuit312fig.pdf to ch3-circuit312fig.pdf
INFO    : converting ch3-circuit312fig.pdf to ch3-circuit312fig.svg
INFO    : converting ch6-chargingrl-example4-solution2.tex to ch6-chargingrl-example4-solution2.pdf
INFO    : cropping ch6-chargingrl-example4-solution2.pdf to cropped-ch6-chargingrl-example4-solution2.pdf
INFO    : renaming cropped-ch6-chargingrl-example4-solution2.pdf to ch6-chargingrl-example4-solution2.pdf
INFO    : converting ch6-chargingrl-example4-solution2.pdf to ch6-chargingrl-example4-solution2.svg
INFO    : converting ch2-wyedeltaexample3.tex to ch2-wyedeltaexample3.pdf
INFO    : cropping ch2-wyedeltaexample3.pdf to cropped-ch2-wyedeltaexample3.pdf
INFO    : renaming cropped-ch2-wyedeltaexample3.pdf to ch2-wyedeltaexample3.pdf
INFO    : converting ch2-wyedeltaexample3.pdf to ch2-wyedeltaexample3.svg
INFO    : converting ch3-maximumPowerFigureNorton.tex to ch3-maximumPowerFigureNorton.pdf
INFO    : cropping ch3-maximumPowerFigureNorton.pdf to cropped-ch3-maximumPowerFigureNorton.pdf
INFO    : renaming cropped-ch3-maximumPowerFigureNorton.pdf to ch3-maximumPowerFigureNorton.pdf
INFO    : converting ch3-maximumPowerFigureNorton.pdf to ch3-maximumPowerFigureNorton.svg
INFO    : converting ch2-circuit21fig.tex to ch2-circuit21fig.pdf
INFO    : cropping ch2-circuit21fig.pdf to cropped-ch2-circuit21fig.pdf
INFO    : renaming cropped-ch2-circuit21fig.pdf to ch2-circuit21fig.pdf
INFO    : converting ch2-circuit21fig.pdf to ch2-circuit21fig.svg
INFO    : converting ch3-nortonEquivalentCircuit.tex to ch3-nortonEquivalentCircuit.pdf
INFO    : cropping ch3-nortonEquivalentCircuit.pdf to cropped-ch3-nortonEquivalentCircuit.pdf
INFO    : renaming cropped-ch3-nortonEquivalentCircuit.pdf to ch3-nortonEquivalentCircuit.pdf
INFO    : converting ch3-nortonEquivalentCircuit.pdf to ch3-nortonEquivalentCircuit.svg
INFO    : converting ch3-superpositionExampleIndependentSource.tex to ch3-superpositionExampleIndependentSource.pdf
INFO    : cropping ch3-superpositionExampleIndependentSource.pdf to cropped-ch3-superpositionExampleIndependentSource.pdf
INFO    : renaming cropped-ch3-superpositionExampleIndependentSource.pdf to ch3-superpositionExampleIndependentSource.pdf
INFO    : converting ch3-superpositionExampleIndependentSource.pdf to ch3-superpositionExampleIndependentSource.svg
INFO    : converting ch5-dischargercexampledependent2.tex to ch5-dischargercexampledependent2.pdf
INFO    : cropping ch5-dischargercexampledependent2.pdf to cropped-ch5-dischargercexampledependent2.pdf
INFO    : renaming cropped-ch5-dischargercexampledependent2.pdf to ch5-dischargercexampledependent2.pdf
INFO    : converting ch5-dischargercexampledependent2.pdf to ch5-dischargercexampledependent2.svg
INFO    : converting ch4-voltagefollowerfig.tex to ch4-voltagefollowerfig.pdf
INFO    : cropping ch4-voltagefollowerfig.pdf to cropped-ch4-voltagefollowerfig.pdf
INFO    : renaming cropped-ch4-voltagefollowerfig.pdf to ch4-voltagefollowerfig.pdf
INFO    : converting ch4-voltagefollowerfig.pdf to ch4-voltagefollowerfig.svg
INFO    : converting ch6-generalrl-example2-solution2.tex to ch6-generalrl-example2-solution2.pdf
INFO    : cropping ch6-generalrl-example2-solution2.pdf to cropped-ch6-generalrl-example2-solution2.pdf
INFO    : renaming cropped-ch6-generalrl-example2-solution2.pdf to ch6-generalrl-example2-solution2.pdf
INFO    : converting ch6-generalrl-example2-solution2.pdf to ch6-generalrl-example2-solution2.svg
INFO    : converting ch2-circuit216.tex to ch2-circuit216.pdf
INFO    : cropping ch2-circuit216.pdf to cropped-ch2-circuit216.pdf
INFO    : renaming cropped-ch2-circuit216.pdf to ch2-circuit216.pdf
INFO    : converting ch2-circuit216.pdf to ch2-circuit216.svg
INFO    : converting ch7-series-parallel-example4-figure1.tex to ch7-series-parallel-example4-figure1.pdf
INFO    : cropping ch7-series-parallel-example4-figure1.pdf to cropped-ch7-series-parallel-example4-figure1.pdf
INFO    : renaming cropped-ch7-series-parallel-example4-figure1.pdf to ch7-series-parallel-example4-figure1.pdf
INFO    : converting ch7-series-parallel-example4-figure1.pdf to ch7-series-parallel-example4-figure1.svg
INFO    : converting ch5-dischargercexample2.tex to ch5-dischargercexample2.pdf
INFO    : cropping ch5-dischargercexample2.pdf to cropped-ch5-dischargercexample2.pdf
INFO    : renaming cropped-ch5-dischargercexample2.pdf to ch5-dischargercexample2.pdf
INFO    : converting ch5-dischargercexample2.pdf to ch5-dischargercexample2.svg
INFO    : converting ch6-generalexample1fig8.tex to ch6-generalexample1fig8.pdf
INFO    : cropping ch6-generalexample1fig8.pdf to cropped-ch6-generalexample1fig8.pdf
INFO    : renaming cropped-ch6-generalexample1fig8.pdf to ch6-generalexample1fig8.pdf
INFO    : converting ch6-generalexample1fig8.pdf to ch6-generalexample1fig8.svg
INFO    : converting ch6-equivalentinductance-example5-solution4.tex to ch6-equivalentinductance-example5-solution4.pdf
INFO    : cropping ch6-equivalentinductance-example5-solution4.pdf to cropped-ch6-equivalentinductance-example5-solution4.pdf
INFO    : renaming cropped-ch6-equivalentinductance-example5-solution4.pdf to ch6-equivalentinductance-example5-solution4.pdf
INFO    : converting ch6-equivalentinductance-example5-solution4.pdf to ch6-equivalentinductance-example5-solution4.svg
INFO    : converting ch7-series-parallel-example4-figure3.tex to ch7-series-parallel-example4-figure3.pdf
INFO    : cropping ch7-series-parallel-example4-figure3.pdf to cropped-ch7-series-parallel-example4-figure3.pdf
INFO    : renaming cropped-ch7-series-parallel-example4-figure3.pdf to ch7-series-parallel-example4-figure3.pdf
INFO    : converting ch7-series-parallel-example4-figure3.pdf to ch7-series-parallel-example4-figure3.svg
INFO    : converting ch2-circuit214.tex to ch2-circuit214.pdf
INFO    : cropping ch2-circuit214.pdf to cropped-ch2-circuit214.pdf
INFO    : renaming cropped-ch2-circuit214.pdf to ch2-circuit214.pdf
INFO    : converting ch2-circuit214.pdf to ch2-circuit214.svg
INFO    : converting ch6-equivalentinductance-example5-solution6.tex to ch6-equivalentinductance-example5-solution6.pdf
INFO    : cropping ch6-equivalentinductance-example5-solution6.pdf to cropped-ch6-equivalentinductance-example5-solution6.pdf
INFO    : renaming cropped-ch6-equivalentinductance-example5-solution6.pdf to ch6-equivalentinductance-example5-solution6.pdf
INFO    : converting ch6-equivalentinductance-example5-solution6.pdf to ch6-equivalentinductance-example5-solution6.svg
INFO    : converting ch6-equivalentinductance-example3-diagram.tex to ch6-equivalentinductance-example3-diagram.pdf
INFO    : cropping ch6-equivalentinductance-example3-diagram.pdf to cropped-ch6-equivalentinductance-example3-diagram.pdf
INFO    : renaming cropped-ch6-equivalentinductance-example3-diagram.pdf to ch6-equivalentinductance-example3-diagram.pdf
INFO    : converting ch6-equivalentinductance-example3-diagram.pdf to ch6-equivalentinductance-example3-diagram.svg
INFO    : converting ch6-equivalentinductance-example4-solution8.tex to ch6-equivalentinductance-example4-solution8.pdf
INFO    : cropping ch6-equivalentinductance-example4-solution8.pdf to cropped-ch6-equivalentinductance-example4-solution8.pdf
INFO    : renaming cropped-ch6-equivalentinductance-example4-solution8.pdf to ch6-equivalentinductance-example4-solution8.pdf
INFO    : converting ch6-equivalentinductance-example4-solution8.pdf to ch6-equivalentinductance-example4-solution8.svg
INFO    : converting ch3-circuit35figans4.tex to ch3-circuit35figans4.pdf
INFO    : cropping ch3-circuit35figans4.pdf to cropped-ch3-circuit35figans4.pdf
INFO    : renaming cropped-ch3-circuit35figans4.pdf to ch3-circuit35figans4.pdf
INFO    : converting ch3-circuit35figans4.pdf to ch3-circuit35figans4.svg
INFO    : converting ch4-examplecircuit47sol1.tex to ch4-examplecircuit47sol1.pdf
INFO    : cropping ch4-examplecircuit47sol1.pdf to cropped-ch4-examplecircuit47sol1.pdf
INFO    : renaming cropped-ch4-examplecircuit47sol1.pdf to ch4-examplecircuit47sol1.pdf
INFO    : converting ch4-examplecircuit47sol1.pdf to ch4-examplecircuit47sol1.svg
INFO    : converting ch2-wyedeltaexample1.tex to ch2-wyedeltaexample1.pdf
INFO    : cropping ch2-wyedeltaexample1.pdf to cropped-ch2-wyedeltaexample1.pdf
INFO    : renaming cropped-ch2-wyedeltaexample1.pdf to ch2-wyedeltaexample1.pdf
INFO    : converting ch2-wyedeltaexample1.pdf to ch2-wyedeltaexample1.svg
INFO    : converting ch6-homogeneousrlcircuit-example1-solution2.tex to ch6-homogeneousrlcircuit-example1-solution2.pdf
INFO    : cropping ch6-homogeneousrlcircuit-example1-solution2.pdf to cropped-ch6-homogeneousrlcircuit-example1-solution2.pdf
INFO    : renaming cropped-ch6-homogeneousrlcircuit-example1-solution2.pdf to ch6-homogeneousrlcircuit-example1-solution2.pdf
INFO    : converting ch6-homogeneousrlcircuit-example1-solution2.pdf to ch6-homogeneousrlcircuit-example1-solution2.svg
INFO    : converting ch6-generalexample2fig23.tex to ch6-generalexample2fig23.pdf
INFO    : cropping ch6-generalexample2fig23.pdf to cropped-ch6-generalexample2fig23.pdf
INFO    : renaming cropped-ch6-generalexample2fig23.pdf to ch6-generalexample2fig23.pdf
INFO    : converting ch6-generalexample2fig23.pdf to ch6-generalexample2fig23.svg
INFO    : converting ch1-integratingstepfunctiongraph.tex to ch1-integratingstepfunctiongraph.pdf
INFO    : cropping ch1-integratingstepfunctiongraph.pdf to cropped-ch1-integratingstepfunctiongraph.pdf
INFO    : renaming cropped-ch1-integratingstepfunctiongraph.pdf to ch1-integratingstepfunctiongraph.pdf
INFO    : converting ch1-integratingstepfunctiongraph.pdf to ch1-integratingstepfunctiongraph.svg
INFO    : converting ch6-generalrl-example1-solution5.tex to ch6-generalrl-example1-solution5.pdf
INFO    : cropping ch6-generalrl-example1-solution5.pdf to cropped-ch6-generalrl-example1-solution5.pdf
INFO    : renaming cropped-ch6-generalrl-example1-solution5.pdf to ch6-generalrl-example1-solution5.pdf
INFO    : converting ch6-generalrl-example1-solution5.pdf to ch6-generalrl-example1-solution5.svg
INFO    : converting ch2-meshanalysisex1.tex to ch2-meshanalysisex1.pdf
INFO    : cropping ch2-meshanalysisex1.pdf to cropped-ch2-meshanalysisex1.pdf
INFO    : renaming cropped-ch2-meshanalysisex1.pdf to ch2-meshanalysisex1.pdf
INFO    : converting ch2-meshanalysisex1.pdf to ch2-meshanalysisex1.svg
INFO    : converting ch2-circuit23figans1.tex to ch2-circuit23figans1.pdf
INFO    : cropping ch2-circuit23figans1.pdf to cropped-ch2-circuit23figans1.pdf
INFO    : renaming cropped-ch2-circuit23figans1.pdf to ch2-circuit23figans1.pdf
INFO    : converting ch2-circuit23figans1.pdf to ch2-circuit23figans1.svg
INFO    : converting ch1-measuringcurrentseries.tex to ch1-measuringcurrentseries.pdf
INFO    : cropping ch1-measuringcurrentseries.pdf to cropped-ch1-measuringcurrentseries.pdf
INFO    : renaming cropped-ch1-measuringcurrentseries.pdf to ch1-measuringcurrentseries.pdf
INFO    : converting ch1-measuringcurrentseries.pdf to ch1-measuringcurrentseries.svg
INFO    : converting ch5-generalrcexample5solution2.tex to ch5-generalrcexample5solution2.pdf
INFO    : cropping ch5-generalrcexample5solution2.pdf to cropped-ch5-generalrcexample5solution2.pdf
INFO    : renaming cropped-ch5-generalrcexample5solution2.pdf to ch5-generalrcexample5solution2.pdf
INFO    : converting ch5-generalrcexample5solution2.pdf to ch5-generalrcexample5solution2.svg
INFO    : converting ch3-superpositionExampleFigure.tex to ch3-superpositionExampleFigure.pdf
INFO    : cropping ch3-superpositionExampleFigure.pdf to cropped-ch3-superpositionExampleFigure.pdf
INFO    : renaming cropped-ch3-superpositionExampleFigure.pdf to ch3-superpositionExampleFigure.pdf
INFO    : converting ch3-superpositionExampleFigure.pdf to ch3-superpositionExampleFigure.svg
INFO    : converting ch3-equivalentCircuits.tex to ch3-equivalentCircuits.pdf
INFO    : cropping ch3-equivalentCircuits.pdf to cropped-ch3-equivalentCircuits.pdf
INFO    : renaming cropped-ch3-equivalentCircuits.pdf to ch3-equivalentCircuits.pdf
INFO    : converting ch3-equivalentCircuits.pdf to ch3-equivalentCircuits.svg
INFO    : converting ch3-circuit315figans.tex to ch3-circuit315figans.pdf
INFO    : cropping ch3-circuit315figans.pdf to cropped-ch3-circuit315figans.pdf
INFO    : renaming cropped-ch3-circuit315figans.pdf to ch3-circuit315figans.pdf
INFO    : converting ch3-circuit315figans.pdf to ch3-circuit315figans.svg
INFO    : converting ch6-homogeneousrl-example4-solution1.tex to ch6-homogeneousrl-example4-solution1.pdf
INFO    : cropping ch6-homogeneousrl-example4-solution1.pdf to cropped-ch6-homogeneousrl-example4-solution1.pdf
INFO    : renaming cropped-ch6-homogeneousrl-example4-solution1.pdf to ch6-homogeneousrl-example4-solution1.pdf
INFO    : converting ch6-homogeneousrl-example4-solution1.pdf to ch6-homogeneousrl-example4-solution1.svg
INFO    : converting ch6-chargingrl-example3-solution4.tex to ch6-chargingrl-example3-solution4.pdf
INFO    : cropping ch6-chargingrl-example3-solution4.pdf to cropped-ch6-chargingrl-example3-solution4.pdf
INFO    : renaming cropped-ch6-chargingrl-example3-solution4.pdf to ch6-chargingrl-example3-solution4.pdf
INFO    : converting ch6-chargingrl-example3-solution4.pdf to ch6-chargingrl-example3-solution4.svg
INFO    : converting ch3-circuit315figans2.tex to ch3-circuit315figans2.pdf
INFO    : cropping ch3-circuit315figans2.pdf to cropped-ch3-circuit315figans2.pdf
INFO    : renaming cropped-ch3-circuit315figans2.pdf to ch3-circuit315figans2.pdf
INFO    : converting ch3-circuit315figans2.pdf to ch3-circuit315figans2.svg
INFO    : converting ch4-opampcircuitmodel.tex to ch4-opampcircuitmodel.pdf
INFO    : cropping ch4-opampcircuitmodel.pdf to cropped-ch4-opampcircuitmodel.pdf
INFO    : renaming cropped-ch4-opampcircuitmodel.pdf to ch4-opampcircuitmodel.pdf
INFO    : converting ch4-opampcircuitmodel.pdf to ch4-opampcircuitmodel.svg
INFO    : converting ch6-equivalentinductance-example2-solution2.tex to ch6-equivalentinductance-example2-solution2.pdf
INFO    : cropping ch6-equivalentinductance-example2-solution2.pdf to cropped-ch6-equivalentinductance-example2-solution2.pdf
INFO    : renaming cropped-ch6-equivalentinductance-example2-solution2.pdf to ch6-equivalentinductance-example2-solution2.pdf
INFO    : converting ch6-equivalentinductance-example2-solution2.pdf to ch6-equivalentinductance-example2-solution2.svg
INFO    : converting ch5-generalrcexample2solution2.tex to ch5-generalrcexample2solution2.pdf
INFO    : cropping ch5-generalrcexample2solution2.pdf to cropped-ch5-generalrcexample2solution2.pdf
INFO    : renaming cropped-ch5-generalrcexample2solution2.pdf to ch5-generalrcexample2solution2.pdf
INFO    : converting ch5-generalrcexample2solution2.pdf to ch5-generalrcexample2solution2.svg
INFO    : converting ch5-generalrcexample5solutiongraph3.tex to ch5-generalrcexample5solutiongraph3.pdf
INFO    : cropping ch5-generalrcexample5solutiongraph3.pdf to cropped-ch5-generalrcexample5solutiongraph3.pdf
INFO    : renaming cropped-ch5-generalrcexample5solutiongraph3.pdf to ch5-generalrcexample5solutiongraph3.pdf
INFO    : converting ch5-generalrcexample5solutiongraph3.pdf to ch5-generalrcexample5solutiongraph3.svg
INFO    : converting ch5-homogeneousrcexample4solution1.tex to ch5-homogeneousrcexample4solution1.pdf
INFO    : cropping ch5-homogeneousrcexample4solution1.pdf to cropped-ch5-homogeneousrcexample4solution1.pdf
INFO    : renaming cropped-ch5-homogeneousrcexample4solution1.pdf to ch5-homogeneousrcexample4solution1.pdf
INFO    : converting ch5-homogeneousrcexample4solution1.pdf to ch5-homogeneousrcexample4solution1.svg
INFO    : converting ch2-kclkvlexfig.tex to ch2-kclkvlexfig.pdf
INFO    : cropping ch2-kclkvlexfig.pdf to cropped-ch2-kclkvlexfig.pdf
INFO    : renaming cropped-ch2-kclkvlexfig.pdf to ch2-kclkvlexfig.pdf
INFO    : converting ch2-kclkvlexfig.pdf to ch2-kclkvlexfig.svg
INFO    : converting ch5-generalrcexample5solutiongraph2.tex to ch5-generalrcexample5solutiongraph2.pdf
INFO    : cropping ch5-generalrcexample5solutiongraph2.pdf to cropped-ch5-generalrcexample5solutiongraph2.pdf
INFO    : renaming cropped-ch5-generalrcexample5solutiongraph2.pdf to ch5-generalrcexample5solutiongraph2.pdf
INFO    : converting ch5-generalrcexample5solutiongraph2.pdf to ch5-generalrcexample5solutiongraph2.svg
INFO    : converting ch6-equivalentinductance-example2-solution3.tex to ch6-equivalentinductance-example2-solution3.pdf
INFO    : cropping ch6-equivalentinductance-example2-solution3.pdf to cropped-ch6-equivalentinductance-example2-solution3.pdf
INFO    : renaming cropped-ch6-equivalentinductance-example2-solution3.pdf to ch6-equivalentinductance-example2-solution3.pdf
INFO    : converting ch6-equivalentinductance-example2-solution3.pdf to ch6-equivalentinductance-example2-solution3.svg
INFO    : converting ch5-generalrcexample2solution3.tex to ch5-generalrcexample2solution3.pdf
INFO    : cropping ch5-generalrcexample2solution3.pdf to cropped-ch5-generalrcexample2solution3.pdf
INFO    : renaming cropped-ch5-generalrcexample2solution3.pdf to ch5-generalrcexample2solution3.pdf
INFO    : converting ch5-generalrcexample2solution3.pdf to ch5-generalrcexample2solution3.svg
INFO    : converting ch1-ammeter.tex to ch1-ammeter.pdf
INFO    : cropping ch1-ammeter.pdf to cropped-ch1-ammeter.pdf
INFO    : renaming cropped-ch1-ammeter.pdf to ch1-ammeter.pdf
INFO    : converting ch1-ammeter.pdf to ch1-ammeter.svg
INFO    : converting ch6-chargingrl-example3-solution5.tex to ch6-chargingrl-example3-solution5.pdf
INFO    : cropping ch6-chargingrl-example3-solution5.pdf to cropped-ch6-chargingrl-example3-solution5.pdf
INFO    : renaming cropped-ch6-chargingrl-example3-solution5.pdf to ch6-chargingrl-example3-solution5.pdf
INFO    : converting ch6-chargingrl-example3-solution5.pdf to ch6-chargingrl-example3-solution5.svg
INFO    : converting ch5-generalrcexample5solution3.tex to ch5-generalrcexample5solution3.pdf
INFO    : cropping ch5-generalrcexample5solution3.pdf to cropped-ch5-generalrcexample5solution3.pdf
INFO    : renaming cropped-ch5-generalrcexample5solution3.pdf to ch5-generalrcexample5solution3.pdf
INFO    : converting ch5-generalrcexample5solution3.pdf to ch5-generalrcexample5solution3.svg
INFO    : converting ch2-circuit210fig.tex to ch2-circuit210fig.pdf
INFO    : cropping ch2-circuit210fig.pdf to cropped-ch2-circuit210fig.pdf
INFO    : renaming cropped-ch2-circuit210fig.pdf to ch2-circuit210fig.pdf
INFO    : converting ch2-circuit210fig.pdf to ch2-circuit210fig.svg
INFO    : converting ch6-generalrl-example1-solution4.tex to ch6-generalrl-example1-solution4.pdf
INFO    : cropping ch6-generalrl-example1-solution4.pdf to cropped-ch6-generalrl-example1-solution4.pdf
INFO    : renaming cropped-ch6-generalrl-example1-solution4.pdf to ch6-generalrl-example1-solution4.pdf
INFO    : converting ch6-generalrl-example1-solution4.pdf to ch6-generalrl-example1-solution4.svg
INFO    : converting ch6-generalexample2fig22.tex to ch6-generalexample2fig22.pdf
INFO    : cropping ch6-generalexample2fig22.pdf to cropped-ch6-generalexample2fig22.pdf
INFO    : renaming cropped-ch6-generalexample2fig22.pdf to ch6-generalexample2fig22.pdf
INFO    : converting ch6-generalexample2fig22.pdf to ch6-generalexample2fig22.svg
INFO    : converting ch6-homogeneous-rl-example5-diagram.tex to ch6-homogeneous-rl-example5-diagram.pdf
INFO    : cropping ch6-homogeneous-rl-example5-diagram.pdf to cropped-ch6-homogeneous-rl-example5-diagram.pdf
INFO    : renaming cropped-ch6-homogeneous-rl-example5-diagram.pdf to ch6-homogeneous-rl-example5-diagram.pdf
INFO    : converting ch6-homogeneous-rl-example5-diagram.pdf to ch6-homogeneous-rl-example5-diagram.svg
INFO    : converting ch12-555timerastable.tex to ch12-555timerastable.pdf
INFO    : cropping ch12-555timerastable.pdf to cropped-ch12-555timerastable.pdf
INFO    : renaming cropped-ch12-555timerastable.pdf to ch12-555timerastable.pdf
INFO    : converting ch12-555timerastable.pdf to ch12-555timerastable.svg
INFO    : converting ch1-sinusoidwave19exercise.tex to ch1-sinusoidwave19exercise.pdf
INFO    : cropping ch1-sinusoidwave19exercise.pdf to cropped-ch1-sinusoidwave19exercise.pdf
INFO    : renaming cropped-ch1-sinusoidwave19exercise.pdf to ch1-sinusoidwave19exercise.pdf
INFO    : converting ch1-sinusoidwave19exercise.pdf to ch1-sinusoidwave19exercise.svg
INFO    : converting ch6-chargingrl-example4-solution1.tex to ch6-chargingrl-example4-solution1.pdf
INFO    : cropping ch6-chargingrl-example4-solution1.pdf to cropped-ch6-chargingrl-example4-solution1.pdf
INFO    : renaming cropped-ch6-chargingrl-example4-solution1.pdf to ch6-chargingrl-example4-solution1.pdf
INFO    : converting ch6-chargingrl-example4-solution1.pdf to ch6-chargingrl-example4-solution1.svg
INFO    : converting ch5-dischargercexampledependent1.tex to ch5-dischargercexampledependent1.pdf
INFO    : cropping ch5-dischargercexampledependent1.pdf to cropped-ch5-dischargercexampledependent1.pdf
INFO    : renaming cropped-ch5-dischargercexampledependent1.pdf to ch5-dischargercexampledependent1.pdf
INFO    : converting ch5-dischargercexampledependent1.pdf to ch5-dischargercexampledependent1.svg
INFO    : converting ch5-generalrcendofchatperexamplecircuitquestion2.tex to ch5-generalrcendofchatperexamplecircuitquestion2.pdf
INFO    : cropping ch5-generalrcendofchatperexamplecircuitquestion2.pdf to cropped-ch5-generalrcendofchatperexamplecircuitquestion2.pdf
INFO    : renaming cropped-ch5-generalrcendofchatperexamplecircuitquestion2.pdf to ch5-generalrcendofchatperexamplecircuitquestion2.pdf
INFO    : converting ch5-generalrcendofchatperexamplecircuitquestion2.pdf to ch5-generalrcendofchatperexamplecircuitquestion2.svg
INFO    : converting ch2-ohmmeter.tex to ch2-ohmmeter.pdf
INFO    : cropping ch2-ohmmeter.pdf to cropped-ch2-ohmmeter.pdf
INFO    : renaming cropped-ch2-ohmmeter.pdf to ch2-ohmmeter.pdf
INFO    : converting ch2-ohmmeter.pdf to ch2-ohmmeter.svg
INFO    : converting ch6-equivalentinductance-example4-solution9.tex to ch6-equivalentinductance-example4-solution9.pdf
INFO    : cropping ch6-equivalentinductance-example4-solution9.pdf to cropped-ch6-equivalentinductance-example4-solution9.pdf
INFO    : renaming cropped-ch6-equivalentinductance-example4-solution9.pdf to ch6-equivalentinductance-example4-solution9.pdf
INFO    : converting ch6-equivalentinductance-example4-solution9.pdf to ch6-equivalentinductance-example4-solution9.svg
INFO    : converting ch6-generalrl-example2-solution1.tex to ch6-generalrl-example2-solution1.pdf
INFO    : cropping ch6-generalrl-example2-solution1.pdf to cropped-ch6-generalrl-example2-solution1.pdf
INFO    : renaming cropped-ch6-generalrl-example2-solution1.pdf to ch6-generalrl-example2-solution1.pdf
INFO    : converting ch6-generalrl-example2-solution1.pdf to ch6-generalrl-example2-solution1.svg
INFO    : converting ch3-circuit35fig.tex to ch3-circuit35fig.pdf
INFO    : cropping ch3-circuit35fig.pdf to cropped-ch3-circuit35fig.pdf
INFO    : renaming cropped-ch3-circuit35fig.pdf to ch3-circuit35fig.pdf
INFO    : converting ch3-circuit35fig.pdf to ch3-circuit35fig.svg
INFO    : converting ch6-equivalentinductance-example5-solution7.tex to ch6-equivalentinductance-example5-solution7.pdf
INFO    : cropping ch6-equivalentinductance-example5-solution7.pdf to cropped-ch6-equivalentinductance-example5-solution7.pdf
INFO    : renaming cropped-ch6-equivalentinductance-example5-solution7.pdf to ch6-equivalentinductance-example5-solution7.pdf
INFO    : converting ch6-equivalentinductance-example5-solution7.pdf to ch6-equivalentinductance-example5-solution7.svg
INFO    : converting ch5-dischargercexample1.tex to ch5-dischargercexample1.pdf
INFO    : cropping ch5-dischargercexample1.pdf to cropped-ch5-dischargercexample1.pdf
INFO    : renaming cropped-ch5-dischargercexample1.pdf to ch5-dischargercexample1.pdf
INFO    : converting ch5-dischargercexample1.pdf to ch5-dischargercexample1.svg
INFO    : converting elementarysignals118exercise-2-1-2.tex to elementarysignals118exercise-2-1-2.pdf
INFO    : cropping elementarysignals118exercise-2-1-2.pdf to cropped-elementarysignals118exercise-2-1-2.pdf
INFO    : renaming cropped-elementarysignals118exercise-2-1-2.pdf to elementarysignals118exercise-2-1-2.pdf
INFO    : converting elementarysignals118exercise-2-1-2.pdf to elementarysignals118exercise-2-1-2.svg
INFO    : converting ch2-circuit215.tex to ch2-circuit215.pdf
INFO    : cropping ch2-circuit215.pdf to cropped-ch2-circuit215.pdf
INFO    : renaming cropped-ch2-circuit215.pdf to ch2-circuit215.pdf
INFO    : converting ch2-circuit215.pdf to ch2-circuit215.svg
INFO    : converting ch7-series-parallel-example4-figure2.tex to ch7-series-parallel-example4-figure2.pdf
INFO    : cropping ch7-series-parallel-example4-figure2.pdf to cropped-ch7-series-parallel-example4-figure2.pdf
INFO    : renaming cropped-ch7-series-parallel-example4-figure2.pdf to ch7-series-parallel-example4-figure2.pdf
INFO    : converting ch7-series-parallel-example4-figure2.pdf to ch7-series-parallel-example4-figure2.svg
INFO    : converting ch6-generalrl-example2-solution5.tex to ch6-generalrl-example2-solution5.pdf
INFO    : cropping ch6-generalrl-example2-solution5.pdf to cropped-ch6-generalrl-example2-solution5.pdf
INFO    : renaming cropped-ch6-generalrl-example2-solution5.pdf to ch6-generalrl-example2-solution5.pdf
INFO    : converting ch6-generalrl-example2-solution5.pdf to ch6-generalrl-example2-solution5.svg
INFO    : converting ch6-rl-charging-example3-diagram.tex to ch6-rl-charging-example3-diagram.pdf
INFO    : cropping ch6-rl-charging-example3-diagram.pdf to cropped-ch6-rl-charging-example3-diagram.pdf
INFO    : renaming cropped-ch6-rl-charging-example3-diagram.pdf to ch6-rl-charging-example3-diagram.pdf
INFO    : converting ch6-rl-charging-example3-diagram.pdf to ch6-rl-charging-example3-diagram.svg
INFO    : converting ch5-dischargercexample5.tex to ch5-dischargercexample5.pdf
INFO    : cropping ch5-dischargercexample5.pdf to cropped-ch5-dischargercexample5.pdf
INFO    : renaming cropped-ch5-dischargercexample5.pdf to ch5-dischargercexample5.pdf
INFO    : converting ch5-dischargercexample5.pdf to ch5-dischargercexample5.svg
INFO    : converting ch6-equivalentinductance-example5-solution3.tex to ch6-equivalentinductance-example5-solution3.pdf
INFO    : cropping ch6-equivalentinductance-example5-solution3.pdf to cropped-ch6-equivalentinductance-example5-solution3.pdf
INFO    : renaming cropped-ch6-equivalentinductance-example5-solution3.pdf to ch6-equivalentinductance-example5-solution3.pdf
INFO    : converting ch6-equivalentinductance-example5-solution3.pdf to ch6-equivalentinductance-example5-solution3.svg
INFO    : converting ch3-circuit35figans1.tex to ch3-circuit35figans1.pdf
INFO    : cropping ch3-circuit35figans1.pdf to cropped-ch3-circuit35figans1.pdf
INFO    : renaming cropped-ch3-circuit35figans1.pdf to ch3-circuit35figans1.pdf
INFO    : converting ch3-circuit35figans1.pdf to ch3-circuit35figans1.svg
INFO    : converting ch5-dischargercexampledependent5.tex to ch5-dischargercexampledependent5.pdf
INFO    : cropping ch5-dischargercexampledependent5.pdf to cropped-ch5-dischargercexampledependent5.pdf
INFO    : renaming cropped-ch5-dischargercexampledependent5.pdf to ch5-dischargercexampledependent5.pdf
INFO    : converting ch5-dischargercexampledependent5.pdf to ch5-dischargercexampledependent5.svg
INFO    : converting ch3-voltageTransformToCurrent.tex to ch3-voltageTransformToCurrent.pdf
INFO    : cropping ch3-voltageTransformToCurrent.pdf to cropped-ch3-voltageTransformToCurrent.pdf
INFO    : renaming cropped-ch3-voltageTransformToCurrent.pdf to ch3-voltageTransformToCurrent.pdf
INFO    : converting ch3-voltageTransformToCurrent.pdf to ch3-voltageTransformToCurrent.svg
INFO    : converting ch5-homogeneousrcexample5solution3.tex to ch5-homogeneousrcexample5solution3.pdf
INFO    : cropping ch5-homogeneousrcexample5solution3.pdf to cropped-ch5-homogeneousrcexample5solution3.pdf
INFO    : renaming cropped-ch5-homogeneousrcexample5solution3.pdf to ch5-homogeneousrcexample5solution3.pdf
INFO    : converting ch5-homogeneousrcexample5solution3.pdf to ch5-homogeneousrcexample5solution3.svg
INFO    : converting ch3-circuit310figans2.tex to ch3-circuit310figans2.pdf
INFO    : cropping ch3-circuit310figans2.pdf to cropped-ch3-circuit310figans2.pdf
INFO    : renaming cropped-ch3-circuit310figans2.pdf to ch3-circuit310figans2.pdf
INFO    : converting ch3-circuit310figans2.pdf to ch3-circuit310figans2.svg
INFO    : converting ch5-generaltransientresistorexample8.tex to ch5-generaltransientresistorexample8.pdf
INFO    : cropping ch5-generaltransientresistorexample8.pdf to cropped-ch5-generaltransientresistorexample8.pdf
INFO    : renaming cropped-ch5-generaltransientresistorexample8.pdf to ch5-generaltransientresistorexample8.pdf
INFO    : converting ch5-generaltransientresistorexample8.pdf to ch5-generaltransientresistorexample8.svg
INFO    : converting ch2-circuit23figans4.tex to ch2-circuit23figans4.pdf
INFO    : cropping ch2-circuit23figans4.pdf to cropped-ch2-circuit23figans4.pdf
INFO    : renaming cropped-ch2-circuit23figans4.pdf to ch2-circuit23figans4.pdf
INFO    : converting ch2-circuit23figans4.pdf to ch2-circuit23figans4.svg
INFO    : converting ch6-equivalentinductance-example1-solution2.tex to ch6-equivalentinductance-example1-solution2.pdf
INFO    : cropping ch6-equivalentinductance-example1-solution2.pdf to cropped-ch6-equivalentinductance-example1-solution2.pdf
INFO    : renaming cropped-ch6-equivalentinductance-example1-solution2.pdf to ch6-equivalentinductance-example1-solution2.pdf
INFO    : converting ch6-equivalentinductance-example1-solution2.pdf to ch6-equivalentinductance-example1-solution2.svg
INFO    : converting ch5-equivalentcapacitance-examplequestion2.tex to ch5-equivalentcapacitance-examplequestion2.pdf
INFO    : cropping ch5-equivalentcapacitance-examplequestion2.pdf to cropped-ch5-equivalentcapacitance-examplequestion2.pdf
INFO    : renaming cropped-ch5-equivalentcapacitance-examplequestion2.pdf to ch5-equivalentcapacitance-examplequestion2.pdf
INFO    : converting ch5-equivalentcapacitance-examplequestion2.pdf to ch5-equivalentcapacitance-examplequestion2.svg
INFO    : converting ch6-homogeneousrl-example4-solution4.tex to ch6-homogeneousrl-example4-solution4.pdf
INFO    : cropping ch6-homogeneousrl-example4-solution4.pdf to cropped-ch6-homogeneousrl-example4-solution4.pdf
INFO    : renaming cropped-ch6-homogeneousrl-example4-solution4.pdf to ch6-homogeneousrl-example4-solution4.pdf
INFO    : converting ch6-homogeneousrl-example4-solution4.pdf to ch6-homogeneousrl-example4-solution4.svg
INFO    : converting ch6-chargingrl-example3-solution1.tex to ch6-chargingrl-example3-solution1.pdf
INFO    : cropping ch6-chargingrl-example3-solution1.pdf to cropped-ch6-chargingrl-example3-solution1.pdf
INFO    : renaming cropped-ch6-chargingrl-example3-solution1.pdf to ch6-chargingrl-example3-solution1.pdf
INFO    : converting ch6-chargingrl-example3-solution1.pdf to ch6-chargingrl-example3-solution1.svg
INFO    : converting ch3-circuit38figans2.tex to ch3-circuit38figans2.pdf
INFO    : cropping ch3-circuit38figans2.pdf to cropped-ch3-circuit38figans2.pdf
INFO    : renaming cropped-ch3-circuit38figans2.pdf to ch3-circuit38figans2.pdf
INFO    : converting ch3-circuit38figans2.pdf to ch3-circuit38figans2.svg
INFO    : converting ch5-generalrcexample2solution7.tex to ch5-generalrcexample2solution7.pdf
INFO    : cropping ch5-generalrcexample2solution7.pdf to cropped-ch5-generalrcexample2solution7.pdf
INFO    : renaming cropped-ch5-generalrcexample2solution7.pdf to ch5-generalrcexample2solution7.pdf
INFO    : converting ch5-generalrcexample2solution7.pdf to ch5-generalrcexample2solution7.svg
INFO    : converting ch12-555timerastabledischarging.tex to ch12-555timerastabledischarging.pdf
INFO    : cropping ch12-555timerastabledischarging.pdf to cropped-ch12-555timerastabledischarging.pdf
INFO    : renaming cropped-ch12-555timerastabledischarging.pdf to ch12-555timerastabledischarging.pdf
INFO    : converting ch12-555timerastabledischarging.pdf to ch12-555timerastabledischarging.svg
INFO    : converting ch5-generalrcexample2solution6.tex to ch5-generalrcexample2solution6.pdf
INFO    : cropping ch5-generalrcexample2solution6.pdf to cropped-ch5-generalrcexample2solution6.pdf
INFO    : renaming cropped-ch5-generalrcexample2solution6.pdf to ch5-generalrcexample2solution6.pdf
INFO    : converting ch5-generalrcexample2solution6.pdf to ch5-generalrcexample2solution6.svg
INFO    : converting ch5-generalrctransientexample5.tex to ch5-generalrctransientexample5.pdf
INFO    : cropping ch5-generalrctransientexample5.pdf to cropped-ch5-generalrctransientexample5.pdf
INFO    : renaming cropped-ch5-generalrctransientexample5.pdf to ch5-generalrctransientexample5.pdf
INFO    : converting ch5-generalrctransientexample5.pdf to ch5-generalrctransientexample5.svg
INFO    : converting ch7-homogeneous-example2-figure1.tex to ch7-homogeneous-example2-figure1.pdf
INFO    : cropping ch7-homogeneous-example2-figure1.pdf to cropped-ch7-homogeneous-example2-figure1.pdf
INFO    : renaming cropped-ch7-homogeneous-example2-figure1.pdf to ch7-homogeneous-example2-figure1.pdf
INFO    : converting ch7-homogeneous-example2-figure1.pdf to ch7-homogeneous-example2-figure1.svg
INFO    : converting ch3-circuit38figans3.tex to ch3-circuit38figans3.pdf
INFO    : cropping ch3-circuit38figans3.pdf to cropped-ch3-circuit38figans3.pdf
INFO    : renaming cropped-ch3-circuit38figans3.pdf to ch3-circuit38figans3.pdf
INFO    : converting ch3-circuit38figans3.pdf to ch3-circuit38figans3.svg
INFO    : converting ch7-series-parallel-example1-figure2.tex to ch7-series-parallel-example1-figure2.pdf
INFO    : cropping ch7-series-parallel-example1-figure2.pdf to cropped-ch7-series-parallel-example1-figure2.pdf
INFO    : renaming cropped-ch7-series-parallel-example1-figure2.pdf to ch7-series-parallel-example1-figure2.pdf
INFO    : converting ch7-series-parallel-example1-figure2.pdf to ch7-series-parallel-example1-figure2.svg
INFO    : converting ch2-potvoltagedivider.tex to ch2-potvoltagedivider.pdf
INFO    : cropping ch2-potvoltagedivider.pdf to cropped-ch2-potvoltagedivider.pdf
INFO    : renaming cropped-ch2-potvoltagedivider.pdf to ch2-potvoltagedivider.pdf
INFO    : converting ch2-potvoltagedivider.pdf to ch2-potvoltagedivider.svg
INFO    : converting ch1-exampletwoseriescurrents.tex to ch1-exampletwoseriescurrents.pdf
INFO    : cropping ch1-exampletwoseriescurrents.pdf to cropped-ch1-exampletwoseriescurrents.pdf
INFO    : renaming cropped-ch1-exampletwoseriescurrents.pdf to ch1-exampletwoseriescurrents.pdf
INFO    : converting ch1-exampletwoseriescurrents.pdf to ch1-exampletwoseriescurrents.svg
INFO    : converting ch5-equivalentcapacitance-examplequestion3.tex to ch5-equivalentcapacitance-examplequestion3.pdf
INFO    : cropping ch5-equivalentcapacitance-examplequestion3.pdf to cropped-ch5-equivalentcapacitance-examplequestion3.pdf
INFO    : renaming cropped-ch5-equivalentcapacitance-examplequestion3.pdf to ch5-equivalentcapacitance-examplequestion3.pdf
INFO    : converting ch5-equivalentcapacitance-examplequestion3.pdf to ch5-equivalentcapacitance-examplequestion3.svg
INFO    : converting ch1-dcpowersources.tex to ch1-dcpowersources.pdf
INFO    : cropping ch1-dcpowersources.pdf to cropped-ch1-dcpowersources.pdf
INFO    : renaming cropped-ch1-dcpowersources.pdf to ch1-dcpowersources.pdf
INFO    : converting ch1-dcpowersources.pdf to ch1-dcpowersources.svg
INFO    : converting ch2-circuit23figans5.tex to ch2-circuit23figans5.pdf
INFO    : cropping ch2-circuit23figans5.pdf to cropped-ch2-circuit23figans5.pdf
INFO    : renaming cropped-ch2-circuit23figans5.pdf to ch2-circuit23figans5.pdf
INFO    : converting ch2-circuit23figans5.pdf to ch2-circuit23figans5.svg
INFO    : converting ch2-wheatstonebridgefig.tex to ch2-wheatstonebridgefig.pdf
INFO    : cropping ch2-wheatstonebridgefig.pdf to cropped-ch2-wheatstonebridgefig.pdf
INFO    : renaming cropped-ch2-wheatstonebridgefig.pdf to ch2-wheatstonebridgefig.pdf
INFO    : converting ch2-wheatstonebridgefig.pdf to ch2-wheatstonebridgefig.svg
INFO    : converting ch3-currentTransformToVoltage.tex to ch3-currentTransformToVoltage.pdf
INFO    : cropping ch3-currentTransformToVoltage.pdf to cropped-ch3-currentTransformToVoltage.pdf
INFO    : renaming cropped-ch3-currentTransformToVoltage.pdf to ch3-currentTransformToVoltage.pdf
INFO    : converting ch3-currentTransformToVoltage.pdf to ch3-currentTransformToVoltage.svg
INFO    : converting ch2-circuit212fig.tex to ch2-circuit212fig.pdf
INFO    : cropping ch2-circuit212fig.pdf to cropped-ch2-circuit212fig.pdf
INFO    : renaming cropped-ch2-circuit212fig.pdf to ch2-circuit212fig.pdf
INFO    : converting ch2-circuit212fig.pdf to ch2-circuit212fig.svg
INFO    : converting ch3-circuit310figans3.tex to ch3-circuit310figans3.pdf
INFO    : cropping ch3-circuit310figans3.pdf to cropped-ch3-circuit310figans3.pdf
INFO    : renaming cropped-ch3-circuit310figans3.pdf to ch3-circuit310figans3.pdf
INFO    : converting ch3-circuit310figans3.pdf to ch3-circuit310figans3.svg
INFO    : converting ch6-generalrl-example1-solution1.tex to ch6-generalrl-example1-solution1.pdf
INFO    : cropping ch6-generalrl-example1-solution1.pdf to cropped-ch6-generalrl-example1-solution1.pdf
INFO    : renaming cropped-ch6-generalrl-example1-solution1.pdf to ch6-generalrl-example1-solution1.pdf
INFO    : converting ch6-generalrl-example1-solution1.pdf to ch6-generalrl-example1-solution1.svg
INFO    : converting ch5-homogeneousrcexample5solution2.tex to ch5-homogeneousrcexample5solution2.pdf
INFO    : cropping ch5-homogeneousrcexample5solution2.pdf to cropped-ch5-homogeneousrcexample5solution2.pdf
INFO    : renaming cropped-ch5-homogeneousrcexample5solution2.pdf to ch5-homogeneousrcexample5solution2.pdf
INFO    : converting ch5-homogeneousrcexample5solution2.pdf to ch5-homogeneousrcexample5solution2.svg
INFO    : converting ch6-seriesinductorsdiagram.tex to ch6-seriesinductorsdiagram.pdf
INFO    : cropping ch6-seriesinductorsdiagram.pdf to cropped-ch6-seriesinductorsdiagram.pdf
INFO    : renaming cropped-ch6-seriesinductorsdiagram.pdf to ch6-seriesinductorsdiagram.pdf
INFO    : converting ch6-seriesinductorsdiagram.pdf to ch6-seriesinductorsdiagram.svg
INFO    : converting ch12-clocksignalfigure.tex to ch12-clocksignalfigure.pdf
INFO    : cropping ch12-clocksignalfigure.pdf to cropped-ch12-clocksignalfigure.pdf
INFO    : renaming cropped-ch12-clocksignalfigure.pdf to ch12-clocksignalfigure.pdf
INFO    : converting ch12-clocksignalfigure.pdf to ch12-clocksignalfigure.svg
INFO    : converting ch6-homogeneousrl-example3-solution1.tex to ch6-homogeneousrl-example3-solution1.pdf
INFO    : cropping ch6-homogeneousrl-example3-solution1.pdf to cropped-ch6-homogeneousrl-example3-solution1.pdf
INFO    : renaming cropped-ch6-homogeneousrl-example3-solution1.pdf to ch6-homogeneousrl-example3-solution1.pdf
INFO    : converting ch6-homogeneousrl-example3-solution1.pdf to ch6-homogeneousrl-example3-solution1.svg
INFO    : converting ch5-generalrcexample4solution1.tex to ch5-generalrcexample4solution1.pdf
INFO    : cropping ch5-generalrcexample4solution1.pdf to cropped-ch5-generalrcexample4solution1.pdf
INFO    : renaming cropped-ch5-generalrcexample4solution1.pdf to ch5-generalrcexample4solution1.pdf
INFO    : converting ch5-generalrcexample4solution1.pdf to ch5-generalrcexample4solution1.svg
INFO    : converting ch5-dischargercexampledependent4.tex to ch5-dischargercexampledependent4.pdf
INFO    : cropping ch5-dischargercexampledependent4.pdf to cropped-ch5-dischargercexampledependent4.pdf
INFO    : renaming cropped-ch5-dischargercexampledependent4.pdf to ch5-dischargercexampledependent4.pdf
INFO    : converting ch5-dischargercexampledependent4.pdf to ch5-dischargercexampledependent4.svg
INFO    : converting ch1-circuit11exercise.tex to ch1-circuit11exercise.pdf
INFO    : cropping ch1-circuit11exercise.pdf to cropped-ch1-circuit11exercise.pdf
INFO    : renaming cropped-ch1-circuit11exercise.pdf to ch1-circuit11exercise.pdf
INFO    : converting ch1-circuit11exercise.pdf to ch1-circuit11exercise.svg
INFO    : converting ch2-potcartoon.tex to ch2-potcartoon.pdf
INFO    : cropping ch2-potcartoon.pdf to cropped-ch2-potcartoon.pdf
INFO    : renaming cropped-ch2-potcartoon.pdf to ch2-potcartoon.pdf
INFO    : converting ch2-potcartoon.pdf to ch2-potcartoon.svg
INFO    : converting ch5-homogeneousrcexample2solution2.tex to ch5-homogeneousrcexample2solution2.pdf
INFO    : cropping ch5-homogeneousrcexample2solution2.pdf to cropped-ch5-homogeneousrcexample2solution2.pdf
INFO    : renaming cropped-ch5-homogeneousrcexample2solution2.pdf to ch5-homogeneousrcexample2solution2.pdf
INFO    : converting ch5-homogeneousrcexample2solution2.pdf to ch5-homogeneousrcexample2solution2.svg
INFO    : converting ch5-dischargercexample4.tex to ch5-dischargercexample4.pdf
INFO    : cropping ch5-dischargercexample4.pdf to cropped-ch5-dischargercexample4.pdf
INFO    : renaming cropped-ch5-dischargercexample4.pdf to ch5-dischargercexample4.pdf
INFO    : converting ch5-dischargercexample4.pdf to ch5-dischargercexample4.svg
INFO    : converting ch6-equivalentinductance-example5-solution2.tex to ch6-equivalentinductance-example5-solution2.pdf
INFO    : cropping ch6-equivalentinductance-example5-solution2.pdf to cropped-ch6-equivalentinductance-example5-solution2.pdf
INFO    : renaming cropped-ch6-equivalentinductance-example5-solution2.pdf to ch6-equivalentinductance-example5-solution2.pdf
INFO    : converting ch6-equivalentinductance-example5-solution2.pdf to ch6-equivalentinductance-example5-solution2.svg
INFO    : converting ch2-circuit22figanswer.tex to ch2-circuit22figanswer.pdf
INFO    : cropping ch2-circuit22figanswer.pdf to cropped-ch2-circuit22figanswer.pdf
INFO    : renaming cropped-ch2-circuit22figanswer.pdf to ch2-circuit22figanswer.pdf
INFO    : converting ch2-circuit22figanswer.pdf to ch2-circuit22figanswer.svg
INFO    : converting ch12-555monostableoutput.tex to ch12-555monostableoutput.pdf
INFO    : cropping ch12-555monostableoutput.pdf to cropped-ch12-555monostableoutput.pdf
INFO    : renaming cropped-ch12-555monostableoutput.pdf to ch12-555monostableoutput.pdf
INFO    : converting ch12-555monostableoutput.pdf to ch12-555monostableoutput.svg
INFO    : converting ch6-generalrl-example2-solution4.tex to ch6-generalrl-example2-solution4.pdf
INFO    : cropping ch6-generalrl-example2-solution4.pdf to cropped-ch6-generalrl-example2-solution4.pdf
INFO    : renaming cropped-ch6-generalrl-example2-solution4.pdf to ch6-generalrl-example2-solution4.pdf
INFO    : converting ch6-generalrl-example2-solution4.pdf to ch6-generalrl-example2-solution4.svg
INFO    : converting ch4-voltagefollowercurrentfigure.tex to ch4-voltagefollowercurrentfigure.pdf
INFO    : cropping ch4-voltagefollowercurrentfigure.pdf to cropped-ch4-voltagefollowercurrentfigure.pdf
INFO    : renaming cropped-ch4-voltagefollowercurrentfigure.pdf to ch4-voltagefollowercurrentfigure.pdf
INFO    : converting ch4-voltagefollowercurrentfigure.pdf to ch4-voltagefollowercurrentfigure.svg
INFO    : converting ch5-dischargercexample6.tex to ch5-dischargercexample6.pdf
INFO    : cropping ch5-dischargercexample6.pdf to cropped-ch5-dischargercexample6.pdf
INFO    : renaming cropped-ch5-dischargercexample6.pdf to ch5-dischargercexample6.pdf
INFO    : converting ch5-dischargercexample6.pdf to ch5-dischargercexample6.svg
INFO    : converting ch7-series-rlc-example3-diagram.tex to ch7-series-rlc-example3-diagram.pdf
INFO    : cropping ch7-series-rlc-example3-diagram.pdf to cropped-ch7-series-rlc-example3-diagram.pdf
INFO    : renaming cropped-ch7-series-rlc-example3-diagram.pdf to ch7-series-rlc-example3-diagram.pdf
INFO    : converting ch7-series-rlc-example3-diagram.pdf to ch7-series-rlc-example3-diagram.svg
INFO    : converting ch6-inductor-ivrelationship-example3-diagram.tex to ch6-inductor-ivrelationship-example3-diagram.pdf
INFO    : cropping ch6-inductor-ivrelationship-example3-diagram.pdf to cropped-ch6-inductor-ivrelationship-example3-diagram.pdf
INFO    : renaming cropped-ch6-inductor-ivrelationship-example3-diagram.pdf to ch6-inductor-ivrelationship-example3-diagram.pdf
INFO    : converting ch6-inductor-ivrelationship-example3-diagram.pdf to ch6-inductor-ivrelationship-example3-diagram.svg
INFO    : converting ch3-circuit35figans2.tex to ch3-circuit35figans2.pdf
INFO    : cropping ch3-circuit35figans2.pdf to cropped-ch3-circuit35figans2.pdf
INFO    : renaming cropped-ch3-circuit35figans2.pdf to ch3-circuit35figans2.pdf
INFO    : converting ch3-circuit35figans2.pdf to ch3-circuit35figans2.svg
INFO    : converting ch6-homogeneousrl-example3-solution3.tex to ch6-homogeneousrl-example3-solution3.pdf
INFO    : cropping ch6-homogeneousrl-example3-solution3.pdf to cropped-ch6-homogeneousrl-example3-solution3.pdf
INFO    : renaming cropped-ch6-homogeneousrl-example3-solution3.pdf to ch6-homogeneousrl-example3-solution3.pdf
INFO    : converting ch6-homogeneousrl-example3-solution3.pdf to ch6-homogeneousrl-example3-solution3.svg
INFO    : converting ch6-generalrl-example1-solution3.tex to ch6-generalrl-example1-solution3.pdf
INFO    : cropping ch6-generalrl-example1-solution3.pdf to cropped-ch6-generalrl-example1-solution3.pdf
INFO    : renaming cropped-ch6-generalrl-example1-solution3.pdf to ch6-generalrl-example1-solution3.pdf
INFO    : converting ch6-generalrl-example1-solution3.pdf to ch6-generalrl-example1-solution3.svg
INFO    : converting ch3-circuit310figans1.tex to ch3-circuit310figans1.pdf
INFO    : cropping ch3-circuit310figans1.pdf to cropped-ch3-circuit310figans1.pdf
INFO    : renaming cropped-ch3-circuit310figans1.pdf to ch3-circuit310figans1.pdf
INFO    : converting ch3-circuit310figans1.pdf to ch3-circuit310figans1.svg
INFO    : converting ch6-generalexample2fig19.tex to ch6-generalexample2fig19.pdf
INFO    : cropping ch6-generalexample2fig19.pdf to cropped-ch6-generalexample2fig19.pdf
INFO    : renaming cropped-ch6-generalexample2fig19.pdf to ch6-generalexample2fig19.pdf
INFO    : converting ch6-generalexample2fig19.pdf to ch6-generalexample2fig19.svg
INFO    : converting ch2-resistorparallelarea.tex to ch2-resistorparallelarea.pdf
INFO    : cropping ch2-resistorparallelarea.pdf to cropped-ch2-resistorparallelarea.pdf
INFO    : renaming cropped-ch2-resistorparallelarea.pdf to ch2-resistorparallelarea.pdf
INFO    : converting ch2-resistorparallelarea.pdf to ch2-resistorparallelarea.svg
INFO    : converting ch6-rl-general-example5-diagram.tex to ch6-rl-general-example5-diagram.pdf
INFO    : cropping ch6-rl-general-example5-diagram.pdf to cropped-ch6-rl-general-example5-diagram.pdf
INFO    : renaming cropped-ch6-rl-general-example5-diagram.pdf to ch6-rl-general-example5-diagram.pdf
INFO    : converting ch6-rl-general-example5-diagram.pdf to ch6-rl-general-example5-diagram.svg
INFO    : converting ch5-equivalentcapacitance-examplequestion1.tex to ch5-equivalentcapacitance-examplequestion1.pdf
INFO    : cropping ch5-equivalentcapacitance-examplequestion1.pdf to cropped-ch5-equivalentcapacitance-examplequestion1.pdf
INFO    : renaming cropped-ch5-equivalentcapacitance-examplequestion1.pdf to ch5-equivalentcapacitance-examplequestion1.pdf
INFO    : converting ch5-equivalentcapacitance-examplequestion1.pdf to ch5-equivalentcapacitance-examplequestion1.svg
INFO    : converting ch6-equivalentinductance-example1-solution1.tex to ch6-equivalentinductance-example1-solution1.pdf
INFO    : cropping ch6-equivalentinductance-example1-solution1.pdf to cropped-ch6-equivalentinductance-example1-solution1.pdf
INFO    : renaming cropped-ch6-equivalentinductance-example1-solution1.pdf to ch6-equivalentinductance-example1-solution1.pdf
INFO    : converting ch6-equivalentinductance-example1-solution1.pdf to ch6-equivalentinductance-example1-solution1.svg
INFO    : converting ch4-examplecircuit412sol1.tex to ch4-examplecircuit412sol1.pdf
INFO    : cropping ch4-examplecircuit412sol1.pdf to cropped-ch4-examplecircuit412sol1.pdf
INFO    : renaming cropped-ch4-examplecircuit412sol1.pdf to ch4-examplecircuit412sol1.pdf
INFO    : converting ch4-examplecircuit412sol1.pdf to ch4-examplecircuit412sol1.svg
INFO    : converting ch6-chargingrl-example3-solution2.tex to ch6-chargingrl-example3-solution2.pdf
INFO    : cropping ch6-chargingrl-example3-solution2.pdf to cropped-ch6-chargingrl-example3-solution2.pdf
INFO    : renaming cropped-ch6-chargingrl-example3-solution2.pdf to ch6-chargingrl-example3-solution2.pdf
INFO    : converting ch6-chargingrl-example3-solution2.pdf to ch6-chargingrl-example3-solution2.svg
INFO    : converting ch5-generalrcexample5solution4.tex to ch5-generalrcexample5solution4.pdf
INFO    : cropping ch5-generalrcexample5solution4.pdf to cropped-ch5-generalrcexample5solution4.pdf
INFO    : renaming cropped-ch5-generalrcexample5solution4.pdf to ch5-generalrcexample5solution4.pdf
INFO    : converting ch5-generalrcexample5solution4.pdf to ch5-generalrcexample5solution4.svg
INFO    : converting ch3-circuit38figans1.tex to ch3-circuit38figans1.pdf
INFO    : cropping ch3-circuit38figans1.pdf to cropped-ch3-circuit38figans1.pdf
INFO    : renaming cropped-ch3-circuit38figans1.pdf to ch3-circuit38figans1.pdf
INFO    : converting ch3-circuit38figans1.pdf to ch3-circuit38figans1.svg
INFO    : converting ch4-comparatorfig.tex to ch4-comparatorfig.pdf
INFO    : cropping ch4-comparatorfig.pdf to cropped-ch4-comparatorfig.pdf
INFO    : renaming cropped-ch4-comparatorfig.pdf to ch4-comparatorfig.pdf
INFO    : converting ch4-comparatorfig.pdf to ch4-comparatorfig.svg
INFO    : converting ch7-homogeneous-example2-figure3.tex to ch7-homogeneous-example2-figure3.pdf
INFO    : cropping ch7-homogeneous-example2-figure3.pdf to cropped-ch7-homogeneous-example2-figure3.pdf
INFO    : renaming cropped-ch7-homogeneous-example2-figure3.pdf to ch7-homogeneous-example2-figure3.pdf
INFO    : converting ch7-homogeneous-example2-figure3.pdf to ch7-homogeneous-example2-figure3.svg
INFO    : converting ch5-generalrcexample2solution4.tex to ch5-generalrcexample2solution4.pdf
INFO    : cropping ch5-generalrcexample2solution4.pdf to cropped-ch5-generalrcexample2solution4.pdf
INFO    : renaming cropped-ch5-generalrcexample2solution4.pdf to ch5-generalrcexample2solution4.pdf
INFO    : converting ch5-generalrcexample2solution4.pdf to ch5-generalrcexample2solution4.svg
INFO    : converting ch7-homogeneous-example2-figure2.tex to ch7-homogeneous-example2-figure2.pdf
INFO    : cropping ch7-homogeneous-example2-figure2.pdf to cropped-ch7-homogeneous-example2-figure2.pdf
INFO    : renaming cropped-ch7-homogeneous-example2-figure2.pdf to ch7-homogeneous-example2-figure2.pdf
INFO    : converting ch7-homogeneous-example2-figure2.pdf to ch7-homogeneous-example2-figure2.svg
INFO    : converting ch5-generalrcexample2solution5.tex to ch5-generalrcexample2solution5.pdf
INFO    : cropping ch5-generalrcexample2solution5.pdf to cropped-ch5-generalrcexample2solution5.pdf
INFO    : renaming cropped-ch5-generalrcexample2solution5.pdf to ch5-generalrcexample2solution5.pdf
INFO    : converting ch5-generalrcexample2solution5.pdf to ch5-generalrcexample2solution5.svg
INFO    : converting ch5-generalrcexample5solutiongraph4.tex to ch5-generalrcexample5solutiongraph4.pdf
INFO    : cropping ch5-generalrcexample5solutiongraph4.pdf to cropped-ch5-generalrcexample5solutiongraph4.pdf
INFO    : renaming cropped-ch5-generalrcexample5solutiongraph4.pdf to ch5-generalrcexample5solutiongraph4.pdf
INFO    : converting ch5-generalrcexample5solutiongraph4.pdf to ch5-generalrcexample5solutiongraph4.svg
INFO    : converting ch1-stepfunctionfigure.tex to ch1-stepfunctionfigure.pdf
INFO    : cropping ch1-stepfunctionfigure.pdf to cropped-ch1-stepfunctionfigure.pdf
INFO    : renaming cropped-ch1-stepfunctionfigure.pdf to ch1-stepfunctionfigure.pdf
INFO    : converting ch1-stepfunctionfigure.pdf to ch1-stepfunctionfigure.svg
INFO    : converting ch2-circuit23fig.tex to ch2-circuit23fig.pdf
INFO    : cropping ch2-circuit23fig.pdf to cropped-ch2-circuit23fig.pdf
INFO    : renaming cropped-ch2-circuit23fig.pdf to ch2-circuit23fig.pdf
INFO    : converting ch2-circuit23fig.pdf to ch2-circuit23fig.svg
INFO    : converting ch7-series-parallel-example1-figure1.tex to ch7-series-parallel-example1-figure1.pdf
INFO    : cropping ch7-series-parallel-example1-figure1.pdf to cropped-ch7-series-parallel-example1-figure1.pdf
INFO    : renaming cropped-ch7-series-parallel-example1-figure1.pdf to ch7-series-parallel-example1-figure1.pdf
INFO    : converting ch7-series-parallel-example1-figure1.pdf to ch7-series-parallel-example1-figure1.svg
INFO    : converting ch3-circuit310fig.tex to ch3-circuit310fig.pdf
INFO    : cropping ch3-circuit310fig.pdf to cropped-ch3-circuit310fig.pdf
INFO    : renaming cropped-ch3-circuit310fig.pdf to ch3-circuit310fig.pdf
INFO    : converting ch3-circuit310fig.pdf to ch3-circuit310fig.svg
INFO    : converting ch2-minimumsaferesistorex1.tex to ch2-minimumsaferesistorex1.pdf
INFO    : cropping ch2-minimumsaferesistorex1.pdf to cropped-ch2-minimumsaferesistorex1.pdf
INFO    : renaming cropped-ch2-minimumsaferesistorex1.pdf to ch2-minimumsaferesistorex1.pdf
INFO    : converting ch2-minimumsaferesistorex1.pdf to ch2-minimumsaferesistorex1.svg
INFO    : converting ch6-chargingrl-example3-solution3.tex to ch6-chargingrl-example3-solution3.pdf
INFO    : cropping ch6-chargingrl-example3-solution3.pdf to cropped-ch6-chargingrl-example3-solution3.pdf
INFO    : renaming cropped-ch6-chargingrl-example3-solution3.pdf to ch6-chargingrl-example3-solution3.pdf
INFO    : converting ch6-chargingrl-example3-solution3.pdf to ch6-chargingrl-example3-solution3.svg
INFO    : converting ch2-circuit23figans6.tex to ch2-circuit23figans6.pdf
INFO    : cropping ch2-circuit23figans6.pdf to cropped-ch2-circuit23figans6.pdf
INFO    : renaming cropped-ch2-circuit23figans6.pdf to ch2-circuit23figans6.pdf
INFO    : converting ch2-circuit23figans6.pdf to ch2-circuit23figans6.svg
INFO    : converting ch1-circuit112exercise.tex to ch1-circuit112exercise.pdf
INFO    : cropping ch1-circuit112exercise.pdf to cropped-ch1-circuit112exercise.pdf
INFO    : renaming cropped-ch1-circuit112exercise.pdf to ch1-circuit112exercise.pdf
INFO    : converting ch1-circuit112exercise.pdf to ch1-circuit112exercise.svg
INFO    : converting ch4-flashadcfigure.tex to ch4-flashadcfigure.pdf
INFO    : cropping ch4-flashadcfigure.pdf to cropped-ch4-flashadcfigure.pdf
INFO    : renaming cropped-ch4-flashadcfigure.pdf to ch4-flashadcfigure.pdf
INFO    : converting ch4-flashadcfigure.pdf to ch4-flashadcfigure.svg
INFO    : converting ch3-theveninEquivalence.tex to ch3-theveninEquivalence.pdf
INFO    : cropping ch3-theveninEquivalence.pdf to cropped-ch3-theveninEquivalence.pdf
INFO    : renaming cropped-ch3-theveninEquivalence.pdf to ch3-theveninEquivalence.pdf
INFO    : converting ch3-theveninEquivalence.pdf to ch3-theveninEquivalence.svg
INFO    : converting ch6-generalexample2fig18.tex to ch6-generalexample2fig18.pdf
INFO    : cropping ch6-generalexample2fig18.pdf to cropped-ch6-generalexample2fig18.pdf
INFO    : renaming cropped-ch6-generalexample2fig18.pdf to ch6-generalexample2fig18.pdf
INFO    : converting ch6-generalexample2fig18.pdf to ch6-generalexample2fig18.svg
INFO    : converting ch4-pwmwavesfig.tex to ch4-pwmwavesfig.pdf
INFO    : cropping ch4-pwmwavesfig.pdf to cropped-ch4-pwmwavesfig.pdf
INFO    : renaming cropped-ch4-pwmwavesfig.pdf to ch4-pwmwavesfig.pdf
INFO    : converting ch4-pwmwavesfig.pdf to ch4-pwmwavesfig.svg
INFO    : converting ch5-homogeneousrcexample5solution1.tex to ch5-homogeneousrcexample5solution1.pdf
INFO    : cropping ch5-homogeneousrcexample5solution1.pdf to cropped-ch5-homogeneousrcexample5solution1.pdf
INFO    : renaming cropped-ch5-homogeneousrcexample5solution1.pdf to ch5-homogeneousrcexample5solution1.pdf
INFO    : converting ch5-homogeneousrcexample5solution1.pdf to ch5-homogeneousrcexample5solution1.svg
INFO    : converting ch6-generalrl-example1-solution2.tex to ch6-generalrl-example1-solution2.pdf
INFO    : cropping ch6-generalrl-example1-solution2.pdf to cropped-ch6-generalrl-example1-solution2.pdf
INFO    : renaming cropped-ch6-generalrl-example1-solution2.pdf to ch6-generalrl-example1-solution2.pdf
INFO    : converting ch6-generalrl-example1-solution2.pdf to ch6-generalrl-example1-solution2.svg
INFO    : converting ch1-circuit18exercise.tex to ch1-circuit18exercise.pdf
INFO    : cropping ch1-circuit18exercise.pdf to cropped-ch1-circuit18exercise.pdf
INFO    : renaming cropped-ch1-circuit18exercise.pdf to ch1-circuit18exercise.pdf
INFO    : converting ch1-circuit18exercise.pdf to ch1-circuit18exercise.svg
INFO    : converting ch6-homogeneousrl-example3-solution2.tex to ch6-homogeneousrl-example3-solution2.pdf
INFO    : cropping ch6-homogeneousrl-example3-solution2.pdf to cropped-ch6-homogeneousrl-example3-solution2.pdf
INFO    : renaming cropped-ch6-homogeneousrl-example3-solution2.pdf to ch6-homogeneousrl-example3-solution2.pdf
INFO    : converting ch6-homogeneousrl-example3-solution2.pdf to ch6-homogeneousrl-example3-solution2.svg
INFO    : converting ch7-homogeneous-second-example1-diagram.tex to ch7-homogeneous-second-example1-diagram.pdf
INFO    : cropping ch7-homogeneous-second-example1-diagram.pdf to cropped-ch7-homogeneous-second-example1-diagram.pdf
INFO    : renaming cropped-ch7-homogeneous-second-example1-diagram.pdf to ch7-homogeneous-second-example1-diagram.pdf
INFO    : converting ch7-homogeneous-second-example1-diagram.pdf to ch7-homogeneous-second-example1-diagram.svg
INFO    : converting ch5-homogeneousrcexample2solution1.tex to ch5-homogeneousrcexample2solution1.pdf
INFO    : cropping ch5-homogeneousrcexample2solution1.pdf to cropped-ch5-homogeneousrcexample2solution1.pdf
INFO    : renaming cropped-ch5-homogeneousrcexample2solution1.pdf to ch5-homogeneousrcexample2solution1.pdf
INFO    : converting ch5-homogeneousrcexample2solution1.pdf to ch5-homogeneousrcexample2solution1.svg
INFO    : converting ch3-circuit35figans3.tex to ch3-circuit35figans3.pdf
INFO    : cropping ch3-circuit35figans3.pdf to cropped-ch3-circuit35figans3.pdf
INFO    : renaming cropped-ch3-circuit35figans3.pdf to ch3-circuit35figans3.pdf
INFO    : converting ch3-circuit35figans3.pdf to ch3-circuit35figans3.svg
INFO    : converting ch1-rectpulseexamplegraph.tex to ch1-rectpulseexamplegraph.pdf
INFO    : cropping ch1-rectpulseexamplegraph.pdf to cropped-ch1-rectpulseexamplegraph.pdf
INFO    : renaming cropped-ch1-rectpulseexamplegraph.pdf to ch1-rectpulseexamplegraph.pdf
INFO    : converting ch1-rectpulseexamplegraph.pdf to ch1-rectpulseexamplegraph.svg
INFO    : converting ch3-circuit313figans.tex to ch3-circuit313figans.pdf
INFO    : cropping ch3-circuit313figans.pdf to cropped-ch3-circuit313figans.pdf
INFO    : renaming cropped-ch3-circuit313figans.pdf to ch3-circuit313figans.pdf
INFO    : converting ch3-circuit313figans.pdf to ch3-circuit313figans.svg
INFO    : converting ch1-triangularpulseexamplegraph.tex to ch1-triangularpulseexamplegraph.pdf
INFO    : cropping ch1-triangularpulseexamplegraph.pdf to cropped-ch1-triangularpulseexamplegraph.pdf
INFO    : renaming cropped-ch1-triangularpulseexamplegraph.pdf to ch1-triangularpulseexamplegraph.pdf
INFO    : converting ch1-triangularpulseexamplegraph.pdf to ch1-triangularpulseexamplegraph.svg
INFO    : converting elementarysignals119exercise-2-1-2.tex to elementarysignals119exercise-2-1-2.pdf
INFO    : cropping elementarysignals119exercise-2-1-2.pdf to cropped-elementarysignals119exercise-2-1-2.pdf
INFO    : renaming cropped-elementarysignals119exercise-2-1-2.pdf to elementarysignals119exercise-2-1-2.pdf
INFO    : converting elementarysignals119exercise-2-1-2.pdf to elementarysignals119exercise-2-1-2.svg
INFO    : converting ch6-equivalentinductance-example5-solution1.tex to ch6-equivalentinductance-example5-solution1.pdf
INFO    : cropping ch6-equivalentinductance-example5-solution1.pdf to cropped-ch6-equivalentinductance-example5-solution1.pdf
INFO    : renaming cropped-ch6-equivalentinductance-example5-solution1.pdf to ch6-equivalentinductance-example5-solution1.pdf
INFO    : converting ch6-equivalentinductance-example5-solution1.pdf to ch6-equivalentinductance-example5-solution1.svg
INFO    : converting ch5-dischargercexample7.tex to ch5-dischargercexample7.pdf
INFO    : cropping ch5-dischargercexample7.pdf to cropped-ch5-dischargercexample7.pdf
INFO    : renaming cropped-ch5-dischargercexample7.pdf to ch5-dischargercexample7.pdf
INFO    : converting ch5-dischargercexample7.pdf to ch5-dischargercexample7.svg
INFO    : converting ch4-noninvertingsummingopampcircuitdiagram.tex to ch4-noninvertingsummingopampcircuitdiagram.pdf
INFO    : cropping ch4-noninvertingsummingopampcircuitdiagram.pdf to cropped-ch4-noninvertingsummingopampcircuitdiagram.pdf
INFO    : renaming cropped-ch4-noninvertingsummingopampcircuitdiagram.pdf to ch4-noninvertingsummingopampcircuitdiagram.pdf
INFO    : converting ch4-noninvertingsummingopampcircuitdiagram.pdf to ch4-noninvertingsummingopampcircuitdiagram.svg
INFO    : Removing temporary directory /var/folders/71/k29x_9652hd1cgj7kgcqdk400000gn/T/ptx-9zi3mu2h
INFO    : Finished generating assets.

INFO    : Preparing to build into /Users/ajp/Dropbox/COD/Engineering 2210 - Circuit Analysis 1/new-Textbook/output/web.
INFO    : discovering source file's directory name: /Users/ajp/Dropbox/COD/Engineering 2210 - Circuit Analysis 1/new-Textbook/source
INFO    : verifying and expanding input directory: /Users/ajp/Dropbox/COD/Engineering 2210 - Circuit Analysis 1/new-Textbook/source/../generated-assets
INFO    : input directory expanded to absolute path: /Users/ajp/Dropbox/COD/Engineering 2210 - Circuit Analysis 1/new-Textbook/generated-assets
INFO    : verifying and expanding input directory: /Users/ajp/Dropbox/COD/Engineering 2210 - Circuit Analysis 1/new-Textbook/source/../assets
INFO    : input directory expanded to absolute path: /Users/ajp/Dropbox/COD/Engineering 2210 - Circuit Analysis 1/new-Textbook/assets
INFO    : discovering source file's directory name: /Users/ajp/Dropbox/COD/Engineering 2210 - Circuit Analysis 1/new-Textbook/source
INFO    : XSL conversion of /Users/ajp/Dropbox/COD/Engineering 2210 - Circuit Analysis 1/new-Textbook/source/main.ptx by /Users/ajp/.ptx/2.36.0/core/xsl/utilities/report-publisher-variables.xsl
INFO    : successful application of /Users/ajp/.ptx/2.36.0/core/xsl/utilities/report-publisher-variables.xsl
INFO    : Downloading rs services file from https://runestone.academy/cdn/runestone/latest/webpack_static_imports.xml.
INFO    : Runestone Services via online CDN query: version 8.2.3
INFO    : Downloading Runestone Services, version 8.2.3
INFO    : Extracting Runestone Services from archive file
INFO    : Building custom css theme: theme-denver
INFO    : converting /Users/ajp/Dropbox/COD/Engineering 2210 - Circuit Analysis 1/new-Textbook/source/main.ptx to HTML in /var/folders/71/k29x_9652hd1cgj7kgcqdk400000gn/T/ptx-3fx4ds0o
INFO    : XSL conversion of /Users/ajp/Dropbox/COD/Engineering 2210 - Circuit Analysis 1/new-Textbook/source/main.ptx by /Users/ajp/.ptx/2.36.0/core/xsl/pretext-html.xsl
INFO    : messages from the log for XSL processing:
INFO    : * PTX:INFO:   checking all deprecated elements.
WARNING : * PTX:WARNING:    An <xref> wants to build text using a number to identify the target, but the target (which has @xml:id "front-colophon") does not have a number. You could try 'text="title"' or 'text="custom"' on the "xref".
INFO    : *              located within: "Note to faculty" (title)
INFO    : successful application of /Users/ajp/.ptx/2.36.0/core/xsl/pretext-html.xsl
INFO    : Removing temporary directory /var/folders/71/k29x_9652hd1cgj7kgcqdk400000gn/T/ptx-3fx4ds0o
INFO    : Removing temporary directory /var/folders/71/k29x_9652hd1cgj7kgcqdk400000gn/T/ptx-gyit9fqs
INFO    : 
Finished build for target web. Run `pretext view web` to see the results.

INFO    : 
Success!  Built requested target(s) without errors.

INFO    : 
