This is LuaHBTeX, Version 1.22.0 (TeX Live 2025)  (format=lualatex 2026.9.4)  16 SEP 2026 13:51
 restricted system commands enabled.
 file:line:error style messages enabled.
**main.tex
(./main.tex
LaTeX2e <2025-11-01>
L3 programming layer <2026-01-19>
Lua module: luaotfload 2024-12-03 v3.29 Lua based OpenType font support
Lua module: lualibs 2023-07-13 v2.76 ConTeXt Lua standard libraries.
Lua module: lualibs-extended 2023-07-13 v2.76 ConTeXt Lua libraries -- extended 
collection.
luaotfload | conf : Root cache directory is "/Users/ajp/Library/texlive/2025/tex
mf-var/luatex-cache/generic/names".
luaotfload | init : Loading fontloader "fontloader-2023-12-28.lua" from kpse-res
olved path "/usr/local/texlive/2025/texmf-dist/tex/luatex/luaotfload/fontloader-
2023-12-28.lua".
Lua-only attribute luaotfload@noligature = 1
luaotfload | init : Context OpenType loader version 3.134
Inserting `luaotfload.node_processor' in `pre_linebreak_filter'.
Inserting `luaotfload.node_processor' in `hpack_filter'.
Inserting `luaotfload.glyph_stream' in `glyph_stream_provider'.
Inserting `luaotfload.define_font' in `define_font'.
Lua-only attribute luaotfload_color_attribute = 2
luaotfload | conf : Root cache directory is "/Users/ajp/Library/texlive/2025/tex
mf-var/luatex-cache/generic/names".
Inserting `luaotfload.harf.strip_prefix' in `find_opentype_file'.
Inserting `luaotfload.harf.strip_prefix' in `find_truetype_file'.
Removing  `luaotfload.glyph_stream' from `glyph_stream_provider'.
Inserting `luaotfload.harf.glyphstream' in `glyph_stream_provider'.
Inserting `luaotfload.harf.finalize_vlist' in `post_linebreak_filter'.
Inserting `luaotfload.harf.finalize_hlist' in `hpack_filter'.
Inserting `luaotfload.cleanup_files' in `wrapup_run'.
Inserting `luaotfload.harf.finalize_unicode' in `finish_pdffile'.
Inserting `luaotfload.glyphinfo' in `glyph_info'.
Lua-only attribute luaotfload.letterspace_done = 3
Inserting `luaotfload.aux.set_sscale_dimens' in `luaotfload.patch_font'.
Inserting `luaotfload.aux.set_font_index' in `luaotfload.patch_font'.
Inserting `luaotfload.aux.patch_cambria_domh' in `luaotfload.patch_font'.
Inserting `luaotfload.aux.fixup_fontdata' in `luaotfload.patch_font_unsafe'.
Inserting `luaotfload.aux.set_capheight' in `luaotfload.patch_font'.
Inserting `luaotfload.aux.set_xheight' in `luaotfload.patch_font'.
Inserting `luaotfload.rewrite_fontname' in `luaotfload.patch_font'.
Inserting `tracingstacklevels' in `input_level_string'. (/usr/local/texlive/202
5/texmf-dist/tex/latex/base/book.cls
Document Class: book 2025/01/22 v1.4n Standard LaTeX document class
(/usr/local/texlive/2025/texmf-dist/tex/latex/base/bk10.clo
File: bk10.clo 2025/01/22 v1.4n Standard LaTeX file (size option)
luaotfload | db : Font names database loaded from /Users/ajp/Library/texlive/202
5/texmf-var/luatex-cache/generic/names/luaotfload-names.luc.gz)
\c@part=\count273
\c@chapter=\count274
\c@section=\count275
\c@subsection=\count276
\c@subsubsection=\count277
\c@paragraph=\count278
\c@subparagraph=\count279
\c@figure=\count280
\c@table=\count281
\abovecaptionskip=\skip49
\belowcaptionskip=\skip50
\bibindent=\dimen147
)
(/usr/local/texlive/2025/texmf-dist/tex/latex/geometry/geometry.sty
Package: geometry 2020/01/02 v5.9 Page Geometry

(/usr/local/texlive/2025/texmf-dist/tex/latex/graphics/keyval.sty
Package: keyval 2022/05/29 v1.15 key=value parser (DPC)
\KV@toks@=\toks17
)
(/usr/local/texlive/2025/texmf-dist/tex/generic/iftex/ifvtex.sty
Package: ifvtex 2019/10/25 v1.7 ifvtex legacy package. Use iftex instead.

(/usr/local/texlive/2025/texmf-dist/tex/generic/iftex/iftex.sty
Package: iftex 2024/12/12 v1.0g TeX engine tests
))
\Gm@cnth=\count282
\Gm@cntv=\count283
\c@Gm@tempcnt=\count284
\Gm@bindingoffset=\dimen148
\Gm@wd@mp=\dimen149
\Gm@odd@mp=\dimen150
\Gm@even@mp=\dimen151
\Gm@layoutwidth=\dimen152
\Gm@layoutheight=\dimen153
\Gm@layouthoffset=\dimen154
\Gm@layoutvoffset=\dimen155
\Gm@dimlist=\toks18
)
(/usr/local/texlive/2025/texmf-dist/tex/latex/base/ifthen.sty
Package: ifthen 2024/03/16 v1.1e Standard LaTeX ifthen package (DPC)
)
(/usr/local/texlive/2025/texmf-dist/tex/latex/etoolbox/etoolbox.sty
Package: etoolbox 2025/10/02 v2.5m e-TeX tools for LaTeX (JAW)
\etb@tempcnta=\count285
)
(/usr/local/texlive/2025/texmf-dist/tex/generic/iftex/ifxetex.sty
Package: ifxetex 2019/10/25 v0.7 ifxetex legacy package. Use iftex instead.
)
(/usr/local/texlive/2025/texmf-dist/tex/generic/iftex/ifluatex.sty
Package: ifluatex 2019/10/25 v1.5 ifluatex legacy package. Use iftex instead.
)
(/usr/local/texlive/2025/texmf-dist/tex/latex/graphics/graphicx.sty
Package: graphicx 2024/12/31 v1.2e Enhanced LaTeX Graphics (DPC,SPQR)

(/usr/local/texlive/2025/texmf-dist/tex/latex/graphics/graphics.sty
Package: graphics 2024/08/06 v1.4g Standard LaTeX Graphics (DPC,SPQR)

(/usr/local/texlive/2025/texmf-dist/tex/latex/graphics/trig.sty
Package: trig 2023/12/02 v1.11 sin cos tan (DPC)
)
(/usr/local/texlive/2025/texmf-dist/tex/latex/graphics-cfg/graphics.cfg
File: graphics.cfg 2016/06/04 v1.11 sample graphics configuration
)
Package graphics Info: Driver file: luatex.def on input line 106.

(/usr/local/texlive/2025/texmf-dist/tex/latex/graphics-def/luatex.def
File: luatex.def 2025/09/29 v1.2f Graphics/color driver for luatex
))
\Gin@req@height=\dimen156
\Gin@req@width=\dimen157
)
(/usr/local/texlive/2025/texmf-dist/tex/latex/xcolor/xcolor.sty
Package: xcolor 2024/09/29 v3.02 LaTeX color extensions (UK)

(/usr/local/texlive/2025/texmf-dist/tex/latex/graphics-cfg/color.cfg
File: color.cfg 2016/01/02 v1.6 sample color configuration
)
Package xcolor Info: Driver file: luatex.def on input line 274.

(/usr/local/texlive/2025/texmf-dist/tex/latex/graphics/mathcolor.ltx)
Package xcolor Info: Model `cmy' substituted by `cmy0' on input line 1349.
Package xcolor Info: Model `hsb' substituted by `rgb' on input line 1353.
Package xcolor Info: Model `RGB' extended on input line 1365.
Package xcolor Info: Model `HTML' substituted by `rgb' on input line 1367.
Package xcolor Info: Model `Hsb' substituted by `hsb' on input line 1368.
Package xcolor Info: Model `tHsb' substituted by `hsb' on input line 1369.
Package xcolor Info: Model `HSB' substituted by `hsb' on input line 1370.
Package xcolor Info: Model `Gray' substituted by `gray' on input line 1371.
Package xcolor Info: Model `wave' substituted by `hsb' on input line 1372.
)
(/usr/local/texlive/2025/texmf-dist/tex/latex/graphics/dvipsnam.def
File: dvipsnam.def 2016/06/17 v3.0m Driver-dependent file (DPC,SPQR)
)
(/usr/local/texlive/2025/texmf-dist/tex/latex/xcolor/svgnam.def
File: svgnam.def 2024/09/29 v3.02 Predefined colors according to SVG 1.1 (UK)
)
(/usr/local/texlive/2025/texmf-dist/tex/latex/colortbl/colortbl.sty
Package: colortbl 2024/10/29 v1.0k Color table columns (DPC)

(/usr/local/texlive/2025/texmf-dist/tex/latex/tools/array.sty
Package: array 2025/09/25 v2.6n Tabular extension package (FMi)
\col@sep=\dimen158
\ar@mcellbox=\box53
\extrarowheight=\dimen159
\NC@list=\toks19
\extratabsurround=\skip51
\backup@length=\skip52
\ar@cellbox=\box54
)
\everycr=\toks20
\minrowclearance=\skip53
\rownum=\count286
)
(/usr/local/texlive/2025/texmf-dist/tex/latex/tcolorbox/tcolorbox.sty
Package: tcolorbox 2025/11/28 version 6.9.0 text color boxes

(/usr/local/texlive/2025/texmf-dist/tex/latex/pgf/frontendlayer/tikz.sty
(/usr/local/texlive/2025/texmf-dist/tex/latex/pgf/basiclayer/pgf.sty
(/usr/local/texlive/2025/texmf-dist/tex/latex/pgf/utilities/pgfrcs.sty
(/usr/local/texlive/2025/texmf-dist/tex/generic/pgf/utilities/pgfutil-common.te
x
\pgfutil@everybye=\toks21
\pgfutil@tempdima=\dimen160
\pgfutil@tempdimb=\dimen161
)
(/usr/local/texlive/2025/texmf-dist/tex/generic/pgf/utilities/pgfutil-latex.def
\pgfutil@abb=\box55
) (/usr/local/texlive/2025/texmf-dist/tex/generic/pgf/utilities/pgfrcs.code.tex
(/usr/local/texlive/2025/texmf-dist/tex/generic/pgf/pgf.revision.tex)
Package: pgfrcs 2025-08-29 v3.1.11a (3.1.11a)
))
Package: pgf 2025-08-29 v3.1.11a (3.1.11a)

(/usr/local/texlive/2025/texmf-dist/tex/latex/pgf/basiclayer/pgfcore.sty
(/usr/local/texlive/2025/texmf-dist/tex/latex/pgf/systemlayer/pgfsys.sty
(/usr/local/texlive/2025/texmf-dist/tex/generic/pgf/systemlayer/pgfsys.code.tex
Package: pgfsys 2025-08-29 v3.1.11a (3.1.11a)
(/usr/local/texlive/2025/texmf-dist/tex/generic/pgf/utilities/pgfkeys.code.tex
\pgfkeys@pathtoks=\toks22
\pgfkeys@temptoks=\toks23

(/usr/local/texlive/2025/texmf-dist/tex/generic/pgf/utilities/pgfkeyslibraryfil
tered.code.tex
\pgfkeys@tmptoks=\toks24
))
\pgf@x=\dimen162
\pgf@y=\dimen163
\pgf@xa=\dimen164
\pgf@ya=\dimen165
\pgf@xb=\dimen166
\pgf@yb=\dimen167
\pgf@xc=\dimen168
\pgf@yc=\dimen169
\pgf@xd=\dimen170
\pgf@yd=\dimen171
\w@pgf@writea=\write3
\r@pgf@reada=\read2
\c@pgf@counta=\count287
\c@pgf@countb=\count288
\c@pgf@countc=\count289
\c@pgf@countd=\count290
\t@pgf@toka=\toks25
\t@pgf@tokb=\toks26
\t@pgf@tokc=\toks27
\pgf@sys@id@count=\count291

(/usr/local/texlive/2025/texmf-dist/tex/generic/pgf/systemlayer/pgf.cfg
File: pgf.cfg 2025-08-29 v3.1.11a (3.1.11a)
)
Driver file for pgf: pgfsys-luatex.def

(/usr/local/texlive/2025/texmf-dist/tex/generic/pgf/systemlayer/pgfsys-luatex.d
ef
File: pgfsys-luatex.def 2025-08-29 v3.1.11a (3.1.11a)

(/usr/local/texlive/2025/texmf-dist/tex/generic/pgf/systemlayer/pgfsys-common-p
df.def
File: pgfsys-common-pdf.def 2025-08-29 v3.1.11a (3.1.11a)
)))
(/usr/local/texlive/2025/texmf-dist/tex/generic/pgf/systemlayer/pgfsyssoftpath.
code.tex
File: pgfsyssoftpath.code.tex 2025-08-29 v3.1.11a (3.1.11a)
\pgfsyssoftpath@smallbuffer@items=\count292
\pgfsyssoftpath@bigbuffer@items=\count293
)
(/usr/local/texlive/2025/texmf-dist/tex/generic/pgf/systemlayer/pgfsysprotocol.
code.tex
File: pgfsysprotocol.code.tex 2025-08-29 v3.1.11a (3.1.11a)
))
(/usr/local/texlive/2025/texmf-dist/tex/generic/pgf/basiclayer/pgfcore.code.tex
Package: pgfcore 2025-08-29 v3.1.11a (3.1.11a)
(/usr/local/texlive/2025/texmf-dist/tex/generic/pgf/math/pgfmath.code.tex
(/usr/local/texlive/2025/texmf-dist/tex/generic/pgf/math/pgfmathutil.code.tex)
(/usr/local/texlive/2025/texmf-dist/tex/generic/pgf/math/pgfmathparser.code.tex
\pgfmath@dimen=\dimen172
\pgfmath@count=\count294
\pgfmath@box=\box56
\pgfmath@toks=\toks28
\pgfmath@stack@operand=\toks29
\pgfmath@stack@operation=\toks30
)
(/usr/local/texlive/2025/texmf-dist/tex/generic/pgf/math/pgfmathfunctions.code.
tex)
(/usr/local/texlive/2025/texmf-dist/tex/generic/pgf/math/pgfmathfunctions.basic
.code.tex)
(/usr/local/texlive/2025/texmf-dist/tex/generic/pgf/math/pgfmathfunctions.trigo
nometric.code.tex)
(/usr/local/texlive/2025/texmf-dist/tex/generic/pgf/math/pgfmathfunctions.rando
m.code.tex)
(/usr/local/texlive/2025/texmf-dist/tex/generic/pgf/math/pgfmathfunctions.compa
rison.code.tex)
(/usr/local/texlive/2025/texmf-dist/tex/generic/pgf/math/pgfmathfunctions.base.
code.tex)
(/usr/local/texlive/2025/texmf-dist/tex/generic/pgf/math/pgfmathfunctions.round
.code.tex)
(/usr/local/texlive/2025/texmf-dist/tex/generic/pgf/math/pgfmathfunctions.misc.
code.tex)
(/usr/local/texlive/2025/texmf-dist/tex/generic/pgf/math/pgfmathfunctions.integ
erarithmetics.code.tex)
(/usr/local/texlive/2025/texmf-dist/tex/generic/pgf/math/pgfmathcalc.code.tex)
(/usr/local/texlive/2025/texmf-dist/tex/generic/pgf/math/pgfmathfloat.code.tex
\c@pgfmathroundto@lastzeros=\count295
)) (/usr/local/texlive/2025/texmf-dist/tex/generic/pgf/math/pgfint.code.tex)
(/usr/local/texlive/2025/texmf-dist/tex/generic/pgf/basiclayer/pgfcorepoints.co
de.tex
File: pgfcorepoints.code.tex 2025-08-29 v3.1.11a (3.1.11a)
\pgf@picminx=\dimen173
\pgf@picmaxx=\dimen174
\pgf@picminy=\dimen175
\pgf@picmaxy=\dimen176
\pgf@pathminx=\dimen177
\pgf@pathmaxx=\dimen178
\pgf@pathminy=\dimen179
\pgf@pathmaxy=\dimen180
\pgf@xx=\dimen181
\pgf@xy=\dimen182
\pgf@yx=\dimen183
\pgf@yy=\dimen184
\pgf@zx=\dimen185
\pgf@zy=\dimen186
)
(/usr/local/texlive/2025/texmf-dist/tex/generic/pgf/basiclayer/pgfcorepathconst
ruct.code.tex
File: pgfcorepathconstruct.code.tex 2025-08-29 v3.1.11a (3.1.11a)
\pgf@path@lastx=\dimen187
\pgf@path@lasty=\dimen188
)
(/usr/local/texlive/2025/texmf-dist/tex/generic/pgf/basiclayer/pgfcorepathusage
.code.tex
File: pgfcorepathusage.code.tex 2025-08-29 v3.1.11a (3.1.11a)
\pgf@shorten@end@additional=\dimen189
\pgf@shorten@start@additional=\dimen190
)
(/usr/local/texlive/2025/texmf-dist/tex/generic/pgf/basiclayer/pgfcorescopes.co
de.tex
File: pgfcorescopes.code.tex 2025-08-29 v3.1.11a (3.1.11a)
\pgfpic=\box57
\pgf@hbox=\box58
\pgf@layerbox@main=\box59
\pgf@picture@serial@count=\count296
)
(/usr/local/texlive/2025/texmf-dist/tex/generic/pgf/basiclayer/pgfcoregraphicst
ate.code.tex
File: pgfcoregraphicstate.code.tex 2025-08-29 v3.1.11a (3.1.11a)
\pgflinewidth=\dimen191
)
(/usr/local/texlive/2025/texmf-dist/tex/generic/pgf/basiclayer/pgfcoretransform
ations.code.tex
File: pgfcoretransformations.code.tex 2025-08-29 v3.1.11a (3.1.11a)
\pgf@pt@x=\dimen192
\pgf@pt@y=\dimen193
\pgf@pt@temp=\dimen194
)
(/usr/local/texlive/2025/texmf-dist/tex/generic/pgf/basiclayer/pgfcorequick.cod
e.tex
File: pgfcorequick.code.tex 2025-08-29 v3.1.11a (3.1.11a)
)
(/usr/local/texlive/2025/texmf-dist/tex/generic/pgf/basiclayer/pgfcoreobjects.c
ode.tex
File: pgfcoreobjects.code.tex 2025-08-29 v3.1.11a (3.1.11a)
)
(/usr/local/texlive/2025/texmf-dist/tex/generic/pgf/basiclayer/pgfcorepathproce
ssing.code.tex
File: pgfcorepathprocessing.code.tex 2025-08-29 v3.1.11a (3.1.11a)
)
(/usr/local/texlive/2025/texmf-dist/tex/generic/pgf/basiclayer/pgfcorearrows.co
de.tex
File: pgfcorearrows.code.tex 2025-08-29 v3.1.11a (3.1.11a)
\pgfarrowsep=\dimen195
)
(/usr/local/texlive/2025/texmf-dist/tex/generic/pgf/basiclayer/pgfcoreshade.cod
e.tex
File: pgfcoreshade.code.tex 2025-08-29 v3.1.11a (3.1.11a)
\pgf@max=\dimen196
\pgf@sys@shading@range@num=\count297
\pgf@shadingcount=\count298
)
(/usr/local/texlive/2025/texmf-dist/tex/generic/pgf/basiclayer/pgfcoreimage.cod
e.tex
File: pgfcoreimage.code.tex 2025-08-29 v3.1.11a (3.1.11a)
)
(/usr/local/texlive/2025/texmf-dist/tex/generic/pgf/basiclayer/pgfcoreexternal.
code.tex
File: pgfcoreexternal.code.tex 2025-08-29 v3.1.11a (3.1.11a)
\pgfexternal@startupbox=\box60
)
(/usr/local/texlive/2025/texmf-dist/tex/generic/pgf/basiclayer/pgfcorelayers.co
de.tex
File: pgfcorelayers.code.tex 2025-08-29 v3.1.11a (3.1.11a)
)
(/usr/local/texlive/2025/texmf-dist/tex/generic/pgf/basiclayer/pgfcoretranspare
ncy.code.tex
File: pgfcoretransparency.code.tex 2025-08-29 v3.1.11a (3.1.11a)
)
(/usr/local/texlive/2025/texmf-dist/tex/generic/pgf/basiclayer/pgfcorepatterns.
code.tex
File: pgfcorepatterns.code.tex 2025-08-29 v3.1.11a (3.1.11a)
)
(/usr/local/texlive/2025/texmf-dist/tex/generic/pgf/basiclayer/pgfcorerdf.code.
tex
File: pgfcorerdf.code.tex 2025-08-29 v3.1.11a (3.1.11a)
)))
(/usr/local/texlive/2025/texmf-dist/tex/generic/pgf/modules/pgfmoduleshapes.cod
e.tex
File: pgfmoduleshapes.code.tex 2025-08-29 v3.1.11a (3.1.11a)
\pgfnodeparttextbox=\box61
)
(/usr/local/texlive/2025/texmf-dist/tex/generic/pgf/modules/pgfmoduleplot.code.
tex
File: pgfmoduleplot.code.tex 2025-08-29 v3.1.11a (3.1.11a)
)
(/usr/local/texlive/2025/texmf-dist/tex/latex/pgf/compatibility/pgfcomp-version
-0-65.sty
Package: pgfcomp-version-0-65 2025-08-29 v3.1.11a (3.1.11a)
\pgf@nodesepstart=\dimen197
\pgf@nodesepend=\dimen198
)
(/usr/local/texlive/2025/texmf-dist/tex/latex/pgf/compatibility/pgfcomp-version
-1-18.sty
Package: pgfcomp-version-1-18 2025-08-29 v3.1.11a (3.1.11a)
))
(/usr/local/texlive/2025/texmf-dist/tex/latex/pgf/utilities/pgffor.sty
(/usr/local/texlive/2025/texmf-dist/tex/latex/pgf/utilities/pgfkeys.sty
(/usr/local/texlive/2025/texmf-dist/tex/generic/pgf/utilities/pgfkeys.code.tex))
 (/usr/local/texlive/2025/texmf-dist/tex/latex/pgf/math/pgfmath.sty
(/usr/local/texlive/2025/texmf-dist/tex/generic/pgf/math/pgfmath.code.tex))
(/usr/local/texlive/2025/texmf-dist/tex/generic/pgf/utilities/pgffor.code.tex
Package: pgffor 2025-08-29 v3.1.11a (3.1.11a)
\pgffor@iter=\dimen199
\pgffor@skip=\dimen256
\pgffor@stack=\toks31
\pgffor@toks=\toks32
))
(/usr/local/texlive/2025/texmf-dist/tex/generic/pgf/frontendlayer/tikz/tikz.cod
e.tex
Package: tikz 2025-08-29 v3.1.11a (3.1.11a)

(/usr/local/texlive/2025/texmf-dist/tex/generic/pgf/libraries/pgflibraryplothan
dlers.code.tex
File: pgflibraryplothandlers.code.tex 2025-08-29 v3.1.11a (3.1.11a)
\pgf@plot@mark@count=\count299
\pgfplotmarksize=\dimen257
)
\tikz@lastx=\dimen258
\tikz@lasty=\dimen259
\tikz@lastxsaved=\dimen260
\tikz@lastysaved=\dimen261
\tikz@lastmovetox=\dimen262
\tikz@lastmovetoy=\dimen263
\tikzleveldistance=\dimen264
\tikzsiblingdistance=\dimen265
\tikz@figbox=\box62
\tikz@figbox@bg=\box63
\tikz@tempbox=\box64
\tikz@tempbox@bg=\box65
\tikztreelevel=\count300
\tikznumberofchildren=\count301
\tikznumberofcurrentchild=\count302
\tikz@fig@count=\count303

(/usr/local/texlive/2025/texmf-dist/tex/generic/pgf/modules/pgfmodulematrix.cod
e.tex
File: pgfmodulematrix.code.tex 2025-08-29 v3.1.11a (3.1.11a)
\pgfmatrixcurrentrow=\count304
\pgfmatrixcurrentcolumn=\count305
\pgf@matrix@numberofcolumns=\count306
)
\tikz@expandcount=\count307

(/usr/local/texlive/2025/texmf-dist/tex/generic/pgf/frontendlayer/tikz/librarie
s/tikzlibrarytopaths.code.tex
File: tikzlibrarytopaths.code.tex 2025-08-29 v3.1.11a (3.1.11a)
)))
(/usr/local/texlive/2025/texmf-dist/tex/latex/tools/verbatim.sty
Package: verbatim 2024-01-22 v1.5x LaTeX2e package for verbatim enhancements
\every@verbatim=\toks33
\verbatim@line=\toks34
\verbatim@in@stream=\read3
)
(/usr/local/texlive/2025/texmf-dist/tex/latex/environ/environ.sty
Package: environ 2014/05/04 v0.3 A new way to define environments

(/usr/local/texlive/2025/texmf-dist/tex/latex/trimspaces/trimspaces.sty
Package: trimspaces 2009/09/17 v1.1 Trim spaces around a token list
)
\@envbody=\toks35
)
\tcb@titlebox=\box66
\tcb@upperbox=\box67
\tcb@lowerbox=\box68
\tcb@phantombox=\box69
\c@tcbbreakpart=\count308
\c@tcblayer=\count309
\c@tcolorbox@number=\count310
\l__tcobox_tmpa_box=\box70
\l__tcobox_tmpa_dim=\dimen266
\tcb@temp=\box71
\tcb@temp=\box72
\tcb@temp=\box73
\tcb@temp=\box74
)
(/usr/local/texlive/2025/texmf-dist/tex/latex/tcolorbox/tcbskins.code.tex
Library (tcolorbox): 'tcbskins.code.tex' version '6.9.0'
(/usr/local/texlive/2025/texmf-dist/tex/latex/tikzfill/tikzfill.image.sty
Package: tikzfill.image 2023/08/08 v1.0.1 Image filling library for TikZ

(/usr/local/texlive/2025/texmf-dist/tex/latex/tikzfill/tikzfill-common.sty
Package: tikzfill-common 2023/08/08 v1.0.1 Auxiliary code for tikzfill
)
(/usr/local/texlive/2025/texmf-dist/tex/latex/tikzfill/tikzlibraryfill.image.co
de.tex
File: tikzlibraryfill.image.code.tex 2023/08/08 v1.0.1 Image filling library
\l__tikzfill_img_box=\box75
))
(/usr/local/texlive/2025/texmf-dist/tex/latex/tcolorbox/tcbskinsjigsaw.code.tex
Library (tcolorbox): 'tcbskinsjigsaw.code.tex' version '6.9.0'
))
(/usr/local/texlive/2025/texmf-dist/tex/latex/tcolorbox/tcbbreakable.code.tex
Library (tcolorbox): 'tcbbreakable.code.tex' version '6.9.0'
(/usr/local/texlive/2025/texmf-dist/tex/latex/pdfcol/pdfcol.sty
Package: pdfcol 2022-09-21 v1.7 Handle new color stacks for pdfTeX (HO)

(/usr/local/texlive/2025/texmf-dist/tex/generic/ltxcmds/ltxcmds.sty
Package: ltxcmds 2023-12-04 v1.26 LaTeX kernel commands for general use (HO)
)
(/usr/local/texlive/2025/texmf-dist/tex/generic/infwarerr/infwarerr.sty
Package: infwarerr 2019/12/03 v1.5 Providing info/warning/error messages (HO)
))
Package pdfcol Info: New color stack `tcb@breakable' = 1 on input line 23.
\tcb@testbox=\box76
\tcb@totalupperbox=\box77
\tcb@totallowerbox=\box78
)
(/usr/local/texlive/2025/texmf-dist/tex/latex/tcolorbox/tcbraster.code.tex
Library (tcolorbox): 'tcbraster.code.tex' version '6.9.0'
\c@tcbrastercolumn=\count311
\c@tcbrasterrow=\count312
\c@tcbrasternum=\count313
\c@tcbraster=\count314
) (/usr/local/texlive/2025/texmf-dist/tex/latex/tcolorbox/tcbxparse.code.tex
Library (tcolorbox): 'tcbxparse.code.tex' version '6.9.0'
(/usr/local/texlive/2025/texmf-dist/tex/latex/l3packages/xparse/xparse.sty
(/usr/local/texlive/2025/texmf-dist/tex/latex/l3kernel/expl3.sty
Package: expl3 2026-01-19 L3 programming layer (loader) 

(/usr/local/texlive/2025/texmf-dist/tex/latex/l3backend/l3backend-luatex.def
File: l3backend-luatex.def 2025-10-09 L3 backend support: PDF output (LuaTeX)
\l__color_backend_stack_int=\count315
Inserting `l3color' in `luaotfload.parse_color'.))
Package: xparse 2025-10-09 L3 Experimental document command parser
))
(/usr/local/texlive/2025/texmf-dist/tex/generic/pgf/frontendlayer/tikz/librarie
s/tikzlibrarycalc.code.tex
File: tikzlibrarycalc.code.tex 2025-08-29 v3.1.11a (3.1.11a)
)
(/usr/local/texlive/2025/texmf-dist/tex/latex/tcolorbox/tcbhooks.code.tex
Library (tcolorbox): 'tcbhooks.code.tex' version '6.9.0'
)
\ptxnormalparindent=\skip54
\ptxnormalparskip=\skip55
 (/usr/local/texlive/2025/texmf-dist/tex/generic/xstring/xstring.sty
(/usr/local/texlive/2025/texmf-dist/tex/generic/xstring/xstring.tex
\xs_counta=\count316
\xs_countb=\count317
)
Package: xstring 2023/08/22 v1.86 String manipulations (CT)
)
(/usr/local/texlive/2025/texmf-dist/tex/latex/realscripts/realscripts.sty
Package: realscripts 2016/02/13 v0.3d Access OpenType subscripts and superscrip
ts

(/usr/local/texlive/2025/texmf-dist/tex/latex/fontspec/fontspec.sty
Package: fontspec 2025/09/29 v2.9g Font selection for XeLaTeX and LuaLaTeX
Lua module: fontspec 2025/09/29 v2.9g Font selection for XeLaTeX and LuaLaTeX
(/usr/local/texlive/2025/texmf-dist/tex/latex/fontspec/fontspec-luatex.sty
Package: fontspec-luatex 2025/09/29 v2.9g Font selection for XeLaTeX and LuaLaT
eX
\l__fontspec_script_int=\count318
\l__fontspec_language_int=\count319
\l__fontspec_strnum_int=\count320
\l__fontspec_tmp_int=\count321
\l__fontspec_tmpa_int=\count322
\l__fontspec_tmpb_int=\count323
\l__fontspec_tmpc_int=\count324
\l__fontspec_em_int=\count325
\l__fontspec_emdef_int=\count326
\l__fontspec_strong_int=\count327
\l__fontspec_strongdef_int=\count328
\l__fontspec_tmpa_dim=\dimen267
\l__fontspec_tmpb_dim=\dimen268
\l__fontspec_tmpc_dim=\dimen269

(/usr/local/texlive/2025/texmf-dist/tex/latex/base/fontenc.sty
Package: fontenc 2025/07/18 v2.1d Standard LaTeX package
)
(/usr/local/texlive/2025/texmf-dist/tex/latex/fontspec/fontspec.cfg)))
\subsupersep=\dimen270
)
(/usr/local/texlive/2025/texmf-dist/tex/latex/polyglossia/polyglossia.sty
Package: polyglossia 2025/12/01 v2.9 Modern multilingual typesetting with XeLaT
eX and LuaLaTeX
Lua module: polyglossia 2013/05/11 v1.3 Polyglossia
\l_xpg_alias_keyvals_int=\count329

(/usr/local/texlive/2025/texmf-dist/tex/latex/polyglossia/gloss-latex.ldf
File: gloss-latex.ldf polyglossia: module for default language
)

Package polyglossia Info: Setting LuaTeX font renderer to Harfbuzz

)
(/usr/local/texlive/2025/texmf-dist/tex/latex/polyglossia/gloss-english.ldf
File: gloss-english.ldf polyglossia: module for English
Module polyglossia Info: Language data for usenglishmax
(polyglossia)            hyphenation	hyph-en-us.hyp.txt
(polyglossia)            lefthyphenmin	2
(polyglossia)            loader	loadhyph-en-us.tex
(polyglossia)            patterns	hyph-en-us.pat.txt
(polyglossia)            righthyphenmin	3
(polyglossia)            synonyms	 on input line 129
Module polyglossia Info: Language usenglishmax was not yet loaded; created with 
id 2 on input line 129
)

Package polyglossia Info: Default language is english


(/usr/local/texlive/2025/texmf-dist/tex/latex/microtype/microtype.sty
Package: microtype 2026/03/01 v3.2d Micro-typographical refinements (RS)
\MT@toks=\toks36
\MT@tempbox=\box79
\MT@count=\count330
LaTeX Info: Redefining \noprotrusionifhmode on input line 1084.
LaTeX Info: Redefining \leftprotrusion on input line 1085.
\MT@prot@toks=\toks37
LaTeX Info: Redefining \rightprotrusion on input line 1104.
LaTeX Info: Redefining \textls on input line 1449.
\MT@outer@kern=\dimen271
LaTeX Info: Redefining \microtypecontext on input line 2053.
LaTeX Info: Redefining \textmicrotypecontext on input line 2070.
\MT@listname@count=\count331

(/usr/local/texlive/2025/texmf-dist/tex/latex/microtype/microtype-luatex.def
File: microtype-luatex.def 2026/03/01 v3.2d Definitions specific to luatex (RS)

Lua module: microtype 2026/03/01 v3.2d microtype module.
Module microtype Info: overwriting function `keepligature' on input line 63
LaTeX Info: Redefining \lsstyle on input line 779.
LaTeX Info: Redefining \lslig on input line 779.
\MT@outer@space=\skip56
)
Package microtype Info: Loading configuration file microtype.cfg.

(/usr/local/texlive/2025/texmf-dist/tex/latex/microtype/microtype.cfg
File: microtype.cfg 2026/03/01 v3.2d microtype main configuration file (RS)
)
LaTeX Info: Redefining \microtypesetup on input line 3065.
)
(/usr/local/texlive/2025/texmf-dist/tex/latex/amsmath/amsmath.sty
Package: amsmath 2025/07/09 v2.17z AMS math features
\@mathmargin=\skip57

For additional information on amsmath, use the `?' option.
(/usr/local/texlive/2025/texmf-dist/tex/latex/amsmath/amstext.sty
Package: amstext 2024/11/17 v2.01 AMS text

(/usr/local/texlive/2025/texmf-dist/tex/latex/amsmath/amsgen.sty
File: amsgen.sty 1999/11/30 v2.0 generic functions
\@emptytoks=\toks38
\ex@=\dimen272
))
(/usr/local/texlive/2025/texmf-dist/tex/latex/amsmath/amsbsy.sty
Package: amsbsy 1999/11/29 v1.2d Bold Symbols
\pmbraise@=\dimen273
)
(/usr/local/texlive/2025/texmf-dist/tex/latex/amsmath/amsopn.sty
Package: amsopn 2022/04/08 v2.04 operator names
)
\inf@bad=\count332
LaTeX Info: Redefining \frac on input line 235.
\uproot@=\count333
\leftroot@=\count334
LaTeX Info: Redefining \overline on input line 398.
LaTeX Info: Redefining \colon on input line 409.
\classnum@=\count335
\DOTSCASE@=\count336
LaTeX Info: Redefining \ldots on input line 495.
LaTeX Info: Redefining \dots on input line 498.
LaTeX Info: Redefining \cdots on input line 619.
\Mathstrutbox@=\box80
\strutbox@=\box81
LaTeX Info: Redefining \big on input line 721.
LaTeX Info: Redefining \Big on input line 722.
LaTeX Info: Redefining \bigg on input line 723.
LaTeX Info: Redefining \Bigg on input line 724.
\big@size=\dimen274
LaTeX Font Info:    Redeclaring font encoding OML on input line 742.
LaTeX Font Info:    Redeclaring font encoding OMS on input line 743.
\macc@depth=\count337
LaTeX Info: Redefining \bmod on input line 904.
LaTeX Info: Redefining \pmod on input line 909.
LaTeX Info: Redefining \smash on input line 939.
LaTeX Info: Redefining \relbar on input line 969.
LaTeX Info: Redefining \Relbar on input line 970.
\c@MaxMatrixCols=\count338
\dotsspace@=\muskip17
\c@parentequation=\count339
\dspbrk@lvl=\count340
\tag@help=\toks39
\row@=\count341
\column@=\count342
\maxfields@=\count343
\andhelp@=\toks40
\eqnshift@=\dimen275
\alignsep@=\dimen276
\tagshift@=\dimen277
\tagwidth@=\dimen278
\totwidth@=\dimen279
\lineht@=\dimen280
\@envbody=\toks41
\multlinegap=\skip58
\multlinetaggap=\skip59
\mathdisplay@stack=\toks42
LaTeX Info: Redefining \[ on input line 2950.
LaTeX Info: Redefining \] on input line 2951.
)
(/usr/local/texlive/2025/texmf-dist/tex/latex/amsmath/amscd.sty
Package: amscd 2017/04/14 v2.1 AMS Commutative Diagrams
\athelp@=\toks43
\minaw@=\dimen281
\bigaw@=\dimen282
\minCDarrowwidth=\dimen283
)
(/usr/local/texlive/2025/texmf-dist/tex/latex/amsfonts/amssymb.sty
Package: amssymb 2013/01/14 v3.01 AMS font symbols

(/usr/local/texlive/2025/texmf-dist/tex/latex/amsfonts/amsfonts.sty
Package: amsfonts 2013/01/14 v3.01 Basic AMSFonts support
\symAMSa=\mathgroup4
\symAMSb=\mathgroup5
LaTeX Font Info:    Redeclaring math symbol \hbar on input line 98.
LaTeX Font Info:    Overwriting math alphabet `\mathfrak' in version `bold'
(Font)                  U/euf/m/n --> U/euf/b/n on input line 106.
))
(/usr/local/texlive/2025/texmf-dist/tex/latex/psnfss/pifont.sty
Package: pifont 2020/03/25 PSNFSS-v9.3 Pi font support (SPQR) 
LaTeX Font Info:    Trying to load font information for U+pzd on input line 63.


(/usr/local/texlive/2025/texmf-dist/tex/latex/psnfss/upzd.fd
File: upzd.fd 2001/06/04 font definitions for U/pzd.
)
LaTeX Font Info:    Trying to load font information for U+psy on input line 64.


(/usr/local/texlive/2025/texmf-dist/tex/latex/psnfss/upsy.fd
File: upsy.fd 2001/06/04 font definitions for U/psy.
))
(/usr/local/texlive/2025/texmf-dist/tex/latex/pdfpages/pdfpages.sty
Package: pdfpages 2025/07/23 v0.6g Insert pages of external PDF documents (AM)

(/usr/local/texlive/2025/texmf-dist/tex/latex/tools/calc.sty
Package: calc 2025/03/01 v4.3b Infix arithmetic (KKT,FJ)
\calc@Acount=\count344
\calc@Bcount=\count345
\calc@Adimen=\dimen284
\calc@Bdimen=\dimen285
\calc@Askip=\skip60
\calc@Bskip=\skip61
LaTeX Info: Redefining \setlength on input line 86.
LaTeX Info: Redefining \addtolength on input line 87.
\calc@Ccount=\count346
\calc@Cskip=\skip62
)
(/usr/local/texlive/2025/texmf-dist/tex/latex/eso-pic/eso-pic.sty
Package: eso-pic 2025/12/10 v3.0d eso-pic (RN)
\ESO@tempdima=\dimen286
\ESO@tempdimb=\dimen287
)
\AM@pagewidth=\dimen288
\AM@pageheight=\dimen289
\AM@fboxrule=\dimen290

(/usr/local/texlive/2025/texmf-dist/tex/latex/pdfpages/ppluatex.def
File: ppluatex.def 2025/07/23 v0.6g Pdfpages driver for LuaTeX (AM)
)
\pdfpages@includegraphics@status=\count347
\AM@pagebox=\box82
\AM@global@opts=\toks44
\AM@pagecnt=\count348
\AM@toc@title=\toks45
\AM@lof@heading=\toks46
\c@AM@survey=\count349
\AM@templatesizebox=\box83
)
(/usr/local/texlive/2025/texmf-dist/tex/latex/titlesec/titlesec.sty
Package: titlesec 2025/01/04 v2.17 Sectioning titles
\ttl@box=\box84
\beforetitleunit=\skip63
\aftertitleunit=\skip64
\ttl@plus=\dimen291
\ttl@minus=\dimen292
\ttl@toksa=\toks47
\titlewidth=\dimen293
\titlewidthlast=\dimen294
\titlewidthfirst=\dimen295

(/usr/local/texlive/2025/texmf-dist/tex/latex/titlesec/titleps.sty))
(/usr/local/texlive/2025/texmf-dist/tex/latex/titlesec/titletoc.sty
Package: titletoc 2025/01/04 v2.17 TOC entries
\ttl@leftsep=\dimen296
)
\ptxOldarrayrulewidth=\skip65

(/usr/local/texlive/2025/texmf-dist/tex/latex/enumitem/enumitem.sty
Package: enumitem 2025/02/06 v3.11 Customized lists
\labelindent=\skip66
\enit@outerparindent=\dimen297
\enit@toks=\toks48
\enit@inbox=\box85
\enit@count@id=\count350
\enitdp@description=\count351
)
\enitdp@referencelist=\count352

(/usr/local/texlive/2025/texmf-dist/tex/latex/hyperref/hyperref.sty
Package: hyperref 2026-01-29 v7.01p Hypertext links for LaTeX

(/usr/local/texlive/2025/texmf-dist/tex/latex/kvsetkeys/kvsetkeys.sty
Package: kvsetkeys 2022-10-05 v1.19 Key value parser (HO)
)
(/usr/local/texlive/2025/texmf-dist/tex/generic/kvdefinekeys/kvdefinekeys.sty
Package: kvdefinekeys 2019-12-19 v1.6 Define keys (HO)
)
(/usr/local/texlive/2025/texmf-dist/tex/generic/pdfescape/pdfescape.sty
Package: pdfescape 2019/12/09 v1.15 Implements pdfTeX's escape features (HO)

(/usr/local/texlive/2025/texmf-dist/tex/generic/pdftexcmds/pdftexcmds.sty
Package: pdftexcmds 2020-06-27 v0.33 Utility functions of pdfTeX for LuaTeX (HO
)
Package pdftexcmds Info: \pdf@primitive is available.
Package pdftexcmds Info: \pdf@ifprimitive is available.
Package pdftexcmds Info: \pdfdraftmode found.
\pdftexcmds@toks=\toks49
))
(/usr/local/texlive/2025/texmf-dist/tex/latex/hycolor/hycolor.sty
Package: hycolor 2020-01-27 v1.10 Color options for hyperref/bookmark (HO)
)
(/usr/local/texlive/2025/texmf-dist/tex/latex/hyperref/nameref.sty
Package: nameref 2026-01-29 v2.58 Cross-referencing by name of section

(/usr/local/texlive/2025/texmf-dist/tex/latex/refcount/refcount.sty
Package: refcount 2019/12/15 v3.6 Data extraction from label references (HO)
)
(/usr/local/texlive/2025/texmf-dist/tex/generic/gettitlestring/gettitlestring.s
ty
Package: gettitlestring 2019/12/15 v1.6 Cleanup title references (HO)
 (/usr/local/texlive/2025/texmf-dist/tex/latex/kvoptions/kvoptions.sty
Package: kvoptions 2022-06-15 v3.15 Key value format for package options (HO)
))
\c@section@level=\count353
)
(/usr/local/texlive/2025/texmf-dist/tex/generic/stringenc/stringenc.sty
Package: stringenc 2019/11/29 v1.12 Convert strings between diff. encodings (HO
)
)
\@linkdim=\dimen298
\Hy@linkcounter=\count354
\Hy@pagecounter=\count355

(/usr/local/texlive/2025/texmf-dist/tex/latex/hyperref/pd1enc.def
File: pd1enc.def 2026-01-29 v7.01p Hyperref: PDFDocEncoding definition (HO)
)
(/usr/local/texlive/2025/texmf-dist/tex/generic/intcalc/intcalc.sty
Package: intcalc 2019/12/15 v1.3 Expandable calculations with integers (HO)
)
\Hy@SavedSpaceFactor=\count356

(/usr/local/texlive/2025/texmf-dist/tex/latex/hyperref/puenc.def
File: puenc.def 2026-01-29 v7.01p Hyperref: PDF Unicode definition (HO)
)
Package hyperref Info: Hyper figures OFF on input line 4201.
Package hyperref Info: Link nesting OFF on input line 4206.
Package hyperref Info: Hyper index ON on input line 4209.
Package hyperref Info: Plain pages OFF on input line 4216.
Package hyperref Info: Backreferencing OFF on input line 4221.
Package hyperref Info: Implicit mode ON; LaTeX internals redefined.
Package hyperref Info: Bookmarks ON on input line 4468.
\c@Hy@tempcnt=\count357

(/usr/local/texlive/2025/texmf-dist/tex/latex/url/url.sty
\Urlmuskip=\muskip18
Package: url 2013/09/16  ver 3.4  Verb mode for urls, etc.
)
LaTeX Info: Redefining \url on input line 4807.
\XeTeXLinkMargin=\dimen299

(/usr/local/texlive/2025/texmf-dist/tex/generic/bitset/bitset.sty
Package: bitset 2019/12/09 v1.3 Handle bit-vector datatype (HO)

(/usr/local/texlive/2025/texmf-dist/tex/generic/bigintcalc/bigintcalc.sty
Package: bigintcalc 2019/12/15 v1.5 Expandable calculations on big integers (HO
)
))
\Fld@menulength=\count358
\Field@Width=\dimen300
\Fld@charsize=\dimen301
Package hyperref Info: Hyper figures OFF on input line 6084.
Package hyperref Info: Link nesting OFF on input line 6089.
Package hyperref Info: Hyper index ON on input line 6092.
Package hyperref Info: backreferencing OFF on input line 6099.
Package hyperref Info: Link coloring OFF on input line 6104.
Package hyperref Info: Link coloring with OCG OFF on input line 6109.
Package hyperref Info: PDF/A mode OFF on input line 6114.
\Hy@abspage=\count359
\c@Item=\count360
\c@Hfootnote=\count361
)
Package hyperref Info: Driver (autodetected): hluatex.

(/usr/local/texlive/2025/texmf-dist/tex/latex/hyperref/hluatex.def
File: hluatex.def 2026-01-29 v7.01p Hyperref driver for luaTeX
\Fld@listcount=\count362
\c@bookmark@seq@number=\count363

(/usr/local/texlive/2025/texmf-dist/tex/latex/rerunfilecheck/rerunfilecheck.sty
Package: rerunfilecheck 2025-06-21 v1.11 Rerun checks for auxiliary files (HO)

(/usr/local/texlive/2025/texmf-dist/tex/generic/uniquecounter/uniquecounter.sty
Package: uniquecounter 2019/12/15 v1.4 Provide unlimited unique counter (HO)
)
Package uniquecounter Info: New unique counter `rerunfilecheck' on input line 2
84.
)
\Hy@SectionHShift=\skip67
)
Package hyperref Info: Option `colorlinks' set `true' on input line 503.
Package hyperref Info: Option `hypertexnames' set `false' on input line 506.
\c@tcb@cnt@block=\count364
\c@tcb@cnt@subdisplay=\count365
 (/usr/local/texlive/2025/texmf-dist/tex/latex/pgfplots/pgfplots.sty
(/usr/local/texlive/2025/texmf-dist/tex/generic/pgfplots/pgfplots.revision.tex)
Package: pgfplots 2025/08/14 v1.18.2 Data Visualization (1.18.2)
(/usr/local/texlive/2025/texmf-dist/tex/generic/pgfplots/pgfplots.code.tex
(/usr/local/texlive/2025/texmf-dist/tex/generic/pgfplots/pgfplotscore.code.tex
Package pgfplots info on input line 124: Initializing with LUA version Lua 5.3
\pgfplots@luabackend@table=\catcodetable14
\t@pgfplots@toka=\toks50
\t@pgfplots@tokb=\toks51
\t@pgfplots@tokc=\toks52
\pgfplots@tmpa=\dimen302
\c@pgfplots@coordindex=\count366
\c@pgfplots@scanlineindex=\count367

(/usr/local/texlive/2025/texmf-dist/tex/generic/pgfplots/sys/pgfplotssysgeneric
.code.tex))
(/usr/local/texlive/2025/texmf-dist/tex/generic/pgfplots/libs/pgfplotslibrary.c
ode.tex)
(/usr/local/texlive/2025/texmf-dist/tex/generic/pgfplots/oldpgfcompatib/pgfplot
soldpgfsupp_loader.code.tex
(/usr/local/texlive/2025/texmf-dist/tex/generic/pgf/libraries/pgflibraryfpu.cod
e.tex)
(/usr/local/texlive/2025/texmf-dist/tex/generic/pgfplots/oldpgfcompatib/pgfplot
soldpgfsupp_pgfutil-common-lists.tex)
(/usr/local/texlive/2025/texmf-dist/tex/generic/pgf/libraries/luamath/pgflibrar
yluamath.code.tex)
Package pgfplots info on input line 292: luamath library shipped with pgf 3.1.1
1a is up-to-date
)
(/usr/local/texlive/2025/texmf-dist/tex/generic/pgfplots/util/pgfplotsutil.code
.tex
Package pgfplots info on input line 82: Found new luatex: initializing lua comm
ands instead of write18 (shell-escape)

(/usr/local/texlive/2025/texmf-dist/tex/generic/pgfplots/liststructure/pgfplots
liststructure.code.tex)
(/usr/local/texlive/2025/texmf-dist/tex/generic/pgfplots/liststructure/pgfplots
liststructureext.code.tex)
(/usr/local/texlive/2025/texmf-dist/tex/generic/pgfplots/liststructure/pgfplots
array.code.tex
\c@pgfplotsarray@tmp=\count368
)
(/usr/local/texlive/2025/texmf-dist/tex/generic/pgfplots/liststructure/pgfplots
matrix.code.tex)
(/usr/local/texlive/2025/texmf-dist/tex/generic/pgfplots/numtable/pgfplotstable
shared.code.tex
\c@pgfplotstable@counta=\count369
\t@pgfplotstable@a=\toks53
)
(/usr/local/texlive/2025/texmf-dist/tex/generic/pgfplots/liststructure/pgfplots
deque.code.tex)
(/usr/local/texlive/2025/texmf-dist/tex/generic/pgfplots/util/pgfplotsbinary.co
de.tex
(/usr/local/texlive/2025/texmf-dist/tex/generic/pgfplots/util/pgfplotsbinary.da
ta.code.tex))
(/usr/local/texlive/2025/texmf-dist/tex/generic/pgfplots/util/pgfplotsutil.verb
.code.tex)
(/usr/local/texlive/2025/texmf-dist/tex/generic/pgfplots/libs/pgflibrarypgfplot
s.surfshading.code.tex
\c@pgfplotslibrarysurf@no=\count370

(/usr/local/texlive/2025/texmf-dist/tex/generic/pgfplots/sys/pgflibrarypgfplots
.surfshading.pgfsys-luatex.def)))
(/usr/local/texlive/2025/texmf-dist/tex/generic/pgfplots/util/pgfplotscolormap.
code.tex
(/usr/local/texlive/2025/texmf-dist/tex/generic/pgfplots/util/pgfplotscolor.cod
e.tex))
(/usr/local/texlive/2025/texmf-dist/tex/generic/pgfplots/pgfplotsstackedplots.c
ode.tex)
(/usr/local/texlive/2025/texmf-dist/tex/generic/pgfplots/pgfplotsplothandlers.c
ode.tex
(/usr/local/texlive/2025/texmf-dist/tex/generic/pgfplots/pgfplotsmeshplothandle
r.code.tex
(/usr/local/texlive/2025/texmf-dist/tex/generic/pgfplots/pgfplotsmeshplotimage.
code.tex)))
(/usr/local/texlive/2025/texmf-dist/tex/generic/pgfplots/pgfplots.scaling.code.
tex)
(/usr/local/texlive/2025/texmf-dist/tex/generic/pgfplots/pgfplotscoordprocessin
g.code.tex)
(/usr/local/texlive/2025/texmf-dist/tex/generic/pgfplots/pgfplots.errorbars.cod
e.tex)
(/usr/local/texlive/2025/texmf-dist/tex/generic/pgfplots/pgfplots.markers.code.
tex)
(/usr/local/texlive/2025/texmf-dist/tex/generic/pgfplots/pgfplotsticks.code.tex
)
(/usr/local/texlive/2025/texmf-dist/tex/generic/pgfplots/pgfplots.paths.code.te
x)
(/usr/local/texlive/2025/texmf-dist/tex/generic/pgf/frontendlayer/tikz/librarie
s/tikzlibrarydecorations.code.tex
(/usr/local/texlive/2025/texmf-dist/tex/generic/pgf/modules/pgfmoduledecoration
s.code.tex
\pgfdecoratedcompleteddistance=\dimen303
\pgfdecoratedremainingdistance=\dimen304
\pgfdecoratedinputsegmentcompleteddistance=\dimen305
\pgfdecoratedinputsegmentremainingdistance=\dimen306
\pgf@decorate@distancetomove=\dimen307
\pgf@decorate@repeatstate=\count371
\pgfdecorationsegmentamplitude=\dimen308
\pgfdecorationsegmentlength=\dimen309
)
\tikz@lib@dec@box=\box86
)
(/usr/local/texlive/2025/texmf-dist/tex/generic/pgf/frontendlayer/tikz/librarie
s/tikzlibrarydecorations.pathmorphing.code.tex
(/usr/local/texlive/2025/texmf-dist/tex/generic/pgf/libraries/decorations/pgfli
brarydecorations.pathmorphing.code.tex))
(/usr/local/texlive/2025/texmf-dist/tex/generic/pgf/frontendlayer/tikz/librarie
s/tikzlibrarydecorations.pathreplacing.code.tex
(/usr/local/texlive/2025/texmf-dist/tex/generic/pgf/libraries/decorations/pgfli
brarydecorations.pathreplacing.code.tex))
(/usr/local/texlive/2025/texmf-dist/tex/generic/pgfplots/libs/tikzlibrarypgfplo
ts.contourlua.code.tex)
\pgfplots@numplots=\count372
\pgfplots@xmin@reg=\dimen310
\pgfplots@xmax@reg=\dimen311
\pgfplots@ymin@reg=\dimen312
\pgfplots@ymax@reg=\dimen313
\pgfplots@zmin@reg=\dimen314
\pgfplots@zmax@reg=\dimen315
)
(/usr/local/texlive/2025/texmf-dist/tex/generic/pgf/frontendlayer/tikz/librarie
s/tikzlibraryplotmarks.code.tex
File: tikzlibraryplotmarks.code.tex 2025-08-29 v3.1.11a (3.1.11a)

(/usr/local/texlive/2025/texmf-dist/tex/generic/pgf/libraries/pgflibraryplotmar
ks.code.tex
File: pgflibraryplotmarks.code.tex 2025-08-29 v3.1.11a (3.1.11a)
)))
(/usr/local/texlive/2025/texmf-dist/tex/generic/mathabx/mathabx.sty
Package: mathabx 2003/07/29 v0.0 Non-standard LaTeX package mathabx
\symmatha=\mathgroup6
\symmathb=\mathgroup7
\symmathx=\mathgroup8

(/usr/local/texlive/2025/texmf-dist/tex/generic/mathabx/mathabx.dcl
LaTeX Font Info:    Redeclaring math symbol \cdotp on input line 25.
LaTeX Font Info:    Redeclaring math symbol \times on input line 33.
LaTeX Font Info:    Redeclaring math symbol \div on input line 34.
LaTeX Font Info:    Redeclaring math symbol \cdot on input line 35.
LaTeX Font Info:    Redeclaring math symbol \circ on input line 36.
LaTeX Font Info:    Redeclaring math symbol \ast on input line 38.
LaTeX Font Info:    Redeclaring math symbol \pm on input line 41.
LaTeX Font Info:    Redeclaring math symbol \mp on input line 42.
LaTeX Font Info:    Redeclaring math symbol \ltimes on input line 43.
LaTeX Font Info:    Redeclaring math symbol \rtimes on input line 44.
LaTeX Font Info:    Redeclaring math symbol \diamond on input line 45.
LaTeX Font Info:    Redeclaring math symbol \bullet on input line 46.
LaTeX Font Info:    Redeclaring math symbol \star on input line 47.
LaTeX Font Info:    Redeclaring math symbol \amalg on input line 51.
LaTeX Font Info:    Redeclaring math symbol \dotplus on input line 58.
LaTeX Font Info:    Redeclaring math symbol \square on input line 63.
LaTeX Font Info:    Redeclaring math symbol \divideontimes on input line 71.
LaTeX Font Info:    Redeclaring math symbol \bigstar on input line 75.
LaTeX Font Info:    Redeclaring math symbol \equiv on input line 83.
LaTeX Font Info:    Redeclaring math symbol \sim on input line 84.
LaTeX Font Info:    Redeclaring math symbol \approx on input line 85.
LaTeX Font Info:    Redeclaring math symbol \simeq on input line 86.
LaTeX Font Info:    Redeclaring math symbol \asymp on input line 89.
LaTeX Font Info:    Redeclaring math symbol \nsim on input line 97.
LaTeX Font Info:    Redeclaring math symbol \ncong on input line 100.
LaTeX Font Info:    Redeclaring math symbol \risingdotseq on input line 118.
LaTeX Font Info:    Redeclaring math symbol \fallingdotseq on input line 119.
LaTeX Font Info:    Redeclaring math symbol \circeq on input line 125.
LaTeX Font Info:    Redeclaring math symbol \eqcirc on input line 126.
LaTeX Font Info:    Redeclaring math symbol \triangleq on input line 127.
LaTeX Font Info:    Redeclaring math symbol \neg on input line 134.
LaTeX Font Info:    Redeclaring math symbol \ll on input line 136.
LaTeX Font Info:    Redeclaring math symbol \gg on input line 137.
LaTeX Font Info:    Redeclaring math symbol \vdash on input line 139.
LaTeX Font Info:    Redeclaring math symbol \dashv on input line 140.
LaTeX Font Info:    Redeclaring math symbol \nvdash on input line 141.
LaTeX Font Info:    Redeclaring math symbol \vDash on input line 143.
LaTeX Font Info:    Redeclaring math symbol \nvDash on input line 145.
LaTeX Font Info:    Redeclaring math symbol \Vdash on input line 147.
LaTeX Font Info:    Redeclaring math symbol \nVdash on input line 149.
LaTeX Font Info:    Redeclaring math symbol \flat on input line 158.
LaTeX Font Info:    Redeclaring math symbol \natural on input line 159.
LaTeX Font Info:    Redeclaring math symbol \sharp on input line 160.
LaTeX Font Info:    Redeclaring math symbol \infty on input line 161.
LaTeX Font Info:    Redeclaring math symbol \propto on input line 162.
LaTeX Font Info:    Redeclaring math symbol \dagger on input line 163.
LaTeX Font Info:    Redeclaring math symbol \ddagger on input line 164.
LaTeX Font Info:    Redeclaring math symbol \between on input line 170.
LaTeX Font Info:    Redeclaring math symbol \smile on input line 171.
LaTeX Font Info:    Redeclaring math symbol \frown on input line 172.
LaTeX Font Info:    Redeclaring math symbol \leftthreetimes on input line 174.
LaTeX Font Info:    Redeclaring math symbol \rightthreetimes on input line 175.

LaTeX Font Info:    Redeclaring math symbol \pitchfork on input line 176.
LaTeX Font Info:    Redeclaring math symbol \nVDash on input line 182.
LaTeX Font Info:    Redeclaring math symbol \Vvdash on input line 184.
LaTeX Font Info:    Redeclaring math symbol \therefore on input line 189.
LaTeX Font Info:    Redeclaring math symbol \because on input line 190.
LaTeX Font Info:    Redeclaring math accent \dot on input line 193.
LaTeX Font Info:    Redeclaring math accent \ddot on input line 195.
LaTeX Font Info:    Redeclaring math symbol \measuredangle on input line 202.
LaTeX Font Info:    Redeclaring math symbol \sphericalangle on input line 203.
LaTeX Font Info:    Redeclaring math symbol \setminus on input line 218.
LaTeX Font Info:    Redeclaring math symbol \mid on input line 222.
LaTeX Font Info:    Redeclaring math symbol \forall on input line 279.
LaTeX Font Info:    Redeclaring math symbol \complement on input line 280.
LaTeX Font Info:    Redeclaring math symbol \partial on input line 281.
LaTeX Font Info:    Redeclaring math symbol \exists on input line 284.
LaTeX Font Info:    Redeclaring math symbol \nexists on input line 285.
LaTeX Font Info:    Redeclaring math symbol \Finv on input line 286.
LaTeX Font Info:    Redeclaring math symbol \Game on input line 287.
LaTeX Font Info:    Redeclaring math symbol \emptyset on input line 288.
LaTeX Font Info:    Redeclaring math symbol \top on input line 290.
LaTeX Font Info:    Redeclaring math symbol \bot on input line 291.
LaTeX Font Info:    Redeclaring math symbol \perp on input line 292.
LaTeX Font Info:    Redeclaring math symbol \curlywedge on input line 296.
LaTeX Font Info:    Redeclaring math symbol \curlyvee on input line 297.
LaTeX Font Info:    Redeclaring math symbol \in on input line 299.
LaTeX Font Info:    Redeclaring math symbol \owns on input line 300.
LaTeX Font Info:    Redeclaring math symbol \cap on input line 312.
LaTeX Font Info:    Redeclaring math symbol \cup on input line 313.
LaTeX Font Info:    Redeclaring math symbol \uplus on input line 314.
LaTeX Font Info:    Redeclaring math symbol \sqcap on input line 315.
LaTeX Font Info:    Redeclaring math symbol \sqcup on input line 316.
LaTeX Font Info:    Redeclaring math symbol \wedge on input line 318.
LaTeX Font Info:    Redeclaring math symbol \vee on input line 320.
LaTeX Font Info:    Redeclaring math symbol \barwedge on input line 327.
LaTeX Font Info:    Redeclaring math symbol \veebar on input line 328.
LaTeX Font Info:    Redeclaring math symbol \doublebarwedge on input line 329.
LaTeX Font Info:    Redeclaring math symbol \doublecap on input line 331.
LaTeX Font Info:    Redeclaring math symbol \doublecup on input line 333.
LaTeX Font Info:    Redeclaring math symbol \subset on input line 344.
LaTeX Font Info:    Redeclaring math symbol \supset on input line 345.
LaTeX Font Info:    Redeclaring math symbol \subseteq on input line 348.
LaTeX Font Info:    Redeclaring math symbol \supseteq on input line 349.
LaTeX Font Info:    Redeclaring math symbol \nsubseteq on input line 350.
LaTeX Font Info:    Redeclaring math symbol \nsupseteq on input line 351.
LaTeX Font Info:    Redeclaring math symbol \subsetneq on input line 352.
LaTeX Font Info:    Redeclaring math symbol \supsetneq on input line 353.
LaTeX Font Info:    Redeclaring math symbol \varsubsetneq on input line 354.
LaTeX Font Info:    Redeclaring math symbol \varsupsetneq on input line 355.
LaTeX Font Info:    Redeclaring math symbol \subseteqq on input line 357.
LaTeX Font Info:    Redeclaring math symbol \supseteqq on input line 358.
LaTeX Font Info:    Redeclaring math symbol \nsubseteqq on input line 359.
LaTeX Font Info:    Redeclaring math symbol \nsupseteqq on input line 360.
LaTeX Font Info:    Redeclaring math symbol \subsetneqq on input line 361.
LaTeX Font Info:    Redeclaring math symbol \supsetneqq on input line 362.
LaTeX Font Info:    Redeclaring math symbol \varsubsetneqq on input line 363.
LaTeX Font Info:    Redeclaring math symbol \varsupsetneqq on input line 364.
LaTeX Font Info:    Redeclaring math symbol \Subset on input line 366.
LaTeX Font Info:    Redeclaring math symbol \Supset on input line 367.
LaTeX Font Info:    Redeclaring math symbol \sqsubseteq on input line 380.
LaTeX Font Info:    Redeclaring math symbol \sqsupseteq on input line 381.
LaTeX Font Info:    Redeclaring math symbol \triangleleft on input line 407.
LaTeX Font Info:    Redeclaring math symbol \vartriangleleft on input line 408.

LaTeX Font Info:    Redeclaring math symbol \triangleright on input line 409.
LaTeX Font Info:    Redeclaring math symbol \vartriangleright on input line 410
.
LaTeX Font Info:    Redeclaring math symbol \ntriangleleft on input line 411.
LaTeX Font Info:    Redeclaring math symbol \ntriangleright on input line 412.
LaTeX Font Info:    Redeclaring math symbol \trianglelefteq on input line 413.
LaTeX Font Info:    Redeclaring math symbol \trianglerighteq on input line 414.

LaTeX Font Info:    Redeclaring math symbol \ntrianglelefteq on input line 415.

LaTeX Font Info:    Redeclaring math symbol \ntrianglerighteq on input line 416
.
LaTeX Font Info:    Redeclaring math symbol \blacktriangledown on input line 42
7.
LaTeX Font Info:    Redeclaring math symbol \blacktriangleleft on input line 42
8.
LaTeX Font Info:    Redeclaring math symbol \blacktriangleright on input line 4
29.
LaTeX Font Info:    Redeclaring math symbol \nless on input line 437.
LaTeX Font Info:    Redeclaring math symbol \ngtr on input line 438.
LaTeX Font Info:    Redeclaring math symbol \leq on input line 439.
LaTeX Font Info:    Redeclaring math symbol \geq on input line 441.
LaTeX Font Info:    Redeclaring math symbol \nleq on input line 443.
LaTeX Font Info:    Redeclaring math symbol \ngeq on input line 445.
LaTeX Font Info:    Redeclaring math symbol \lneq on input line 451.
LaTeX Font Info:    Redeclaring math symbol \gneq on input line 452.
LaTeX Font Info:    Redeclaring math symbol \leqq on input line 453.
LaTeX Font Info:    Redeclaring math symbol \geqq on input line 454.
LaTeX Font Info:    Redeclaring math symbol \nleqq on input line 455.
LaTeX Font Info:    Redeclaring math symbol \ngeqq on input line 456.
LaTeX Font Info:    Redeclaring math symbol \lneqq on input line 457.
LaTeX Font Info:    Redeclaring math symbol \gneqq on input line 458.
LaTeX Font Info:    Redeclaring math symbol \lvertneqq on input line 459.
LaTeX Font Info:    Redeclaring math symbol \gvertneqq on input line 460.
LaTeX Font Info:    Redeclaring math symbol \eqslantless on input line 461.
LaTeX Font Info:    Redeclaring math symbol \eqslantgtr on input line 462.
LaTeX Font Info:    Redeclaring math symbol \lessgtr on input line 465.
LaTeX Font Info:    Redeclaring math symbol \gtrless on input line 466.
LaTeX Font Info:    Redeclaring math symbol \lesseqgtr on input line 467.
LaTeX Font Info:    Redeclaring math symbol \gtreqless on input line 468.
LaTeX Font Info:    Redeclaring math symbol \lesseqqgtr on input line 469.
LaTeX Font Info:    Redeclaring math symbol \gtreqqless on input line 470.
LaTeX Font Info:    Redeclaring math symbol \lesssim on input line 472.
LaTeX Font Info:    Redeclaring math symbol \gtrsim on input line 473.
LaTeX Font Info:    Redeclaring math symbol \lnsim on input line 476.
LaTeX Font Info:    Redeclaring math symbol \gnsim on input line 477.
LaTeX Font Info:    Redeclaring math symbol \lessapprox on input line 478.
LaTeX Font Info:    Redeclaring math symbol \gtrapprox on input line 479.
LaTeX Font Info:    Redeclaring math symbol \lnapprox on input line 482.
LaTeX Font Info:    Redeclaring math symbol \gnapprox on input line 483.
LaTeX Font Info:    Redeclaring math symbol \lessdot on input line 485.
LaTeX Font Info:    Redeclaring math symbol \gtrdot on input line 486.
LaTeX Font Info:    Redeclaring math symbol \lll on input line 488.
LaTeX Font Info:    Redeclaring math symbol \ggg on input line 489.
LaTeX Font Info:    Redeclaring math symbol \prec on input line 498.
LaTeX Font Info:    Redeclaring math symbol \succ on input line 499.
LaTeX Font Info:    Redeclaring math symbol \nprec on input line 500.
LaTeX Font Info:    Redeclaring math symbol \nsucc on input line 501.
LaTeX Font Info:    Redeclaring math symbol \preccurlyeq on input line 502.
LaTeX Font Info:    Redeclaring math symbol \succcurlyeq on input line 503.
LaTeX Font Info:    Redeclaring math symbol \preceq on input line 506.
LaTeX Font Info:    Redeclaring math symbol \succeq on input line 507.
LaTeX Font Info:    Redeclaring math symbol \npreceq on input line 508.
LaTeX Font Info:    Redeclaring math symbol \nsucceq on input line 509.
LaTeX Font Info:    Redeclaring math symbol \curlyeqprec on input line 512.
LaTeX Font Info:    Redeclaring math symbol \curlyeqsucc on input line 513.
LaTeX Font Info:    Redeclaring math symbol \precsim on input line 517.
LaTeX Font Info:    Redeclaring math symbol \succsim on input line 518.
LaTeX Font Info:    Redeclaring math symbol \precnsim on input line 521.
LaTeX Font Info:    Redeclaring math symbol \succnsim on input line 522.
LaTeX Font Info:    Redeclaring math symbol \precapprox on input line 523.
LaTeX Font Info:    Redeclaring math symbol \succapprox on input line 524.
LaTeX Font Info:    Redeclaring math symbol \precnapprox on input line 527.
LaTeX Font Info:    Redeclaring math symbol \succnapprox on input line 528.
LaTeX Font Info:    Redeclaring math symbol \leftarrow on input line 540.
LaTeX Font Info:    Redeclaring math symbol \rightarrow on input line 542.
LaTeX Font Info:    Redeclaring math symbol \nwarrow on input line 546.
LaTeX Font Info:    Redeclaring math symbol \nearrow on input line 547.
LaTeX Font Info:    Redeclaring math symbol \swarrow on input line 548.
LaTeX Font Info:    Redeclaring math symbol \searrow on input line 549.
LaTeX Font Info:    Redeclaring math symbol \leftrightarrow on input line 550.
LaTeX Font Info:    Redeclaring math symbol \nleftarrow on input line 552.
LaTeX Font Info:    Redeclaring math symbol \nrightarrow on input line 553.
LaTeX Font Info:    Redeclaring math symbol \nleftrightarrow on input line 554.

LaTeX Font Info:    Redeclaring math symbol \mapstochar on input line 557.
LaTeX Font Info:    Redeclaring math symbol \leftharpoonup on input line 560.
LaTeX Font Info:    Redeclaring math symbol \rightharpoonup on input line 561.
LaTeX Font Info:    Redeclaring math symbol \leftharpoondown on input line 562.

LaTeX Font Info:    Redeclaring math symbol \rightharpoondown on input line 563
.
LaTeX Font Info:    Redeclaring math symbol \upharpoonleft on input line 564.
LaTeX Font Info:    Redeclaring math symbol \downharpoonleft on input line 565.

LaTeX Font Info:    Redeclaring math symbol \upharpoonright on input line 566.
LaTeX Font Info:    Redeclaring math symbol \restriction on input line 567.
LaTeX Font Info:    Redeclaring math symbol \downharpoonright on input line 568
.
LaTeX Font Info:    Redeclaring math symbol \leftrightharpoons on input line 56
9.
LaTeX Font Info:    Redeclaring math symbol \Leftarrow on input line 575.
LaTeX Font Info:    Redeclaring math symbol \Rightarrow on input line 576.
LaTeX Font Info:    Redeclaring math symbol \Leftrightarrow on input line 579.
LaTeX Font Info:    Redeclaring math symbol \nLeftarrow on input line 581.
LaTeX Font Info:    Redeclaring math symbol \nRightarrow on input line 582.
LaTeX Font Info:    Redeclaring math symbol \nLeftrightarrow on input line 583.

LaTeX Font Info:    Redeclaring math symbol \leftleftarrows on input line 593.
LaTeX Font Info:    Redeclaring math symbol \rightrightarrows on input line 594
.
LaTeX Font Info:    Redeclaring math symbol \upuparrows on input line 595.
LaTeX Font Info:    Redeclaring math symbol \downdownarrows on input line 596.
LaTeX Font Info:    Redeclaring math symbol \leftrightarrows on input line 597.

LaTeX Font Info:    Redeclaring math symbol \rightleftarrows on input line 598.

LaTeX Font Info:    Redeclaring math symbol \rhook on input line 612.
LaTeX Font Info:    Redeclaring math symbol \lhook on input line 613.
LaTeX Font Info:    Redeclaring math symbol \diagup on input line 614.
LaTeX Font Info:    Redeclaring math symbol \diagdown on input line 615.
LaTeX Font Info:    Redeclaring math symbol \Lsh on input line 617.
LaTeX Font Info:    Redeclaring math symbol \Rsh on input line 619.
LaTeX Font Info:    Redeclaring math symbol \looparrowleft on input line 624.
LaTeX Font Info:    Redeclaring math symbol \looparrowright on input line 626.
LaTeX Font Info:    Redeclaring math symbol \curvearrowleft on input line 631.
LaTeX Font Info:    Redeclaring math symbol \curvearrowright on input line 633.

LaTeX Font Info:    Redeclaring math symbol \circlearrowleft on input line 641.

LaTeX Font Info:    Redeclaring math symbol \circlearrowright on input line 642
.
LaTeX Font Info:    Redeclaring math symbol \rightsquigarrow on input line 645.

LaTeX Font Info:    Redeclaring math symbol \leftrightsquigarrow on input line 
646.
LaTeX Font Info:    Redeclaring math symbol \oplus on input line 658.
LaTeX Font Info:    Redeclaring math symbol \ominus on input line 659.
LaTeX Font Info:    Redeclaring math symbol \otimes on input line 661.
LaTeX Font Info:    Redeclaring math symbol \odot on input line 663.
LaTeX Font Info:    Redeclaring math symbol \oslash on input line 675.
LaTeX Font Info:    Redeclaring math symbol \boxplus on input line 683.
LaTeX Font Info:    Redeclaring math symbol \boxminus on input line 684.
LaTeX Font Info:    Redeclaring math symbol \boxtimes on input line 686.
LaTeX Font Info:    Redeclaring math symbol \boxdot on input line 688.
\mayacnter=\count373
\mayacnta=\count374
\mayacntb=\count375
\mayacntc=\count376
\mayawidth=\dimen316
LaTeX Font Info:    Redeclaring math symbol \intop on input line 753.
LaTeX Font Info:    Redeclaring math symbol \ointop on input line 760.
LaTeX Font Info:    Redeclaring math delimiter \lbrace on input line 842.
LaTeX Info: Redefining \{ on input line 846.
LaTeX Font Info:    Redeclaring math delimiter \rbrace on input line 848.
LaTeX Info: Redefining \} on input line 852.
LaTeX Font Info:    Redeclaring math delimiter \langle on input line 858.
LaTeX Font Info:    Redeclaring math delimiter \rangle on input line 859.
LaTeX Font Info:    Redeclaring math delimiter \vert on input line 863.
LaTeX Font Info:    Redeclaring math delimiter \Vert on input line 865.
LaTeX Font Info:    Redeclaring math delimiter \uparrow on input line 868.
LaTeX Font Info:    Redeclaring math delimiter \downarrow on input line 869.
LaTeX Font Info:    Redeclaring math delimiter \updownarrow on input line 870.
LaTeX Font Info:    Redeclaring math delimiter \Uparrow on input line 871.
LaTeX Font Info:    Redeclaring math delimiter \Downarrow on input line 872.
LaTeX Font Info:    Redeclaring math delimiter \Updownarrow on input line 873.
LaTeX Font Info:    Redeclaring math delimiter \lgroup on input line 880.
LaTeX Font Info:    Redeclaring math delimiter \rgroup on input line 881.
LaTeX Font Info:    Redeclaring math delimiter \lceil on input line 882.
LaTeX Font Info:    Redeclaring math delimiter \rceil on input line 883.
LaTeX Font Info:    Redeclaring math delimiter \lfloor on input line 884.
LaTeX Font Info:    Redeclaring math delimiter \rfloor on input line 885.
LaTeX Font Info:    Redeclaring math symbol \braceld on input line 903.
LaTeX Font Info:    Redeclaring math symbol \bracerd on input line 905.
LaTeX Font Info:    Redeclaring math symbol \bracelu on input line 907.
LaTeX Font Info:    Redeclaring math symbol \braceru on input line 909.
LaTeX Font Info:    Redeclaring math accent \widehat on input line 944.
LaTeX Font Info:    Redeclaring math accent \widetilde on input line 946.
))
(/usr/local/texlive/2025/texmf-dist/tex/latex/jknapltx/mathrsfs.sty
Package: mathrsfs 1996/01/01 Math RSFS package v1.0 (jk)
\symrsfs=\mathgroup9
)
(/usr/local/texlive/2025/texmf-dist/tex/generic/pgf/frontendlayer/tikz/librarie
s/tikzlibrarypositioning.code.tex
File: tikzlibrarypositioning.code.tex 2025-08-29 v3.1.11a (3.1.11a)
)
(/usr/local/texlive/2025/texmf-dist/tex/generic/pgf/frontendlayer/tikz/librarie
s/tikzlibrarymatrix.code.tex
File: tikzlibrarymatrix.code.tex 2025-08-29 v3.1.11a (3.1.11a)
)
(/usr/local/texlive/2025/texmf-dist/tex/generic/pgf/frontendlayer/tikz/librarie
s/tikzlibraryarrows.code.tex
File: tikzlibraryarrows.code.tex 2025-08-29 v3.1.11a (3.1.11a)

(/usr/local/texlive/2025/texmf-dist/tex/generic/pgf/libraries/pgflibraryarrows.
code.tex
File: pgflibraryarrows.code.tex 2025-08-29 v3.1.11a (3.1.11a)
\arrowsize=\dimen317
))
(/usr/local/texlive/2025/texmf-dist/tex/generic/pgfplots/libs/tikzlibrarypgfplo
ts.groupplots.code.tex
\pgfplots@group@current@plot=\count377
\pgfplots@group@current@row=\count378
\pgfplots@group@current@column=\count379
)
(/usr/local/texlive/2025/texmf-dist/tex/generic/pgf/frontendlayer/tikz/librarie
s/tikzlibraryshapes.code.tex
File: tikzlibraryshapes.code.tex 2025-08-29 v3.1.11a (3.1.11a)

(/usr/local/texlive/2025/texmf-dist/tex/generic/pgf/frontendlayer/tikz/librarie
s/tikzlibraryshapes.geometric.code.tex
File: tikzlibraryshapes.geometric.code.tex 2025-08-29 v3.1.11a (3.1.11a)

(/usr/local/texlive/2025/texmf-dist/tex/generic/pgf/libraries/shapes/pgflibrary
shapes.geometric.code.tex
File: pgflibraryshapes.geometric.code.tex 2025-08-29 v3.1.11a (3.1.11a)
))
(/usr/local/texlive/2025/texmf-dist/tex/generic/pgf/frontendlayer/tikz/librarie
s/tikzlibraryshapes.misc.code.tex
File: tikzlibraryshapes.misc.code.tex 2025-08-29 v3.1.11a (3.1.11a)

(/usr/local/texlive/2025/texmf-dist/tex/generic/pgf/libraries/shapes/pgflibrary
shapes.misc.code.tex
File: pgflibraryshapes.misc.code.tex 2025-08-29 v3.1.11a (3.1.11a)
))
(/usr/local/texlive/2025/texmf-dist/tex/generic/pgf/frontendlayer/tikz/librarie
s/tikzlibraryshapes.symbols.code.tex
File: tikzlibraryshapes.symbols.code.tex 2025-08-29 v3.1.11a (3.1.11a)

(/usr/local/texlive/2025/texmf-dist/tex/generic/pgf/libraries/shapes/pgflibrary
shapes.symbols.code.tex
File: pgflibraryshapes.symbols.code.tex 2025-08-29 v3.1.11a (3.1.11a)
))
(/usr/local/texlive/2025/texmf-dist/tex/generic/pgf/frontendlayer/tikz/librarie
s/tikzlibraryshapes.arrows.code.tex
File: tikzlibraryshapes.arrows.code.tex 2025-08-29 v3.1.11a (3.1.11a)

(/usr/local/texlive/2025/texmf-dist/tex/generic/pgf/libraries/shapes/pgflibrary
shapes.arrows.code.tex
File: pgflibraryshapes.arrows.code.tex 2025-08-29 v3.1.11a (3.1.11a)
))
(/usr/local/texlive/2025/texmf-dist/tex/generic/pgf/frontendlayer/tikz/librarie
s/tikzlibraryshapes.callouts.code.tex
(/usr/local/texlive/2025/texmf-dist/tex/generic/pgf/libraries/shapes/pgflibrary
shapes.callouts.code.tex))
(/usr/local/texlive/2025/texmf-dist/tex/generic/pgf/frontendlayer/tikz/librarie
s/tikzlibraryshapes.multipart.code.tex
File: tikzlibraryshapes.multipart.code.tex 2025-08-29 v3.1.11a (3.1.11a)

(/usr/local/texlive/2025/texmf-dist/tex/generic/pgf/libraries/shapes/pgflibrary
shapes.multipart.code.tex
File: pgflibraryshapes.multipart.code.tex 2025-08-29 v3.1.11a (3.1.11a)
\pgfnodepartlowerbox=\box87
\pgfnodeparttwobox=\box88
\pgfnodepartthreebox=\box89
\pgfnodepartfourbox=\box90
\pgfnodeparttwentybox=\box91
\pgfnodepartnineteenbox=\box92
\pgfnodeparteighteenbox=\box93
\pgfnodepartseventeenbox=\box94
\pgfnodepartsixteenbox=\box95
\pgfnodepartfifteenbox=\box96
\pgfnodepartfourteenbox=\box97
\pgfnodepartthirteenbox=\box98
\pgfnodeparttwelvebox=\box99
\pgfnodepartelevenbox=\box100
\pgfnodeparttenbox=\box101
\pgfnodepartninebox=\box102
\pgfnodeparteightbox=\box103
\pgfnodepartsevenbox=\box104
\pgfnodepartsixbox=\box105
\pgfnodepartfivebox=\box106
)))
(/usr/local/texlive/2025/texmf-dist/tex/generic/pgf/frontendlayer/tikz/librarie
s/tikzlibraryshadows.code.tex
File: tikzlibraryshadows.code.tex 2025-08-29 v3.1.11a (3.1.11a)

(/usr/local/texlive/2025/texmf-dist/tex/generic/pgf/frontendlayer/tikz/librarie
s/tikzlibraryfadings.code.tex
File: tikzlibraryfadings.code.tex 2025-08-29 v3.1.11a (3.1.11a)

(/usr/local/texlive/2025/texmf-dist/tex/generic/pgf/libraries/pgflibraryfadings
.code.tex
File: pgflibraryfadings.code.tex 2025-08-29 v3.1.11a (3.1.11a)
)))
(/usr/local/texlive/2025/texmf-dist/tex/generic/pgf/frontendlayer/tikz/librarie
s/tikzlibrarypatterns.code.tex
File: tikzlibrarypatterns.code.tex 2025-08-29 v3.1.11a (3.1.11a)

(/usr/local/texlive/2025/texmf-dist/tex/generic/pgf/libraries/pgflibrarypattern
s.code.tex
File: pgflibrarypatterns.code.tex 2025-08-29 v3.1.11a (3.1.11a)
))
(/usr/local/texlive/2025/texmf-dist/tex/generic/pgf/frontendlayer/tikz/librarie
s/tikzlibrarydecorations.markings.code.tex
(/usr/local/texlive/2025/texmf-dist/tex/generic/pgf/libraries/decorations/pgfli
brarydecorations.markings.code.tex))
(/usr/local/texlive/2025/texmf-dist/tex/latex/circuitikz/circuitikz.sty
Package: circuitikz 2026/02/04{} The CircuiTikz circuit drawing package version
 1.8.5

(/usr/local/texlive/2025/texmf-dist/tex/generic/pgf/libraries/pgflibraryarrows.
meta.code.tex
File: pgflibraryarrows.meta.code.tex 2025-08-29 v3.1.11a (3.1.11a)
\pgfarrowinset=\dimen318
\pgfarrowlength=\dimen319
\pgfarrowwidth=\dimen320
\pgfarrowlinewidth=\dimen321
)
(/usr/local/texlive/2025/texmf-dist/tex/generic/pgf/frontendlayer/tikz/librarie
s/tikzlibrarybending.code.tex
File: tikzlibrarybending.code.tex 2025-08-29 v3.1.11a (3.1.11a)

(/usr/local/texlive/2025/texmf-dist/tex/generic/pgf/modules/pgfmodulebending.co
de.tex
File: pgfmodulebending.code.tex 2025-08-29 v3.1.11a (3.1.11a)

(/usr/local/texlive/2025/texmf-dist/tex/generic/pgf/modules/pgfmodulenonlineart
ransformations.code.tex
File: pgfmodulenonlineartransformations.code.tex 2025-08-29 v3.1.11a (3.1.11a)
\pgftransformnonlinearflatness=\dimen322
)
(/usr/local/texlive/2025/texmf-dist/tex/generic/pgf/libraries/pgflibrarycurvili
near.code.tex
File: pgflibrarycurvilinear.code.tex 2025-08-29 v3.1.11a (3.1.11a)
\pgf@curvilinear@time@a=\dimen323
\pgf@curvilinear@length@a=\dimen324
\pgf@curvilinear@length@b=\dimen325
\pgf@curvilinear@length@c=\dimen326
\pgf@curvilinear@length@d=\dimen327
)
\pgf@arrows@the@rigidity=\dimen328
))
(/usr/local/texlive/2025/texmf-dist/tex/generic/pgf/frontendlayer/tikz/librarie
s/tikzlibraryfpu.code.tex)
(/usr/local/texlive/2025/texmf-dist/tex/generic/circuitikz/pgfcirc.defines.tex
\pgf@circ@count@a=\count380
\pgf@circ@count@b=\count381
\pgf@circ@count@c=\count382
\pgf@circ@res@up=\dimen329
\pgf@circ@res@down=\dimen330
\pgf@circ@res@zero=\dimen331
\pgf@circ@res@left=\dimen332
\pgf@circ@res@right=\dimen333
\pgf@circ@res@other=\dimen334
\pgf@circ@res@step=\dimen335
\pgf@circ@res@temp=\dimen336
\pgf@circ@Rlen=\dimen337
\pgf@circ@scaled@Rlen=\dimen338
\pgfstartlinewidth=\dimen339
) (/usr/local/texlive/2025/texmf-dist/tex/generic/circuitikz/pgfcircutils.tex
\ctikz@scratchbox=\box107
)
(/usr/local/texlive/2025/texmf-dist/tex/generic/circuitikz/pgfcircpath.tex
\ctikz@vif@count=\count383
)
(/usr/local/texlive/2025/texmf-dist/tex/generic/circuitikz/pgfcircshapes.tex)
(/usr/local/texlive/2025/texmf-dist/tex/generic/circuitikz/pgfcircmonopoles.tex
) (/usr/local/texlive/2025/texmf-dist/tex/generic/circuitikz/pgfcircbipoles.tex
)
(/usr/local/texlive/2025/texmf-dist/tex/generic/circuitikz/pgfcirctripoles.tex
\pgf@circ@res@count=\count384
)
(/usr/local/texlive/2025/texmf-dist/tex/generic/circuitikz/pgfcircquadpoles.tex
)
(/usr/local/texlive/2025/texmf-dist/tex/generic/circuitikz/pgfcircmultipoles.te
x) (/usr/local/texlive/2025/texmf-dist/tex/generic/circuitikz/pgfcirclabel.tex) (/usr/local/texlive/2025/texmf-dist/tex/generic/circuitikz/pgfcircvoltage.tex
\pgfcirc@labelshift=\dimen340
) (/usr/local/texlive/2025/texmf-dist/tex/generic/circuitikz/pgfcirccurrent.tex
) (/usr/local/texlive/2025/texmf-dist/tex/generic/circuitikz/pgfcircflow.tex)
(/usr/local/texlive/2025/texmf-dist/tex/latex/siunitx/siunitx.sty
Package: siunitx 2025-07-09 v3.4.14 A comprehensive (SI) units package
\l__siunitx_number_uncert_offset_int=\count385
\l__siunitx_number_exponent_fixed_int=\count386
\l__siunitx_number_min_decimal_int=\count387
\l__siunitx_number_min_integer_int=\count388
\l__siunitx_number_round_precision_int=\count389
\l__siunitx_number_lower_threshold_int=\count390
\l__siunitx_number_upper_threshold_int=\count391
\l__siunitx_number_group_first_int=\count392
\l__siunitx_number_group_size_int=\count393
\l__siunitx_number_group_minimum_int=\count394
\l__siunitx_angle_tmp_dim=\dimen341
\l__siunitx_angle_marker_box=\box108
\l__siunitx_angle_unit_box=\box109
\l__siunitx_compound_count_int=\count395

(/usr/local/texlive/2025/texmf-dist/tex/latex/translations/translations.sty
Package: translations 2022/02/05 v1.12 internationalization of LaTeX2e packages
 (CN)
)
\l__siunitx_table_tmp_box=\box110
\l__siunitx_table_tmp_dim=\dimen342
\l__siunitx_table_column_width_dim=\dimen343
\l__siunitx_table_integer_box=\box111
\l__siunitx_table_decimal_box=\box112
\l__siunitx_table_uncert_box=\box113
\l__siunitx_table_before_box=\box114
\l__siunitx_table_after_box=\box115
\l__siunitx_table_before_dim=\dimen344
\l__siunitx_table_carry_dim=\dimen345
\l__siunitx_unit_tmp_int=\count396
\l__siunitx_unit_position_int=\count397
\l__siunitx_unit_total_int=\count398
))
(./main.aux)
\openout1 = main.aux

LaTeX Font Info:    Checking defaults for OML/cmm/m/it on input line 609.
LaTeX Font Info:    ... okay on input line 609.
LaTeX Font Info:    Checking defaults for OMS/cmsy/m/n on input line 609.
LaTeX Font Info:    ... okay on input line 609.
LaTeX Font Info:    Checking defaults for OT1/cmr/m/n on input line 609.
LaTeX Font Info:    ... okay on input line 609.
LaTeX Font Info:    Checking defaults for T1/cmr/m/n on input line 609.
LaTeX Font Info:    ... okay on input line 609.
LaTeX Font Info:    Checking defaults for TS1/cmr/m/n on input line 609.
LaTeX Font Info:    ... okay on input line 609.
LaTeX Font Info:    Checking defaults for TU/lmr/m/n on input line 609.
LaTeX Font Info:    ... okay on input line 609.
LaTeX Font Info:    Checking defaults for OMX/cmex/m/n on input line 609.
LaTeX Font Info:    ... okay on input line 609.
LaTeX Font Info:    Checking defaults for U/mathx/m/n on input line 609.
LaTeX Font Info:    ... okay on input line 609.
LaTeX Font Info:    Checking defaults for PD1/pdf/m/n on input line 609.
LaTeX Font Info:    ... okay on input line 609.
LaTeX Font Info:    Checking defaults for PU/pdf/m/n on input line 609.
LaTeX Font Info:    ... okay on input line 609.

*geometry* driver: auto-detecting
*geometry* detected driver: luatex
*geometry* verbose mode - [ preamble ] result:
* driver: luatex
* paper: letterpaper
* layout: <same size as paper>
* layoutoffset:(h,v)=(0.0pt,0.0pt)
* modes: 
* h-part:(L,W,R)=(137.14749pt, 340.0pt, 137.1475pt)
* v-part:(T,H,B)=(57.81598pt, 650.43pt, 86.72401pt)
* \paperwidth=614.295pt
* \paperheight=794.96999pt
* \textwidth=340.0pt
* \textheight=650.43pt
* \oddsidemargin=64.8775pt
* \evensidemargin=64.8775pt
* \topmargin=-44.5215pt
* \headheight=12.0pt
* \headsep=18.06749pt
* \topskip=10.0pt
* \footskip=25.29494pt
* \marginparwidth=69.0pt
* \marginparsep=7.0pt
* \columnsep=10.0pt
* \skip\footins=9.0pt plus 4.0pt minus 2.0pt
* \hoffset=0.0pt
* \voffset=0.0pt
* \mag=1000
* \@twocolumnfalse
* \@twosidefalse
* \@mparswitchfalse
* \@reversemarginfalse
* (1in=72.27pt=25.4mm, 1cm=28.453pt)

(/usr/local/texlive/2025/texmf-dist/tex/context/base/mkii/supp-pdf.mkii
[Loading MPS to PDF converter (version 2006.09.02).]
\scratchcounter=\count399
\scratchdimen=\dimen346
\scratchbox=\box116
\nofMPsegments=\count400
\nofMParguments=\count401
\everyMPshowfont=\toks54
\MPscratchCnt=\count402
\MPscratchDim=\dimen347
\MPnumerator=\count403
\makeMPintoPDFobject=\count404
\everyMPtoPDFconversion=\toks55
) (/usr/local/texlive/2025/texmf-dist/tex/latex/epstopdf-pkg/epstopdf-base.sty
Package: epstopdf-base 2020-01-24 v2.11 Base part for package epstopdf
Package epstopdf-base Info: Redefining graphics rule for `.eps' on input line 4
85.

(/usr/local/texlive/2025/texmf-dist/tex/latex/latexconfig/epstopdf-sys.cfg
File: epstopdf-sys.cfg 2010/07/13 v1.3 Configuration of (r)epstopdf for TeX Liv
e
))

Package fontspec Info: 
(fontspec)             Adjusting the maths setup (use [no-math] to avoid
(fontspec)             this).

\symlegacymaths=\mathgroup10
LaTeX Font Info:    Overwriting symbol font `legacymaths' in version `bold'
(Font)                  OT1/cmr/m/n --> OT1/cmr/bx/n on input line 609.
LaTeX Font Info:    Redeclaring math accent \acute on input line 609.
LaTeX Font Info:    Redeclaring math accent \grave on input line 609.
LaTeX Font Info:    Redeclaring math accent \ddot on input line 609.
LaTeX Font Info:    Redeclaring math accent \tilde on input line 609.
LaTeX Font Info:    Redeclaring math accent \bar on input line 609.
LaTeX Font Info:    Redeclaring math accent \breve on input line 609.
LaTeX Font Info:    Redeclaring math accent \check on input line 609.
LaTeX Font Info:    Redeclaring math accent \hat on input line 609.
LaTeX Font Info:    Redeclaring math accent \dot on input line 609.
LaTeX Font Info:    Redeclaring math accent \mathring on input line 609.
LaTeX Font Info:    Redeclaring math symbol \Gamma on input line 609.
LaTeX Font Info:    Redeclaring math symbol \Delta on input line 609.
LaTeX Font Info:    Redeclaring math symbol \Theta on input line 609.
LaTeX Font Info:    Redeclaring math symbol \Lambda on input line 609.
LaTeX Font Info:    Redeclaring math symbol \Xi on input line 609.
LaTeX Font Info:    Redeclaring math symbol \Pi on input line 609.
LaTeX Font Info:    Redeclaring math symbol \Sigma on input line 609.
LaTeX Font Info:    Redeclaring math symbol \Upsilon on input line 609.
LaTeX Font Info:    Redeclaring math symbol \Phi on input line 609.
LaTeX Font Info:    Redeclaring math symbol \Psi on input line 609.
LaTeX Font Info:    Redeclaring math symbol \Omega on input line 609.
LaTeX Font Info:    Redeclaring math symbol \mathdollar on input line 609.
LaTeX Font Info:    Redeclaring symbol font `operators' on input line 609.
LaTeX Font Info:    Encoding `OT1' has changed to `TU' for symbol font
(Font)              `operators' in the math version `normal' on input line 609.

LaTeX Font Info:    Overwriting symbol font `operators' in version `normal'
(Font)                  OT1/cmr/m/n --> TU/lmr/m/n on input line 609.
LaTeX Font Info:    Encoding `OT1' has changed to `TU' for symbol font
(Font)              `operators' in the math version `bold' on input line 609.
LaTeX Font Info:    Overwriting symbol font `operators' in version `bold'
(Font)                  OT1/cmr/bx/n --> TU/lmr/m/n on input line 609.
LaTeX Font Info:    Overwriting symbol font `operators' in version `normal'
(Font)                  TU/lmr/m/n --> TU/lmr/m/n on input line 609.
LaTeX Font Info:    Overwriting math alphabet `\mathit' in version `normal'
(Font)                  OT1/cmr/m/it --> TU/lmr/m/it on input line 609.
LaTeX Font Info:    Overwriting math alphabet `\mathbf' in version `normal'
(Font)                  OT1/cmr/bx/n --> TU/lmr/b/n on input line 609.
LaTeX Font Info:    Overwriting math alphabet `\mathsf' in version `normal'
(Font)                  OT1/cmss/m/n --> TU/lmss/m/n on input line 609.
LaTeX Font Info:    Overwriting math alphabet `\mathtt' in version `normal'
(Font)                  OT1/cmtt/m/n --> TU/lmtt/m/n on input line 609.
LaTeX Font Info:    Overwriting symbol font `operators' in version `bold'
(Font)                  TU/lmr/m/n --> TU/lmr/b/n on input line 609.
LaTeX Font Info:    Overwriting math alphabet `\mathit' in version `bold'
(Font)                  OT1/cmr/bx/it --> TU/lmr/b/it on input line 609.
LaTeX Font Info:    Overwriting math alphabet `\mathsf' in version `bold'
(Font)                  OT1/cmss/bx/n --> TU/lmss/b/n on input line 609.
LaTeX Font Info:    Overwriting math alphabet `\mathtt' in version `bold'
(Font)                  OT1/cmtt/m/n --> TU/lmtt/b/n on input line 609.
LaTeX Info: Redefining \microtypecontext on input line 609.
Package microtype Info: Applying patch `item' on input line 609.
Package microtype Info: Applying patch `toc' on input line 609.
Package microtype Info: Applying patch `eqnum' on input line 609.
Package microtype Info: Applying patch `footnote' on input line 609.
Package microtype Info: Applying patch `verbatim' on input line 609.
LaTeX Info: Redefining \microtypesetup on input line 609.
Package microtype Info: Generating PDF output.
Package microtype Info: Character protrusion enabled (level 2).
Package microtype Info: Using default protrusion set `alltext'.
Package microtype Info: Automatic font expansion enabled (level 2),
(microtype)             stretch: 20, shrink: 20, step: 1, non-selected.
Package microtype Info: Using default expansion set `alltext-nott'.
Package microtype Info: Patching command `\showhyphens'.
Package microtype Info: No adjustment of tracking.
Package microtype Info: No adjustment of spacing.
Package microtype Info: No adjustment of kerning.

(/usr/local/texlive/2025/texmf-dist/tex/latex/microtype/mt-LatinModernRoman.cfg
File: mt-LatinModernRoman.cfg 2026/02/26 v1.2 microtype config. file: Latin Mod
ern Roman (RS)
)
LaTeX Info: Command `\dddot' is already robust on input line 609.
LaTeX Info: Command `\ddddot' is already robust on input line 609.
 (/usr/local/texlive/2025/texmf-dist/tex/latex/pdflscape/pdflscape.sty
Package: pdflscape 2025-06-23 v0.14 Display of landscape pages in PDF

(/usr/local/texlive/2025/texmf-dist/tex/latex/pdflscape/pdflscape-nometadata.st
y
Package: pdflscape-nometadata 2025-06-23 v0.14 Display of landscape pages in PD
F (HO)
 (/usr/local/texlive/2025/texmf-dist/tex/latex/graphics/lscape.sty
Package: lscape 2020/05/28 v3.02 Landscape Pages (DPC)
)
Package pdflscape Info: Auto-detected driver: pdftex on input line 81.
))
Package hyperref Info: Link coloring ON on input line 609.

(./main.out) (./main.out)
\@outlinefile=\write4

\openout4 = main.out

Package pgfplots notification 'compat/show suggested version=true': document ha
s been generated with the most recent feature set (\pgfplotsset{compat=1.18}).


(/usr/local/texlive/2025/texmf-dist/tex/latex/translations/translations-basic-d
ictionary-english.trsl
File: translations-basic-dictionary-english.trsl (english translation file `tra
nslations-basic-dictionary')
)
Package translations Info: loading dictionary `translations-basic-dictionary' f
or `english'. on input line 609.
<external/frontcover.pdf, id=384, 614.295pt x 794.97pt>
File: external/frontcover.pdf Graphic file (type pdf)
<use external/frontcover.pdf>
Package luatex.def Info: external/frontcover.pdf  used on input line 614.
(luatex.def)             Requested size: 614.29349pt x 794.96806pt.
<external/frontcover.pdf, id=386, page=1, 614.295pt x 794.97pt>
File: external/frontcover.pdf Graphic file (type pdf)
<use external/frontcover.pdf, page 1>
Package luatex.def Info: external/frontcover.pdf , page1 used on input line 614
.
(luatex.def)             Requested size: 614.29349pt x 794.96806pt.
File: external/frontcover.pdf Graphic file (type pdf)
<use external/frontcover.pdf, page 1>
Package luatex.def Info: external/frontcover.pdf , page1 used on input line 614
.
(luatex.def)             Requested size: 614.58406pt x 795.3441pt.
File: external/frontcover.pdf Graphic file (type pdf)
<use external/frontcover.pdf, page 1>
Package luatex.def Info: external/frontcover.pdf , page1 used on input line 614
.
(luatex.def)             Requested size: 614.58406pt x 795.3441pt.
File: external/frontcover.pdf Graphic file (type pdf)
<use external/frontcover.pdf, page 1>
Package luatex.def Info: external/frontcover.pdf , page1 used on input line 614
.
(luatex.def)             Requested size: 614.58406pt x 795.3441pt.
File: external/frontcover.pdf Graphic file (type pdf)
<use external/frontcover.pdf, page 1>
Package luatex.def Info: external/frontcover.pdf , page1 used on input line 614
.
(luatex.def)             Requested size: 614.58406pt x 795.3441pt.
 [0


<./external/frontcover.pdf>] [1

{/usr/local/texlive/2025/texmf-var/fonts/map/pdftex/updmap/pdftex.map}] [2

] [3

]
************************************************
Preface Preface
************************************************
Package microtype Info: Loading generic protrusion settings for font family
(microtype)             `lmtt' (encoding: TU).
(microtype)             For optimal results, create family-specific settings.
(microtype)             See the microtype manual for details.
LaTeX Font Info:    Trying to load font information for U+msa on input line 675
.
(/usr/local/texlive/2025/texmf-dist/tex/latex/amsfonts/umsa.fd
File: umsa.fd 2013/01/14 v3.01 AMS symbols A
)
(/usr/local/texlive/2025/texmf-dist/tex/latex/microtype/mt-msa.cfg
File: mt-msa.cfg 2006/02/04 v1.1 microtype config. file: AMS symbols (a) (RS)
)
LaTeX Font Info:    Trying to load font information for U+msb on input line 675
.

(/usr/local/texlive/2025/texmf-dist/tex/latex/amsfonts/umsb.fd
File: umsb.fd 2013/01/14 v3.01 AMS symbols B
)
(/usr/local/texlive/2025/texmf-dist/tex/latex/microtype/mt-msb.cfg
File: mt-msb.cfg 2005/06/01 v1.0 microtype config. file: AMS symbols (b) (RS)
)
LaTeX Font Info:    Trying to load font information for U+rsfs on input line 67
5.

(/usr/local/texlive/2025/texmf-dist/tex/latex/jknapltx/ursfs.fd
File: ursfs.fd 1998/03/24 rsfs font definition file (jk)
)
(/usr/local/texlive/2025/texmf-dist/tex/latex/microtype/mt-cmr.cfg
File: mt-cmr.cfg 2013/05/19 v2.2 microtype config. file: Computer Modern Roman 
(RS)
) [4


]
(./main.toc [5

] [6])
\tf@toc=\write5

\openout5 = main.toc
 [7]
************************************************
Chapter 1 Properties of Electric Circuits
************************************************
Chapter 1.

Overfull \hbox (13.12898pt too wide) in paragraph at lines 700--700
|\TU/lmr/bx/n/24.88 Prop-er-ties of Elec-tric Cir-cuits| 
 []

************************************************
Section 1.1 Charge
************************************************
************************************************
Section 1.2 Voltage
************************************************
[1


]
Package microtype Info: Loading generic protrusion settings for font family
(microtype)             `lmss' (encoding: TU).
(microtype)             For optimal results, create family-specific settings.
(microtype)             See the microtype manual for details.
 [2]
************************************************
Subsection 1.2.1 Voltage as a Difference
************************************************
************************************************
Subsection 1.2.2 Measuring Voltage
************************************************
[3]
************************************************
Section 1.3 Current
************************************************
[4]
************************************************
Subsection 1.3.1 Current as a Flow
************************************************
\absfshift=\dimen348
************************************************
Subsection 1.3.2 Measuring Current
************************************************
[5]
************************************************
Section 1.4 Power
************************************************
************************************************
Subsection 1.4.1 Conservation of Power
************************************************
\absvshift=\dimen349
\absvshift=\dimen350
\absvshift=\dimen351
\absvshift=\dimen352
[6]
************************************************
Section 1.5 Power Sources
************************************************
************************************************
Subsection 1.5.1 Direct Current (DC) Sources
************************************************
************************************************
Subsection 1.5.2 Alternating Current (AC) Sources
************************************************
[7] [8]
************************************************
Subsection 1.5.3 Dependent Sources
************************************************
[9]
************************************************
Subsection 1.5.4 Equivalent Sources
************************************************
[10] [11]
\absvshift=\dimen353
 [12] [13] [14]
************************************************
Section 1.6 Elementary Signals
************************************************
************************************************
Subsection 1.6.1 Dirac Delta Function
************************************************
Package pgfplots info on input line 1442: Using 'lua backend=false' for plot 0 
(type '[tikz@plot@handler: macro:->\global \pgf@plot@startedfalse \global \let 
\pgf@plotstreamend \pgf@plotstreamend@init \global \let \pgf@plotstreampoint \p
gf@plotstreampoint@init \global \let \pgf@plotstreamjump \pgf@plotstreamjump@in
it \global \let \pgf@plotstreamspecial \pgf@plotstreamspecial@init \pgfplotyzer
olevelstreamstart ]'): plot handler does not support LUA.
Package pgfplots info on input line 1456: Using 'lua backend=false' for plot 0 
(type '[tikz@plot@handler: macro:->\global \pgf@plot@startedfalse \global \let 
\pgf@plotstreamend \pgf@plotstreamend@init \global \let \pgf@plotstreampoint \p
gf@plotstreampoint@init \global \let \pgf@plotstreamjump \pgf@plotstreamjump@in
it \global \let \pgf@plotstreamspecial \pgf@plotstreamspecial@init \pgfplotyzer
olevelstreamstart ]'): plot handler does not support LUA.
[15]
************************************************
Subsection 1.6.2 Step Function
************************************************
[16] [17] [18]
************************************************
Subsection 1.6.3 Ramp Function
************************************************
[19]
************************************************
Subsection 1.6.4 Rectangular Pulse
************************************************
[20]
************************************************
Subsection 1.6.5 Triangular Pulse
************************************************
[21]
************************************************
Subsection 1.6.6 Exponential Decay
************************************************
[22]
************************************************
Subsection 1.6.7 Damped Sinusoid
************************************************
************************************************
Exercises 1.7 Practice Problems
************************************************
[23]
\absvshift=\dimen354
\absvshift=\dimen355
\absvshift=\dimen356
\absvshift=\dimen357
 [24] [25] [26] [27]
\absvshift=\dimen358
 [28] [29] [30] [31]
Package pgfplots info on input line 2375: Using 'lua backend=false' for plot 0 
(type '[tikz@plot@handler: macro:->\global \pgf@plot@startedfalse \global \let 
\pgf@plotstreamend \pgf@plotstreamend@init \global \let \pgf@plotstreampoint \p
gf@plotstreampoint@init \global \let \pgf@plotstreamjump \pgf@plotstreamjump@in
it \global \let \pgf@plotstreamspecial \pgf@plotstreamspecial@init \pgfplotyzer
olevelstreamstart ]'): plot handler does not support LUA.
 [32] [33] [34] [35]
************************************************
Chapter 2 Circuit Laws
************************************************
[36]
Chapter 2.
************************************************
Section 2.1 Definitions
************************************************
[37

] [38]
************************************************
Section 2.2 Resistors
************************************************
[39]
************************************************
Subsection 2.2.1 Resistor Color Codes
************************************************
[40]
************************************************
Subsection 2.2.2 Variable Resistors and Potentiometers
************************************************
[41]
\absvshift=\dimen359
\absvshift=\dimen360
\absvshift=\dimen361
\absvshift=\dimen362
\absvshift=\dimen363
\absvshift=\dimen364

************************************************
Subsection 2.2.3 Measuring Resistance
************************************************
[42]
************************************************
Subsection 2.2.4 Resistors in Series
************************************************
[43]
************************************************
Subsection 2.2.5 Resistors in Parallel
************************************************
[44] [45]
************************************************
Subsection 2.2.6 Equivalent Resistance
************************************************
[46] [47] [48] [49] [50] [51] [52]
************************************************
Section 2.3 Delta-Wye and Wye-Delta Transforms
************************************************
[53]
************************************************
Subsection 2.3.1 Delta-Wye Transforms
************************************************
[54] [55] [56]
************************************************
Subsection 2.3.2 Wye-Delta Transforms
************************************************
[57] [58]
************************************************
Section 2.4 Ohm's Law
************************************************
[59]
\absvshift=\dimen365
\absvshift=\dimen366

************************************************
Subsection 2.4.1 Calculating Voltage from Current and Resistance
************************************************
\absvshift=\dimen367
\absfshift=\dimen368
\absvshift=\dimen369
\absfshift=\dimen370
[60]
\absvshift=\dimen371
\absvshift=\dimen372

************************************************
Subsection 2.4.2 Calculating Current from Voltage and Resistance
************************************************
[61]
\absvshift=\dimen373
\absvshift=\dimen374
 [62]
************************************************
Subsection 2.4.3 Calculating Resistance from Voltage and Current
************************************************
************************************************
Subsection 2.4.4 Ohm's Law and the Power Equation
************************************************
[63]
\absvshift=\dimen375
 [64]
************************************************
Section 2.5 Voltage Divider
************************************************
[65]
\absvshift=\dimen376
\absvshift=\dimen377
\absvshift=\dimen378
 [66]
\absvshift=\dimen379
\absvshift=\dimen380
\absvshift=\dimen381
 [67]
************************************************
Subsection 2.5.1 Wheatstone Bridge
************************************************
\absvshift=\dimen382
\absvshift=\dimen383
[68]
************************************************
Section 2.6 Current Divider
************************************************
[69] [70]
************************************************
Section 2.7 Kirchhoff's Laws
************************************************
************************************************
Subsection 2.7.1 Kirchhoff's Current Law (KCL)
************************************************
[71]
\absvshift=\dimen384

************************************************
Subsection 2.7.2 Kirchhoff's Voltage Law (KVL)
************************************************
\absvshift=\dimen385
\absvshift=\dimen386
\absvshift=\dimen387
[72] [73]
************************************************
Subsection 2.7.3 Deriving Matrix Equations from KCL and KVL
************************************************
[74] [75]
************************************************
Section 2.8 Mesh Analysis
************************************************
************************************************
Subsection 2.8.1 Branch vs. Mesh Currents
************************************************
[76]
************************************************
Subsection 2.8.2 The Mesh Analysis Method
************************************************
[77] [78]
************************************************
Exercises 2.9 Practice Problems
************************************************
[79] [80] [81] [82] [83] [84] [85] [86] [87]
\absvshift=\dimen388
 [88] [89] [90] [91]
\absvshift=\dimen389
 [92]
\absvshift=\dimen390
 [93]
\absvshift=\dimen391
\absvshift=\dimen392
\absvshift=\dimen393
\absvshift=\dimen394

[94] [95]
\absvshift=\dimen395
\absvshift=\dimen396
 [96]
\absvshift=\dimen397
 [97] [98]
\absvshift=\dimen398
\absvshift=\dimen399
 [99]
\absvshift=\dimen400
\absvshift=\dimen401
 [100] [101] [102]
\absvshift=\dimen402
 [103]
\absvshift=\dimen403
\absvshift=\dimen404
 [104] [105]
************************************************
Chapter 3 Circuit Theorems
************************************************
Chapter 3.
[106


] [107]
************************************************
Section 3.1 Superposition
************************************************
[108] [109]
\absvshift=\dimen405
\absvshift=\dimen406
\absvshift=\dimen407
\absvshift=\dimen408
\absvshift=\dimen409
\absvshift=\dimen410
 [110] [111] [112]
************************************************
Section 3.2 Source Transformation
************************************************
\absvshift=\dimen411
\absvshift=\dimen412
[113]
\absvshift=\dimen413
\absvshift=\dimen414
\absvshift=\dimen415
\absvshift=\dimen416
\absvshift=\dimen417
\absvshift=\dimen418
 [114] [115]
************************************************
Section 3.3 Choosing an Analysis Tool
************************************************
[116]
************************************************
Subsection 3.3.1 Solving via Simplification
************************************************
************************************************
Subsection 3.3.2 Solving without Simplification
************************************************
[117]
************************************************
Section 3.4 Open-Circuit Voltages and Short-Circuit Currents
************************************************
************************************************
Subsection 3.4.1 Open-Circuit Voltage
************************************************
\absvshift=\dimen419
[118]
\absvshift=\dimen420
\absvshift=\dimen421
\absvshift=\dimen422
\absvshift=\dimen423
\absvshift=\dimen424
\absvshift=\dimen425
 [119]
************************************************
Subsection 3.4.2 Short-Circuit Current
************************************************
[120] [121]
************************************************
Section 3.5 Thévenin's Theorem
************************************************
[122] [123] [124] [125]
************************************************
Section 3.6 Norton's Theorem
************************************************
[126] [127]
************************************************
Section 3.7 Maximum Power Transfer
************************************************
[128] [129]
\absvshift=\dimen426
\absvshift=\dimen427
 [130] [131] [132]
************************************************
Exercises 3.8 Practice Problems
************************************************
\absvshift=\dimen428
\absvshift=\dimen429
\absvshift=\dimen430
[133]
\absvshift=\dimen431
\absvshift=\dimen432
\absvshift=\dimen433
\absvshift=\dimen434
\absvshift=\dimen435
 [134] [135]
\absvshift=\dimen436
 [136] [137] [138]
\absvshift=\dimen437
\absvshift=\dimen438
\absvshift=\dimen439
\absvshift=\dimen440
\absvshift=\dimen441
\absvshift=\dimen442
\absvshift=\dimen443
\absvshift=\dimen444
\absvshift=\dimen445
\absvshift=\dimen446
\absvshift=\dimen447
 [139] [140] [141]
\absvshift=\dimen448
\absvshift=\dimen449
\absvshift=\dimen450
\absvshift=\dimen451
\absvshift=\dimen452
 [142] [143] [144]
\absvshift=\dimen453
\absvshift=\dimen454

[145]
\absvshift=\dimen455
\absvshift=\dimen456
\absvshift=\dimen457
 [146] [147] [148]
\absvshift=\dimen458
\absvshift=\dimen459
\absvshift=\dimen460
\absvshift=\dimen461
\absvshift=\dimen462
\absvshift=\dimen463
 [149] [150]
\absvshift=\dimen464
\absvshift=\dimen465
\absvshift=\dimen466
\absvshift=\dimen467
\absvshift=\dimen468
\absvshift=\dimen469
\absvshift=\dimen470
\absvshift=\dimen471
\absvshift=\dimen472
\absvshift=\dimen473
\absvshift=\dimen474
\absvshift=\dimen475
 [151] [152] [153] [154] [155] [156]
[157]
\absvshift=\dimen476
\absvshift=\dimen477
 [158] [159] [160] [161] [162] [163]
\absvshift=\dimen478
\absvshift=\dimen479
 [164] [165] [166] [167]
************************************************
Chapter 4 Operational Amplifiers (Op-Amps)
************************************************
[168]
Chapter 4.
************************************************
Section 4.1 Amplifiers
************************************************
[169

] [170]
************************************************
Section 4.2 Differential Amplifiers
************************************************
************************************************
Section 4.3 Comparator Circuits
************************************************
[171] [172]
************************************************
Subsection 4.3.1 Non-Idealities in Comparators
************************************************
[173]
************************************************
Subsection 4.3.2 Comparators vs. \textquotedblleft {}Op-Amps\textquotedblright 
{}
************************************************
************************************************
Subsection 4.3.3 Analog to Digital Conversion (ADC)
************************************************
[174]
<generated/preview/flashtypeadcontinkercad-2-preview.png, id=3648, 546.04pt x 3
65.365pt>
File: generated/preview/flashtypeadcontinkercad-2-preview.png Graphic file (typ
e png)
<use generated/preview/flashtypeadcontinkercad-2-preview.png>
Package luatex.def Info: generated/preview/flashtypeadcontinkercad-2-preview.pn
g  used on input line 10858.
(luatex.def)             Requested size: 160.96442pt x 107.70369pt.
<generated/qrcode/flashtypeadcontinkercad-2.png, id=3649, 250.9375pt x 250.9375
pt>
File: generated/qrcode/flashtypeadcontinkercad-2.png Graphic file (type png)
<use generated/qrcode/flashtypeadcontinkercad-2.png>
Package luatex.def Info: generated/qrcode/flashtypeadcontinkercad-2.png  used o
n input line 10863.
(luatex.def)             Requested size: 72.25429pt x 72.25308pt.

************************************************
Subsection 4.3.4 Pulse-Width Modulation (PWM)
************************************************
[175<./generated/preview/flashtypeadcontinkercad-2-preview.png><./generated/qrco
de/flashtypeadcontinkercad-2.png>] [176]
<generated/preview/pwmcircuittinkercad-2-preview.png, id=3689, 546.04pt x 365.3
65pt>
File: generated/preview/pwmcircuittinkercad-2-preview.png Graphic file (type pn
g)
<use generated/preview/pwmcircuittinkercad-2-preview.png>
Package luatex.def Info: generated/preview/pwmcircuittinkercad-2-preview.png  u
sed on input line 10946.
(luatex.def)             Requested size: 160.96442pt x 107.70369pt.
<generated/qrcode/pwmcircuittinkercad-2.png, id=3690, 250.9375pt x 250.9375pt>
File: generated/qrcode/pwmcircuittinkercad-2.png Graphic file (type png)
<use generated/qrcode/pwmcircuittinkercad-2.png>
Package luatex.def Info: generated/qrcode/pwmcircuittinkercad-2.png  used on in
put line 10951.
(luatex.def)             Requested size: 72.25429pt x 72.25308pt.

************************************************
Section 4.4 Feedback Circuits
************************************************
[177<./generated/preview/pwmcircuittinkercad-2-preview.png><./generated/qrcode/p
wmcircuittinkercad-2.png>] [178]
************************************************
Subsection 4.4.1 Voltage Follower
************************************************
\absvshift=\dimen480
\absvshift=\dimen481
[179]
************************************************
Section 4.5 Divided Feedback Op-Amp Circuits
************************************************
[180]
************************************************
Subsection 4.5.1 Inverting Op-Amp
************************************************
[181] [182]
************************************************
Subsection 4.5.2 Non-Inverting Op-Amp
************************************************
[183]
************************************************
Subsection 4.5.3 Cascaded Op-Amps
************************************************
[184]
************************************************
Subsection 4.5.4 Summing and Difference Amplifiers
************************************************
[185]
Overfull \hbox (12.8604pt too wide) detected at line 11445
[]
 []

[186] [187] [188]
************************************************
Subsection 4.5.5 General Op-Amp Circuits
************************************************
[189] [190]
************************************************
Subsection 4.5.6 Implementing Mathematical Functions with Op-Amps
************************************************

Overfull \hbox (1.57643pt too wide) in paragraph at lines 11633--11633
|[]\TU/lmr/bx/n/12 Im-ple-ment-ing Math-e-mat-i-cal Func-tions with Op-Amps| 
 []

************************************************
Subsection 4.5.7 Solving Linear Equations
************************************************
[191

]
<generated/preview/circuitjslinearequationsolver-2-preview.png, id=3964, 546.04
pt x 365.365pt>
File: generated/preview/circuitjslinearequationsolver-2-preview.png Graphic fil
e (type png)
<use generated/preview/circuitjslinearequationsolver-2-preview.png>
Package luatex.def Info: generated/preview/circuitjslinearequationsolver-2-prev
iew.png  used on input line 11712.
(luatex.def)             Requested size: 160.96442pt x 107.70369pt.
<generated/qrcode/circuitjslinearequationsolver-2.png, id=3965, 291.0875pt x 29
1.0875pt>
File: generated/qrcode/circuitjslinearequationsolver-2.png Graphic file (type p
ng)
<use generated/qrcode/circuitjslinearequationsolver-2.png>
Package luatex.def Info: generated/qrcode/circuitjslinearequationsolver-2.png  
used on input line 11717.
(luatex.def)             Requested size: 72.25429pt x 72.25201pt.
 [192]
************************************************
Section 4.6 Op-Amp Output Current
************************************************
\absvshift=\dimen482
\absvshift=\dimen483
[193<./generated/preview/circuitjslinearequationsolver-2-preview.png><./generate
d/qrcode/circuitjslinearequationsolver-2.png>]
************************************************
References 4.7 References
************************************************
[194]
Overfull \hbox (11.28596pt too wide) in paragraph at lines 11872--11873
[]\TU/lmr/m/n/10 O’Don-nell, Bill. \TU/lmr/m/it/10 How to Read an Op-Amp Data Sheet. [][]\TU/lmr/m/n/10 www.physics.unlv.edu/
 []

************************************************
Exercises 4.8 Practice Problems
************************************************
[195] [196] [197] [198] [199] [200] [201] [202] [203] [204] [205] [206]
[207] [208] [209] [210] [211] [212] [213] [214]
************************************************
Chapter 5 Capacitors and RC Circuits
************************************************
[215]
Chapter 5.
[216

]
************************************************
Section 5.1 Types of Capacitors
************************************************
************************************************
Subsection 5.1.1 Non-Polarized Capacitors
************************************************
[217]
************************************************
Subsection 5.1.2 Variable Capacitors
************************************************
<external/rotary-cap.png, id=4383, 964.5636pt x 542.025pt>
File: external/rotary-cap.png Graphic file (type png)
<use external/rotary-cap.png>
Package luatex.def Info: external/rotary-cap.png  used on input line 13353.
(luatex.def)             Requested size: 341.20001pt x 191.73788pt.
[218]
************************************************
Subsection 5.1.3 Polarized Capacitors
************************************************
[219<./external/rotary-cap.png>]
************************************************
Section 5.2 Measuring Capacitance
************************************************
[220]
************************************************
Section 5.3 Voltage-Current Relationship in a Capacitor
************************************************
************************************************
Section 5.4 Equivalent Capacitance
************************************************
[221]
************************************************
Subsection 5.4.1 Series Combinations of Capacitors
************************************************
\absvshift=\dimen484
\absvshift=\dimen485
\absvshift=\dimen486
\absvshift=\dimen487
\absvshift=\dimen488
\absvshift=\dimen489

Overfull \hbox (64.56125pt too wide) detected at line 13533
[]
 []

************************************************
Subsection 5.4.2 Parallel Combinations of Capacitors
************************************************
\absvshift=\dimen490
[222] [223]
************************************************
Section 5.5 Differentiator and Integrator Circuits
************************************************
[224] [225]
************************************************
Section 5.6 Review of Important Mathematical Concepts for First-Order Circuits
************************************************
************************************************
Subsection 5.6.1 Discontinuous Functions
************************************************
************************************************
Subsection 5.6.2 First-Order, Linear, Ordinary Differential Equations
************************************************
[226]
************************************************
Section 5.7 Resistor-Capacitor (RC) Circuits
************************************************
[227]
************************************************
Subsection 5.7.1 Discharging to Zero (Homogeneous) Transient Response
************************************************
\absvshift=\dimen491
[228]
\absvshift=\dimen492
 [229] [230]
\absvshift=\dimen493
\absvshift=\dimen494
\absvshift=\dimen495
\absvshift=\dimen496
\absvshift=\dimen497
\absvshift=\dimen498
\absvshift=\dimen499
 [231] [232]
\absvshift=\dimen500
\absvshift=\dimen501
\absvshift=\dimen502
\absvshift=\dimen503
\absvshift=\dimen504
\absvshift=\dimen505
\absvshift=\dimen506
 [233] [234] [235] [236]
************************************************
Subsection 5.7.2 Charging from Zero Transient Response
************************************************
\absvshift=\dimen507
[237]
\absvshift=\dimen508
 [238]
\absvshift=\dimen509
\absvshift=\dimen510
\absvshift=\dimen511
\absvshift=\dimen512
\absvshift=\dimen513
 [239] [240] [241]
************************************************
Subsection 5.7.3 General Transient Response
************************************************
[242]
\absvshift=\dimen514
\absvshift=\dimen515
\absvshift=\dimen516
\absvshift=\dimen517
\absvshift=\dimen518
\absvshift=\dimen519
\absvshift=\dimen520
\absvshift=\dimen521
\absvshift=\dimen522
 [243] [244] [245]
\absvshift=\dimen523
\absvshift=\dimen524
\absvshift=\dimen525
\absvshift=\dimen526
\absvshift=\dimen527
\absvshift=\dimen528
 [246] [247] [248] [249]
************************************************
Exercises 5.8 Practice Problems
************************************************
[250] [251] [252] [253] [254] [255] [256] [257] [258] [259]
LUA survey failed: ...tex/generic/pgf/libraries/luamath/pgf/luamath/parser.lua:3
41: The string '18*(1-exp(-x/1.6743319)' is no valid PGF math expression. Please
 check for syntax errors.. Use \pgfplotsset{lua debug} to see more.
Package pgfplots info on input line 15765: lua backend=true: LUA version of plo
t expression failed. Using TeX version. (plot 1).
 [260]
\absvshift=\dimen529
\absvshift=\dimen530
\absvshift=\dimen531
\absvshift=\dimen532
\absvshift=\dimen533
 [261]
[262]
\absvshift=\dimen534
\absvshift=\dimen535
\absvshift=\dimen536
 [263] [264]
\absvshift=\dimen537
\absvshift=\dimen538
 [265] [266]
\absvshift=\dimen539

Overfull \hbox (159.52423pt too wide) detected at line 16239
[]
 []

\absvshift=\dimen540
\absvshift=\dimen541
\absvshift=\dimen542

Overfull \hbox (111.46767pt too wide) detected at line 16401
[]
 []

[267] [268] [269]
<generated/preview/chargingcircuitgraph-2-preview.png, id=5273, 606.265pt x 405
.515pt>
File: generated/preview/chargingcircuitgraph-2-preview.png Graphic file (type p
ng)
<use generated/preview/chargingcircuitgraph-2-preview.png>
Package luatex.def Info: generated/preview/chargingcircuitgraph-2-preview.png  
used on input line 16411.
(luatex.def)             Requested size: 150.8359pt x 100.88966pt.
<generated/qrcode/chargingcircuitgraph-2.png, id=5274, 250.9375pt x 250.9375pt>

File: generated/qrcode/chargingcircuitgraph-2.png Graphic file (type png)
<use generated/qrcode/chargingcircuitgraph-2.png>
Package luatex.def Info: generated/qrcode/chargingcircuitgraph-2.png  used on i
nput line 16416.
(luatex.def)             Requested size: 67.72865pt x 67.72722pt.
\absvshift=\dimen543
\absvshift=\dimen544
\absvshift=\dimen545
 [270<./generated/preview/chargingcircuitgraph-2-preview.png><./generated/qrcode
/chargingcircuitgraph-2.png>] [271] [272] [273]
\absvshift=\dimen546
\absvshift=\dimen547
\absvshift=\dimen548
 [274]
[275]
\absvshift=\dimen549
\absvshift=\dimen550
\absvshift=\dimen551
\absvshift=\dimen552
\absvshift=\dimen553
\absvshift=\dimen554
\absvshift=\dimen555
\absvshift=\dimen556
\absvshift=\dimen557
\absvshift=\dimen558
\absvshift=\dimen559
\absvshift=\dimen560

Overfull \hbox (42.86858pt too wide) detected at line 17085
[]
 []

[276] [277] [278] [279] [280]
\absvshift=\dimen561
\absvshift=\dimen562
\absvshift=\dimen563
\absvshift=\dimen564
\absvshift=\dimen565
\absvshift=\dimen566
\absvshift=\dimen567
\absvshift=\dimen568
 [281] [282] [283]
\absvshift=\dimen569
\absvshift=\dimen570
\absvshift=\dimen571
\absvshift=\dimen572
\absvshift=\dimen573
\absvshift=\dimen574
\absvshift=\dimen575
\absvshift=\dimen576
\absvshift=\dimen577
\absvshift=\dimen578
 [284] [285] [286]
\absvshift=\dimen579
\absvshift=\dimen580
\absvshift=\dimen581
 [287]
[288]
Overfull \hbox (390.03583pt too wide) detected at line 17759
[]
 []


Overfull \hbox (231.17502pt too wide) detected at line 17954
\OML/cmm/m/it/10 v\OT1/cmr/m/n/10 (\OML/cmm/m/it/10 t\OT1/cmr/m/n/10 ) = \U/mat
ha/m/n/10 \OT1/cmr/m/n/10 10 [] + []  \OML/cmm/m/it/10 u\OT1/cmr/m/n/10 (\OML/
cmm/m/it/10 t\OT1/cmr/m/n/10 ) \U/matha/m/n/10  []  \OML/cmm/m/it/10 u\OT1/cmr
/m/n/10 (\OML/cmm/m/it/10 t \U/matha/m/n/10  \OT1/cmr/m/n/10 0\OML/cmm/m/it/10
 :\OT1/cmr/m/n/10 015) + []  \OML/cmm/m/it/10 u\OT1/cmr/m/n/10 (\OML/cmm/m/it/1
0 t \U/matha/m/n/10  \OT1/cmr/m/n/10 0\OML/cmm/m/it/10 :\OT1/cmr/m/n/10 015)
 []


Overfull \hbox (388.27495pt too wide) detected at line 17964
[]
 []

[289] [290] [291] [292]
\absvshift=\dimen582
\absvshift=\dimen583
\absvshift=\dimen584
\absvshift=\dimen585
\absvshift=\dimen586
\absvshift=\dimen587
\absvshift=\dimen588
\absvshift=\dimen589
 [293] [294] [295] [296] [297] [298]
************************************************
Chapter 6 Inductors and RL Circuits
************************************************
[299]
Chapter 6.
[300

]
************************************************
Section 6.1 Parasitic Effects
************************************************
************************************************
Section 6.2 Measuring Inductance
************************************************
************************************************
Section 6.3 Voltage-Current Relationship in an Inductor
************************************************
[301]
************************************************
Section 6.4 Equivalent Inductance
************************************************
************************************************
Subsection 6.4.1 Series Combinations of Inductors
************************************************
\absvshift=\dimen590
\absvshift=\dimen591
\absvshift=\dimen592
\absvshift=\dimen593
\absvshift=\dimen594
\absvshift=\dimen595
[302]
************************************************
Subsection 6.4.2 Parallel Combinations of Inductors
************************************************
\absvshift=\dimen596

Overfull \hbox (71.65742pt too wide) detected at line 18635
[]
 []

[303]
************************************************
Section 6.5 Resistor-Inductor (RL) Circuits
************************************************
[304]
************************************************
Subsection 6.5.1 Discharging to Zero (Homogeneous) Transient Response
************************************************
\absvshift=\dimen597
[305] [306]
\absvshift=\dimen598
\absvshift=\dimen599
\absvshift=\dimen600
 [307] [308]
************************************************
Subsection 6.5.2 Charging from Zero Transient Response
************************************************
\absvshift=\dimen601
[309] [310]
\absvshift=\dimen602
\absvshift=\dimen603
\absvshift=\dimen604
\absvshift=\dimen605
 [311] [312]
\absvshift=\dimen606
\absvshift=\dimen607
\absvshift=\dimen608
\absvshift=\dimen609
\absvshift=\dimen610
\absvshift=\dimen611
\absvshift=\dimen612
\absvshift=\dimen613
 [313] [314] [315]
************************************************
Subsection 6.5.3 General Transient Response
************************************************

Overfull \hbox (73.09108pt too wide) detected at line 19394
[]
 []

[316]
Underfull \hbox (badness 3557) in paragraph at lines 19506--19519
[]\TU/lmr/m/n/10 This means that the equa-tion for $\OML/cmm/m/it/10 i\OT1/cmr/
m/n/10 (\OML/cmm/m/it/10 t\OT1/cmr/m/n/10 )$ \TU/lmr/m/n/10 will con-tain a term
 of
 []


Underfull \hbox (badness 10000) in paragraph at lines 19615--19629
[]\TU/lmr/m/n/10 This means the equa-tion for $\OML/cmm/m/it/10 i\OT1/cmr/m/n/1
0 (\OML/cmm/m/it/10 t\OT1/cmr/m/n/10 )$ \TU/lmr/m/n/10 will con-tain a term of
 []


Underfull \hbox (badness 1048) in paragraph at lines 19615--19629
[]  \OML/cmm/m/it/10 u\OT1/cmr/m/n/10 (\OML/cmm/m/it/10 t\OT1/cmr/m/n/10 )$\TU/
lmr/m/n/10 . The graph of $\OML/cmm/m/it/10 i\OT1/cmr/m/n/10 (\OML/cmm/m/it/10 
t\OT1/cmr/m/n/10 )$ \TU/lmr/m/n/10 in-clud-ing
 []


Overfull \hbox (180.27324pt too wide) detected at line 19635
\OML/cmm/m/it/10 i\OT1/cmr/m/n/10 (\OML/cmm/m/it/10 t\OT1/cmr/m/n/10 ) = 667 []
 \OML/cmm/m/it/10 u\OT1/cmr/m/n/10 (\U/matha/m/n/10 \OML/cmm/m/it/10 t\OT1/cmr
/m/n/10 ) + 667 [] [][] \OML/cmm/m/it/10 u\OT1/cmr/m/n/10 (\OML/cmm/m/it/10 t\O
T1/cmr/m/n/10 ) \U/matha/m/n/10  \OT1/cmr/m/n/10 33\OML/cmm/m/it/10 :\OT1/cmr/
m/n/10 2 [] [][] \OML/cmm/m/it/10 u\OT1/cmr/m/n/10 (\OML/cmm/m/it/10 t \U/matha
/m/n/10  \OT1/cmr/m/n/10 0\OML/cmm/m/it/10 :\OT1/cmr/m/n/10 005) + []  \OML/cm
m/m/it/10 u\OT1/cmr/m/n/10 (\OML/cmm/m/it/10 t\OT1/cmr/m/n/10 )
 []

[317] [318] [319] [320]
\absvshift=\dimen614
\absvshift=\dimen615
\absvshift=\dimen616
\absvshift=\dimen617
\absvshift=\dimen618
\absvshift=\dimen619
\absvshift=\dimen620
\absvshift=\dimen621
\absvshift=\dimen622

Underfull \hbox (badness 10000) in paragraph at lines 20037--20051
[]\TU/lmr/m/n/10 This means the equa-tion for $\OML/cmm/m/it/10 i\OT1/cmr/m/n/1
0 (\OML/cmm/m/it/10 t\OT1/cmr/m/n/10 )$ \TU/lmr/m/n/10 will have a term of
 []


Underfull \hbox (badness 1478) in paragraph at lines 20037--20051
[]  \OML/cmm/m/it/10 u\OT1/cmr/m/n/10 (\OML/cmm/m/it/10 t\OT1/cmr/m/n/10 )$\TU/
lmr/m/n/10 . The graph of the cur-rent so far is
 []


Underfull \hbox (badness 10000) in paragraph at lines 20064--20079
[]\TU/lmr/m/n/10 The equa-tion for $\OML/cmm/m/it/10 i\OT1/cmr/m/n/10 (\OML/cmm
/m/it/10 t\OT1/cmr/m/n/10 )$ \TU/lmr/m/n/10 will con-tain a term of
 []

\absvshift=\dimen623
\absvshift=\dimen624
\absvshift=\dimen625

Overfull \hbox (162.14891pt too wide) detected at line 20233
\OML/cmm/m/it/10 i\OT1/cmr/m/n/10 (\OML/cmm/m/it/10 t\OT1/cmr/m/n/10 ) = []  \O
ML/cmm/m/it/10 u\OT1/cmr/m/n/10 (\OML/cmm/m/it/10 t\OT1/cmr/m/n/10 ) + []  \OML
/cmm/m/it/10 u\OT1/cmr/m/n/10 (\OML/cmm/m/it/10 t \U/matha/m/n/10  \OT1/cmr/m/
n/10 0\OML/cmm/m/it/10 :\OT1/cmr/m/n/10 01) \U/matha/m/n/10  \OT1/cmr/m/n/10 0\OML/cmm/m/it/10 :\OT1/cmr/m/n/10 583 [] [][] \OML/cmm/m/it/10 u\OT1/cmr/m/n/10 (\OML/cmm/m/it/10 t \U/matha/m/n/10  \OT1/cmr/m/n/10 0\OML/cmm/m/it/10 :\OT1/cmr/m/n/10 01)
 []


Overfull \hbox (229.17828pt too wide) detected at line 20243
[]
 []

[321] [322] [323] [324] [325] [326] [327] [328]
************************************************
Exercises 6.6 Practice Problems
************************************************
[329] [330] [331] [332] [333] [334] [335] [336] [337] [338] [339] [340]
[341]
\absvshift=\dimen626
\absvshift=\dimen627
\absvshift=\dimen628
 [342] [343]
\absvshift=\dimen629
\absvshift=\dimen630
\absvshift=\dimen631
\absvshift=\dimen632
\absvshift=\dimen633
 [344] [345]
\absvshift=\dimen634
\absvshift=\dimen635
\absvshift=\dimen636
 [346]
\absvshift=\dimen637
\absvshift=\dimen638
\absvshift=\dimen639
\absvshift=\dimen640
 [347] [348]
\absvshift=\dimen641
\absvshift=\dimen642
\absvshift=\dimen643
 [349] [350] [351] [352]
[353]
\absvshift=\dimen644
\absvshift=\dimen645
 [354] [355]
\absvshift=\dimen646
\absvshift=\dimen647
\absvshift=\dimen648
 [356] [357]
\absvshift=\dimen649
\absvshift=\dimen650
\absvshift=\dimen651
\absvshift=\dimen652
 [358] [359]
Overfull \hbox (1.51448pt too wide) detected at line 22432
[]
 []

[360] [361]
\absvshift=\dimen653
\absvshift=\dimen654
 [362] [363] [364] [365] [366]
\absvshift=\dimen655
\absvshift=\dimen656
 [367] [368] [369]
\absvshift=\dimen657
\absvshift=\dimen658
 [370] [371]
[372]
\absvshift=\dimen659
\absvshift=\dimen660
\absvshift=\dimen661
\absvshift=\dimen662
\absvshift=\dimen663
\absvshift=\dimen664
 [373

] [374] [375]
\absvshift=\dimen665
\absvshift=\dimen666
\absvshift=\dimen667
\absvshift=\dimen668
\absvshift=\dimen669
\absvshift=\dimen670
\absvshift=\dimen671
\absvshift=\dimen672
\absvshift=\dimen673
\absvshift=\dimen674

Overfull \hbox (48.88757pt too wide) detected at line 23808
[]
 []

[376] [377] [378] [379] [380]
\absvshift=\dimen675
\absvshift=\dimen676
 [381] [382] [383] [384] [385] [386]
************************************************
Chapter 7 Second-Order Circuits
************************************************
[387]
Chapter 7.
[388

]
************************************************
Section 7.1 Review of Important Mathematical Concepts for Second-Order Circuits

************************************************
[389]
************************************************
Section 7.2 Circuit Damping
************************************************
[390]
************************************************
Subsection 7.2.1 Overdamped
************************************************
************************************************
Subsection 7.2.2 Underdamped
************************************************
[391]
************************************************
Subsection 7.2.3 Critically Damped
************************************************
************************************************
Section 7.3 The Series RLC Circuit
************************************************
[392]
\absvshift=\dimen677

************************************************
Subsection 7.3.1 Homogeneous Series RLC Circuits
************************************************
\absvshift=\dimen678
[393]
************************************************
Subsection 7.3.2 Non-Homogeneous Series RLC Circuits
************************************************
[394]
\absvshift=\dimen679

************************************************
Section 7.4 The Parallel RLC Circuit
************************************************
[395]
\absvshift=\dimen680

************************************************
Subsection 7.4.1 Homogeneous Parallel RLC Circuits
************************************************
\absvshift=\dimen681
[396]
************************************************
Subsection 7.4.2 Non-Homogeneous Parallel RLC Circuits
************************************************
\absvshift=\dimen682
[397]
************************************************
Subsection 7.4.3 Analysis with Parasitic Resistance
************************************************
\absvshift=\dimen683
\absvshift=\dimen684
[398] [399]
************************************************
Section 7.5 Homogeneous Second-Order Circuits
************************************************
************************************************
Subsection 7.5.1 The Overdamped Solution
************************************************
[400]
************************************************
Subsection 7.5.2 The Underdamped Solution
************************************************
[401]
************************************************
Subsection 7.5.3 The Critically Damped Solution
************************************************
************************************************
Subsection 7.5.4 Examples
************************************************
\absvshift=\dimen685
\absvshift=\dimen686
\absvshift=\dimen687
\absvshift=\dimen688
\absvshift=\dimen689

Overfull \hbox (13.40099pt too wide) detected at line 25213
\OML/cmm/m/it/10 v\OT1/cmr/m/n/10 (\OML/cmm/m/it/10 t\OT1/cmr/m/n/10 ) = [][] [
]  \OML/cmm/m/it/10 u\OT1/cmr/m/n/10 (\OML/cmm/m/it/10 t\OT1/cmr/m/n/10 ) + 13\
OML/cmm/m/it/10 :\OT1/cmr/m/n/10 75 [] \OML/cmm/m/it/10 u\OT1/cmr/m/n/10 (\U/ma
tha/m/n/10 \OML/cmm/m/it/10 t\OT1/cmr/m/n/10 )
 []

[402] [403] [404]
\absvshift=\dimen690
\absvshift=\dimen691
\absvshift=\dimen692
\absvshift=\dimen693
 [405] [406]
\absvshift=\dimen694
\absvshift=\dimen695
 [407] [408]
\absvshift=\dimen696
\absvshift=\dimen697
\absvshift=\dimen698
\absvshift=\dimen699
 [409] [410]
\absvshift=\dimen700
\absvshift=\dimen701
\absvshift=\dimen702
\absvshift=\dimen703
\absvshift=\dimen704

Overfull \hbox (69.2953pt too wide) detected at line 25764
[]
 []

[411
Missing character: There is no d (U+0064) in font nullfont!
Missing character: There is no r (U+0072) in font nullfont!
Missing character: There is no a (U+0061) in font nullfont!
Missing character: There is no w (U+0077) in font nullfont!
Missing character: There is no [ (U+005B) in font nullfont!
Missing character: There is no ] (U+005D) in font nullfont!
Missing character: There is no ( (U+0028) in font nullfont!
Missing character: There is no 0 (U+0030) in font nullfont!
Missing character: There is no , (U+002C) in font nullfont!
Missing character: There is no 0 (U+0030) in font nullfont!
Missing character: There is no ) (U+0029) in font nullfont!
Missing character: There is no t (U+0074) in font nullfont!
Missing character: There is no o (U+006F) in font nullfont!
Missing character: There is no [ (U+005B) in font nullfont!
Missing character: There is no s (U+0073) in font nullfont!
Missing character: There is no h (U+0068) in font nullfont!
Missing character: There is no o (U+006F) in font nullfont!
Missing character: There is no r (U+0072) in font nullfont!
Missing character: There is no t (U+0074) in font nullfont!
Missing character: There is no ] (U+005D) in font nullfont!
Missing character: There is no ( (U+0028) in font nullfont!
Missing character: There is no 7 (U+0037) in font nullfont!
Missing character: There is no . (U+002E) in font nullfont!
Missing character: There is no 5 (U+0035) in font nullfont!
Missing character: There is no , (U+002C) in font nullfont!
Missing character: There is no 0 (U+0030) in font nullfont!
Missing character: There is no ) (U+0029) in font nullfont!
Missing character: There is no ; (U+003B) in font nullfont!
] [412] [413]
************************************************
Section 7.6 Constant-Input Non-Homogeneous Second-Order Circuits
************************************************
[414]
************************************************
Subsection 7.6.1 The Overdamped Solution
************************************************

Overfull \hbox (84.07956pt too wide) detected at line 25921
[]
 []

[415]
************************************************
Subsection 7.6.2 The Underdamped Solution
************************************************
[416]
************************************************
Subsection 7.6.3 The Critically Damped Solution
************************************************
[417]
************************************************
Subsection 7.6.4 Examples
************************************************
\absvshift=\dimen705
\absvshift=\dimen706
\absvshift=\dimen707
\absvshift=\dimen708
\absvshift=\dimen709
\absvshift=\dimen710
\absvshift=\dimen711

Overfull \hbox (164.78389pt too wide) detected at line 26170
[]
 []

[418] [419] [420]
************************************************
Section 7.7 Non-Constant Input Non-Homogeneous Second-Order Circuits
************************************************

Overfull \hbox (15.49045pt too wide) in paragraph at lines 26246--26246
|[]\TU/lmr/bx/n/14.4 Non-Constant In-put Non-Homogeneous Second-
 []

[421]
************************************************
Subsection 7.7.1 Examples
************************************************
[422] [423]
\absvshift=\dimen712
\absvshift=\dimen713

Overfull \hbox (48.8897pt too wide) detected at line 26698
[]
 []

[424

] [425] [426] [427]
************************************************
Exercises 7.8 Practice Problems
************************************************
\absvshift=\dimen714
\absvshift=\dimen715
\absvshift=\dimen716
[428]
\absvshift=\dimen717

Overfull \hbox (46.8106pt too wide) detected at line 26861
\OML/cmm/m/it/10 v\OT1/cmr/m/n/10 (\OML/cmm/m/it/10 t\OT1/cmr/m/n/10 ) = []  \O
ML/cmm/m/it/10 u\OT1/cmr/m/n/10 (\OML/cmm/m/it/10 t\OT1/cmr/m/n/10 ) + 26 [] \O
ML/cmm/m/it/10 u\OT1/cmr/m/n/10 (\U/matha/m/n/10 \OML/cmm/m/it/10 t\OT1/cmr/m/
n/10 )
 []

\absvshift=\dimen718
\absvshift=\dimen719
\absvshift=\dimen720
\absvshift=\dimen721

Overfull \hbox (46.8106pt too wide) detected at line 27000
\OML/cmm/m/it/10 v\OT1/cmr/m/n/10 (\OML/cmm/m/it/10 t\OT1/cmr/m/n/10 ) = []  \O
ML/cmm/m/it/10 u\OT1/cmr/m/n/10 (\OML/cmm/m/it/10 t\OT1/cmr/m/n/10 ) + 26 [] \O
ML/cmm/m/it/10 u\OT1/cmr/m/n/10 (\U/matha/m/n/10 \OML/cmm/m/it/10 t\OT1/cmr/m/
n/10 )
 []

[429] [430] [431]
\absvshift=\dimen722
\absvshift=\dimen723
\absvshift=\dimen724
 [432] [433]
\absvshift=\dimen725
\absvshift=\dimen726
\absvshift=\dimen727
\absvshift=\dimen728
 [434] [435]
\absvshift=\dimen729
\absvshift=\dimen730
\absvshift=\dimen731
 [436]
\absvshift=\dimen732
\absvshift=\dimen733
\absvshift=\dimen734
 [437] [438] [439]
\absvshift=\dimen735
\absvshift=\dimen736
\absvshift=\dimen737
\absvshift=\dimen738
\absvshift=\dimen739
\absvshift=\dimen740
\absvshift=\dimen741
 [440]
[441] [442]
\absvshift=\dimen742

Overfull \hbox (2.18216pt too wide) detected at line 27767
\OT1/cmr/m/n/10 0 = [] + [] [] + [] \OML/cmm/m/it/10 i\OT1/cmr/m/n/10 (\OML/cmm
/m/it/10 t\OT1/cmr/m/n/10 )
 []

\absvshift=\dimen743

Overfull \hbox (95.8453pt too wide) detected at line 27835
[]
 []

[443]
\absvshift=\dimen744

Overfull \hbox (0.55898pt too wide) detected at line 27860
\OML/cmm/m/it/10 i\OT1/cmr/m/n/10 (\OML/cmm/m/it/10 t\OT1/cmr/m/n/10 ) = [][] [
] \OML/cmm/m/it/10 u\OT1/cmr/m/n/10 (\OML/cmm/m/it/10 t\OT1/cmr/m/n/10 ) + 66\O
ML/cmm/m/it/10 :\OT1/cmr/m/n/10 7 [] \OML/cmm/m/it/10 u\OT1/cmr/m/n/10 (\U/math
a/m/n/10 \OML/cmm/m/it/10 t\OT1/cmr/m/n/10 )
 []

\absvshift=\dimen745
\absvshift=\dimen746

Overfull \hbox (0.55898pt too wide) detected at line 27993
\OML/cmm/m/it/10 i\OT1/cmr/m/n/10 (\OML/cmm/m/it/10 t\OT1/cmr/m/n/10 ) = [][] [
] \OML/cmm/m/it/10 u\OT1/cmr/m/n/10 (\OML/cmm/m/it/10 t\OT1/cmr/m/n/10 ) + 66\O
ML/cmm/m/it/10 :\OT1/cmr/m/n/10 7 [] \OML/cmm/m/it/10 u\OT1/cmr/m/n/10 (\U/math
a/m/n/10 \OML/cmm/m/it/10 t\OT1/cmr/m/n/10 )
 []

[444] [445] [446]
\absvshift=\dimen747
\absvshift=\dimen748
\absvshift=\dimen749
\absvshift=\dimen750
\absvshift=\dimen751
\absvshift=\dimen752
 [447

] [448] [449]
\absvshift=\dimen753
\absvshift=\dimen754
\absvshift=\dimen755
\absvshift=\dimen756
\absvshift=\dimen757
\absvshift=\dimen758
\absvshift=\dimen759
\absvshift=\dimen760
\absvshift=\dimen761
\absvshift=\dimen762

Overfull \hbox (107.1856pt too wide) detected at line 28350
[]
 []

[450] [451] [452]
\absvshift=\dimen763
\absvshift=\dimen764
\absvshift=\dimen765

Overfull \hbox (12.77911pt too wide) detected at line 28519
[]
 []

[453

] [454
Missing character: There is no ; (U+003B) in font nullfont!
]
\absvshift=\dimen766
\absvshift=\dimen767
\absvshift=\dimen768


LaTeX Warning: Hyper reference `ch7-nonhomogeneous-ex3-kcl' on page 455 undefin
ed on input line 28682.


LaTeX Warning: Reference `ch7-nonhomogeneous-ex3-kcl' on page 455 undefined on 
input line 28682.

[455] [456] [457]
\absvshift=\dimen769
\absvshift=\dimen770
\absvshift=\dimen771
 [458] [459]
\absvshift=\dimen772
\absvshift=\dimen773
\absvshift=\dimen774
\absvshift=\dimen775

Overfull \hbox (116.05247pt too wide) detected at line 29016
[]
 []


Overfull \hbox (226.10638pt too wide) detected at line 29036
[]
 []

[460] [461] [462] [463]
\absvshift=\dimen776
\absvshift=\dimen777
 [464] [465]
\absvshift=\dimen778
\absvshift=\dimen779
\absvshift=\dimen780
 [466] [467]
\absvshift=\dimen781
\absvshift=\dimen782
\absvshift=\dimen783
\absvshift=\dimen784

Overfull \hbox (2.53995pt too wide) detected at line 29515
\OML/cmm/m/it/10 v\OT1/cmr/m/n/10 (\OML/cmm/m/it/10 t\OT1/cmr/m/n/10 ) = []  \O
ML/cmm/m/it/10 u\OT1/cmr/m/n/10 (\OML/cmm/m/it/10 t\OT1/cmr/m/n/10 )
 []


Overfull \hbox (27.54349pt too wide) detected at line 29544
[]
 []

[468] [469] [470]
Overfull \hbox (50.61844pt too wide) detected at line 29707
[]
 []

[471] [472] [473]
Overfull \hbox (51.67596pt too wide) detected at line 29791
\U/matha/m/n/10 [][] \OT1/cmr/m/n/10 = [] + [] [] + [] \OML/cmm/m/it/10 v\OT1/
cmr/m/n/10 (\OML/cmm/m/it/10 t\OT1/cmr/m/n/10 )
 []


Overfull \hbox (79.88037pt too wide) detected at line 29819
[]
 []

[474]
************************************************
Chapter 8 Phasors and Impedances
************************************************
[475]
Chapter 8.
[476

]
************************************************
Section 8.1 Phasor Arithmetic
************************************************
[477]
************************************************
Subsection 8.1.1 Cartesian to Polar Conversion
************************************************
************************************************
Subsection 8.1.2 Polar to Cartesian Conversion
************************************************
[478]
************************************************
Subsection 8.1.3 Phasor Addition and Subtraction
************************************************
[479]
************************************************
Subsection 8.1.4 Phasor Multiplication and Division
************************************************
[480]
************************************************
Subsection 8.1.5 Phasor Time-Differentiation and Time-Integration
************************************************
[481]
************************************************
Section 8.2 Impedance
************************************************
************************************************
Subsection 8.2.1 Impedance in Resistors
************************************************
[482]
************************************************
Subsection 8.2.2 Impedance in Capacitors
************************************************
************************************************
Subsection 8.2.3 Impedance in Inductors
************************************************
[483]
************************************************
Subsection 8.2.4 Equivalent Impedance
************************************************
[484] [485] [486]
************************************************
Section 8.3 Delta-Wye and Wye-Delta Transforms
************************************************
[487] [488] [489] [490] [491] [492] [493]
************************************************
Exercises 8.4 Practice Problems
************************************************
[494] [495] [496] [497] [498] [499] [500] [501] [502] [503]
Underfull \hbox (badness 1502) in paragraph at lines 31684--31685
[]\TU/lmr/m/n/10 The 2.68+j4.98 Ω im-ped-ance is con-nected in se-ries with the

 []

[504] [505] [506] [507] [508]
Overfull \hbox (81.57964pt too wide) detected at line 32001
[]
 []

[509] [510] [511] [512]
************************************************
Chapter 9 Analysis of Phasor-Transformed Circuits
************************************************
[513]
Chapter 9.

Overfull \hbox (38.74086pt too wide) in paragraph at lines 32111--32111
|\TU/lmr/bx/n/24.88 Analy-sis of Phasor-Transformed
 []

************************************************
Section 9.1 Complex Circuit Analysis Techniques
************************************************
************************************************
Subsection 9.1.1 Complex Voltage Divider
************************************************
\absvshift=\dimen785
\absvshift=\dimen786
\absvshift=\dimen787
\absvshift=\dimen788
[514

] [515]
************************************************
Subsection 9.1.2 Complex Current Divider
************************************************
[516] [517] [518] [519]
************************************************
Subsection 9.1.3 Complex KCL and KVL Analysis
************************************************

Overfull \hbox (32.2859pt too wide) detected at line 32614
[]
 []

[520] [521] [522]
************************************************
Subsection 9.1.4 Complex Mesh Analysis
************************************************
\absvshift=\dimen789
\absvshift=\dimen790
\absvshift=\dimen791

Overfull \hbox (1.48425pt too wide) detected at line 32780
[]
 []

[523] [524] [525]
************************************************
Subsection 9.1.5 Complex Superposition
************************************************
\absvshift=\dimen792
\absvshift=\dimen793
\absvshift=\dimen794
\absvshift=\dimen795
\absvshift=\dimen796
\absvshift=\dimen797
\absvshift=\dimen798
\absvshift=\dimen799
[526] [527] [528]
************************************************
Subsection 9.1.6 Complex Source Transformation
************************************************
\absvshift=\dimen800
\absvshift=\dimen801
[529]
\absvshift=\dimen802
\absvshift=\dimen803
\absvshift=\dimen804
\absvshift=\dimen805
\absvshift=\dimen806
\absvshift=\dimen807
 [530] [531]
************************************************
Subsection 9.1.7 Complex Thévenin's and Norton's Theorems
************************************************
[532]
\absvshift=\dimen808
\absvshift=\dimen809
\absvshift=\dimen810
 [533] [534] [535] [536] [537] [538] [539]
************************************************
Section 9.2 Transfer Functions
************************************************
[540]
\absvshift=\dimen811
 [541]
\absvshift=\dimen812
 [542]
\absvshift=\dimen813
Package pgfplots info on input line 33952: Using 'lua backend=false' for axis: 
xmode=log unsupported (yet).
Package pgfplots info on input line 33952: Using 'lua backend=false' for axis: 
ymode=log unsupported (yet).
Package pgfplots info on input line 33952: Using 'lua backend=false' for axis: 
xmode=log unsupported (yet).
 [543]
************************************************
Subsection 9.2.1 Relating Transfer Functions and Differential Equations
************************************************
************************************************
Subsection 9.2.2 Understanding Transfer Function Poles and Zeros
************************************************
[544] [545]
LUA survey failed: ...tex/generic/pgf/libraries/luamath/pgf/luamath/parser.lua:3
41: The string '1-exp(-x)-x*exp(-x))' is no valid PGF math expression. Please ch
eck for syntax errors.. Use \pgfplotsset{lua debug} to see more.
Package pgfplots info on input line 34116: lua backend=true: LUA version of plo
t expression failed. Using TeX version. (plot 1).
 [546] [547]

Package pgfplots Warning: Axis range for axis y is approximately empty; enlargi
ng it (it is [0.0:0.0]) on input line 34241.

 [warning /pgfplots/warning/approx empty range enlarged]
************************************************
Section 9.3 Passive Filters
************************************************
[548] [549]
************************************************
Subsection 9.3.1 Low-Pass Filters (LPF)
************************************************
Package pgfplots info on input line 34341: Using 'lua backend=false' for axis: 
xmode=log unsupported (yet).
Package pgfplots info on input line 34341: Using 'lua backend=false' for axis: 
ymode=log unsupported (yet).
Package pgfplots info on input line 34356: Using 'lua backend=false' for axis: 
xmode=log unsupported (yet).
Package pgfplots info on input line 34356: Using 'lua backend=false' for axis: 
ymode=log unsupported (yet).
\absvshift=\dimen814
\absvshift=\dimen815
[550]
\absvshift=\dimen816
Package pgfplots info on input line 34510: Using 'lua backend=false' for axis: 
xmode=log unsupported (yet).
Package pgfplots info on input line 34510: Using 'lua backend=false' for axis: 
ymode=log unsupported (yet).
Package pgfplots info on input line 34510: Using 'lua backend=false' for axis: 
xmode=log unsupported (yet).
 [551] [552] [553]
************************************************
Subsection 9.3.2 High-Pass Filters (HPF)
************************************************
Package pgfplots info on input line 34539: Using 'lua backend=false' for axis: 
xmode=log unsupported (yet).
Package pgfplots info on input line 34539: Using 'lua backend=false' for axis: 
ymode=log unsupported (yet).
Package pgfplots info on input line 34554: Using 'lua backend=false' for axis: 
xmode=log unsupported (yet).
Package pgfplots info on input line 34554: Using 'lua backend=false' for axis: 
ymode=log unsupported (yet).
\absvshift=\dimen817
\absvshift=\dimen818
[554]
\absvshift=\dimen819
Package pgfplots info on input line 34701: Using 'lua backend=false' for axis: 
xmode=log unsupported (yet).
Package pgfplots info on input line 34701: Using 'lua backend=false' for axis: 
ymode=log unsupported (yet).
Package pgfplots info on input line 34701: Using 'lua backend=false' for axis: 
xmode=log unsupported (yet).
 [555] [556]
************************************************
Subsection 9.3.3 Band-Pass and Band-Stop Filters
************************************************
[557] [558]
************************************************
Subsection 9.3.4 Band-Pass Filters (BPF)
************************************************
[559]
Package pgfplots info on input line 34875: Using 'lua backend=false' for axis: 
xmode=log unsupported (yet).
Package pgfplots info on input line 34875: Using 'lua backend=false' for axis: 
ymode=log unsupported (yet).
Package pgfplots info on input line 34893: Using 'lua backend=false' for axis: 
xmode=log unsupported (yet).
Package pgfplots info on input line 34893: Using 'lua backend=false' for axis: 
ymode=log unsupported (yet).
\absvshift=\dimen820

Overfull \hbox (28.55801pt too wide) detected at line 34919
[][] \OT1/cmr/m/n/10 = [] + [] [] + [] \OML/cmm/m/it/10 v[]\OT1/cmr/m/n/10 (\OM
L/cmm/m/it/10 t\OT1/cmr/m/n/10 )
 []

Package pgfplots info on input line 35033: Using 'lua backend=false' for axis: 
xmode=log unsupported (yet).
Package pgfplots info on input line 35033: Using 'lua backend=false' for axis: 
ymode=log unsupported (yet).
Package pgfplots info on input line 35033: Using 'lua backend=false' for axis: 
xmode=log unsupported (yet).
[560] [561] [562]
************************************************
Subsection 9.3.5 Band-Stop Filters (BSF)
************************************************
Package pgfplots info on input line 35063: Using 'lua backend=false' for axis: 
xmode=log unsupported (yet).
Package pgfplots info on input line 35063: Using 'lua backend=false' for axis: 
ymode=log unsupported (yet).
[563]
Package pgfplots info on input line 35081: Using 'lua backend=false' for axis: 
xmode=log unsupported (yet).
Package pgfplots info on input line 35081: Using 'lua backend=false' for axis: 
ymode=log unsupported (yet).
\absvshift=\dimen821
Package pgfplots info on input line 35179: Using 'lua backend=false' for axis: 
xmode=log unsupported (yet).
Package pgfplots info on input line 35179: Using 'lua backend=false' for axis: 
ymode=log unsupported (yet).
Package pgfplots info on input line 35179: Using 'lua backend=false' for axis: 
xmode=log unsupported (yet).
 [564] [565]
************************************************
Subsection 9.3.6 Determining Filter Type
************************************************
\absvshift=\dimen822
\absvshift=\dimen823
\absvshift=\dimen824
[566]
\absvshift=\dimen825
\absvshift=\dimen826
\absvshift=\dimen827
 [567]
************************************************
Section 9.4 Active Filters
************************************************
************************************************
Subsection 9.4.1 First-Order Active Filters
************************************************
\absvshift=\dimen828
\absvshift=\dimen829
\absvshift=\dimen830
[568] [569]
\absvshift=\dimen831
\absvshift=\dimen832
\absvshift=\dimen833
 [570]
************************************************
Subsection 9.4.2 Cascaded Active Filters
************************************************
\absvshift=\dimen834
[571]
\absvshift=\dimen835
 [572]
************************************************
Subsection 9.4.3 Other Active Filter Topologies
************************************************
\absvshift=\dimen836
[573]
Overfull \hbox (6.93103pt too wide) detected at line 35728
[][][][]\OML/cmm/m/it/10 v[]\OT1/cmr/m/n/10 (\OML/cmm/m/it/10 t\OT1/cmr/m/n/10 
) = [] + [] [] + [] \OML/cmm/m/it/10 v[]\OT1/cmr/m/n/10 (\OML/cmm/m/it/10 t\OT1
/cmr/m/n/10 )
 []


Overfull \hbox (30.5944pt too wide) detected at line 35741
[]
 []

************************************************
References 9.5 References
************************************************
************************************************
Exercises 9.6 Practice Problems
************************************************
\absvshift=\dimen837
\absvshift=\dimen838
[574]
\absvshift=\dimen839
\absvshift=\dimen840
 [575] [576] [577]
\absvshift=\dimen841
\absvshift=\dimen842
\absvshift=\dimen843
 [578] [579]
\absvshift=\dimen844
\absvshift=\dimen845
 [580]
\absvshift=\dimen846
\absvshift=\dimen847
\absvshift=\dimen848
 [581] [582]
\absvshift=\dimen849
\absvshift=\dimen850
\absvshift=\dimen851
 [583]
\absvshift=\dimen852
\absvshift=\dimen853
 [584] [585]
\absvshift=\dimen854
\absvshift=\dimen855
\absvshift=\dimen856
\absvshift=\dimen857

[586] [587]
\absvshift=\dimen858
 [588] [589] [590]
\absvshift=\dimen859
\absvshift=\dimen860
 [591]
\absvshift=\dimen861
\absvshift=\dimen862
 [592] [593]
\absvshift=\dimen863
\absvshift=\dimen864
 [594] [595]
\absvshift=\dimen865
\absvshift=\dimen866
\absvshift=\dimen867
\absvshift=\dimen868
 [596]
\absvshift=\dimen869
\absvshift=\dimen870
\absvshift=\dimen871
\absvshift=\dimen872
\absvshift=\dimen873
 [597]
[598]
\absvshift=\dimen874
\absvshift=\dimen875
\absvshift=\dimen876
\absvshift=\dimen877
\absvshift=\dimen878
 [599] [600] [601] [602] [603] [604]
Overfull \hbox (195.60109pt too wide) detected at line 38212
[]
 []


Overfull \hbox (271.54146pt too wide) detected at line 38251
[]
 []

[605] [606] [607] [608]
\absvshift=\dimen879
\absvshift=\dimen880
\absvshift=\dimen881
\absvshift=\dimen882
 [609

]
\absvshift=\dimen883
\absvshift=\dimen884
 [610] [611] [612]
\absvshift=\dimen885
\absvshift=\dimen886
\absvshift=\dimen887
\absvshift=\dimen888
\absvshift=\dimen889
\absvshift=\dimen890
 [613] [614]
\absvshift=\dimen891
\absvshift=\dimen892
\absvshift=\dimen893
\absvshift=\dimen894
\absvshift=\dimen895
\absvshift=\dimen896
 [615] [616]
[617] [618] [619] [620] [621] [622]
\absvshift=\dimen897
\absvshift=\dimen898
\absvshift=\dimen899
 [623] [624]
\absvshift=\dimen900
\absvshift=\dimen901
\absvshift=\dimen902
 [625] [626] [627]
\absvshift=\dimen903
\absvshift=\dimen904
\absvshift=\dimen905
 [628]
\absvshift=\dimen906
\absvshift=\dimen907
\absvshift=\dimen908

[629]
\absvshift=\dimen909
\absvshift=\dimen910
\absvshift=\dimen911
 [630] [631]
\absvshift=\dimen912
\absvshift=\dimen913
\absvshift=\dimen914
 [632]
\absvshift=\dimen915
\absvshift=\dimen916
\absvshift=\dimen917
 [633] [634]
\absvshift=\dimen918
\absvshift=\dimen919
\absvshift=\dimen920
 [635]
\absvshift=\dimen921
\absvshift=\dimen922
\absvshift=\dimen923
 [636] [637]
\absvshift=\dimen924
\absvshift=\dimen925
\absvshift=\dimen926
 [638]
\absvshift=\dimen927
\absvshift=\dimen928
\absvshift=\dimen929
 [639] [640]
\absvshift=\dimen930
\absvshift=\dimen931
\absvshift=\dimen932

[641] [642]
************************************************
Chapter 10 AC Power
************************************************
[643]
Chapter 10.
************************************************
Section 10.1 Phase and Root Mean Square (RMS)
************************************************
[644

]
************************************************
Section 10.2 AC Power
************************************************
[645]
************************************************
Subsection 10.2.1 Instantaneous Power
************************************************
************************************************
Subsection 10.2.2 Complex and Apparent Power
************************************************
[646]
************************************************
Subsection 10.2.3 Average Power
************************************************
[647]
************************************************
Subsection 10.2.4 Reactive Power
************************************************
************************************************
Subsection 10.2.5 Power Triangle and Power Factor
************************************************
[648] [649] [650] [651]
************************************************
Section 10.3 Maximum Power Transfer
************************************************
[652] [653] [654]
************************************************
Section 10.4 Power Factor Correction
************************************************
************************************************
Subsection 10.4.1 Correcting an Inductive Load
************************************************
[655] [656] [657] [658]
************************************************
Subsection 10.4.2 Correcting a Capacitive Load
************************************************
[659

] [660]
************************************************
Exercises 10.5 Practice Problems
************************************************
[661] [662] [663] [664] [665] [666

] [667] [668] [669] [670] [671] [672]
[673] [674] [675] [676] [677] [678] [679] [680] [681] [682] [683] [684]
************************************************
Chapter 11 Laplace Transforms and s-Domain Analysis
************************************************
[685]
Chapter 11.
************************************************
Section 11.1 The Laplace Transform
************************************************
[686

] [687] [688]
************************************************
Section 11.2 Inverse Laplace Transform
************************************************
************************************************
Subsection 11.2.1 Partial Fraction Expansion
************************************************
[689] [690] [691]
Overfull \hbox (131.84035pt too wide) detected at line 43896
[]
 []

[692]
Overfull \hbox (133.44957pt too wide) detected at line 43950
[]
 []


Overfull \hbox (366.31827pt too wide) detected at line 43963
[]
 []


Overfull \hbox (344.32382pt too wide) detected at line 43975
[]
 []


Overfull \hbox (250.29576pt too wide) detected at line 43987
[]
 []


Overfull \hbox (33.54825pt too wide) detected at line 43995
\OML/cmm/m/it/10 F\OT1/cmr/m/n/10 (\OML/cmm/m/it/10 s\OT1/cmr/m/n/10 ) = [] + [
] + [] + [] + []
 []


Overfull \hbox (39.82294pt too wide) detected at line 44003
\OML/cmm/m/it/10 f\OT1/cmr/m/n/10 (\OML/cmm/m/it/10 t\OT1/cmr/m/n/10 ) = []  \O
ML/cmm/m/it/10 u\OT1/cmr/m/n/10 (\OML/cmm/m/it/10 t\OT1/cmr/m/n/10 )
 []

[693]
************************************************
Section 11.3 \(s\)-Domain Analysis
************************************************

Package hyperref Warning: Token not allowed in a PDF string (Unicode):
(hyperref)                removing `math shift' on input line 44014.

[694]
************************************************
Subsection 11.3.1 Resistor
************************************************
\absvshift=\dimen933
\absvshift=\dimen934
************************************************
Subsection 11.3.2 Capacitor
************************************************
\absvshift=\dimen935
\absvshift=\dimen936
[695]
************************************************
Subsection 11.3.3 Inductor
************************************************
\absvshift=\dimen937
\absvshift=\dimen938
************************************************
Subsection 11.3.4 Switched Sources
************************************************
[696]
\absvshift=\dimen939
\absvshift=\dimen940
\absvshift=\dimen941

Overfull \hbox (12.29474pt too wide) detected at line 44231
[]
 []


Overfull \hbox (44.63893pt too wide) detected at line 44266
[]
 []

[697] [698]
\absvshift=\dimen942
\absvshift=\dimen943
\absvshift=\dimen944
 [699] [700]
\absvshift=\dimen945
\absvshift=\dimen946

Overfull \hbox (315.49602pt too wide) detected at line 44428
[]
 []


Overfull \hbox (645.9695pt too wide) detected at line 44449
[]
 []

[701] [702]
************************************************
Exercises 11.4 Practice Problems
************************************************
[703] [704]
Overfull \hbox (46.38841pt too wide) detected at line 44711
[]
 []


Overfull \hbox (95.55785pt too wide) detected at line 44724
[]
 []

[705] [706]
Overfull \hbox (195.90878pt too wide) detected at line 44815
[]
 []


Overfull \hbox (158.31432pt too wide) detected at line 44835
[]
 []


Overfull \hbox (158.31432pt too wide) detected at line 44847
[]
 []

[707] [708]
Overfull \hbox (36.40025pt too wide) detected at line 44894
\OML/cmm/m/it/10 f\OT1/cmr/m/n/10 (\OML/cmm/m/it/10 t\OT1/cmr/m/n/10 ) = []  \O
ML/cmm/m/it/10 u\OT1/cmr/m/n/10 (\OML/cmm/m/it/10 t\OT1/cmr/m/n/10 )
 []


Overfull \hbox (256.61696pt too wide) detected at line 44924
[]
 []


Overfull \hbox (318.07875pt too wide) detected at line 44937
[]
 []


Overfull \hbox (481.3382pt too wide) detected at line 44949
[]
 []


Overfull \hbox (36.40025pt too wide) detected at line 44973
\OML/cmm/m/it/10 f\OT1/cmr/m/n/10 (\OML/cmm/m/it/10 t\OT1/cmr/m/n/10 ) = []  \O
ML/cmm/m/it/10 u\OT1/cmr/m/n/10 (\OML/cmm/m/it/10 t\OT1/cmr/m/n/10 )
 []

[709

]
Overfull \hbox (29.92505pt too wide) detected at line 44990
\OML/cmm/m/it/10 f\OT1/cmr/m/n/10 (\OML/cmm/m/it/10 t\OT1/cmr/m/n/10 ) = []  \O
ML/cmm/m/it/10 u\OT1/cmr/m/n/10 (\OML/cmm/m/it/10 t\OT1/cmr/m/n/10 )
 []


Overfull \hbox (141.30511pt too wide) detected at line 45034
[]
 []


Overfull \hbox (269.40166pt too wide) detected at line 45046
[]
 []


Overfull \hbox (294.75064pt too wide) detected at line 45066
[]
 []


Overfull \hbox (368.50479pt too wide) detected at line 45079
[]
 []


Overfull \hbox (29.92505pt too wide) detected at line 45095
\OML/cmm/m/it/10 f\OT1/cmr/m/n/10 (\OML/cmm/m/it/10 t\OT1/cmr/m/n/10 ) = []  \O
ML/cmm/m/it/10 u\OT1/cmr/m/n/10 (\OML/cmm/m/it/10 t\OT1/cmr/m/n/10 )
 []

[710] [711] [712] [713] [714]
\absvshift=\dimen947
\absvshift=\dimen948
\absvshift=\dimen949
\absvshift=\dimen950

Overfull \hbox (3.71445pt too wide) detected at line 45313
[]
 []

[715]
\absvshift=\dimen951

Overfull \hbox (4.6532pt too wide) detected at line 45342
[]
 []

\absvshift=\dimen952
\absvshift=\dimen953

Overfull \hbox (142.26639pt too wide) detected at line 45402
[]
 []


Overfull \hbox (184.67343pt too wide) detected at line 45438
[]
 []


Overfull \hbox (488.55594pt too wide) detected at line 45450
[]
 []


Overfull \hbox (21.72739pt too wide) detected at line 45474
\OML/cmm/m/it/10 v\OT1/cmr/m/n/10 (\OML/cmm/m/it/10 t\OT1/cmr/m/n/10 ) = []  \O
ML/cmm/m/it/10 u\OT1/cmr/m/n/10 (\OML/cmm/m/it/10 t\OT1/cmr/m/n/10 )
 []

[716] [717] [718]
Overfull \hbox (107.91275pt too wide) detected at line 45499
[]
 []


Overfull \hbox (3.38466pt too wide) detected at line 45528
[]
 []


Overfull \hbox (285.50594pt too wide) detected at line 45565
[]
 []


Overfull \hbox (346.96773pt too wide) detected at line 45579
[]
 []


Overfull \hbox (552.65796pt too wide) detected at line 45592
[]
 []

[719] [720]
\absvshift=\dimen954

Overfull \hbox (126.92764pt too wide) detected at line 45645
[]
 []

\absvshift=\dimen955

Overfull \hbox (178.73422pt too wide) detected at line 45678
[]
 []


Overfull \hbox (374.16101pt too wide) detected at line 45715
[]
 []


Overfull \hbox (617.33197pt too wide) detected at line 45736
[]
 []


Overfull \hbox (50.28375pt too wide) detected at line 45752
\OML/cmm/m/it/10 I\OT1/cmr/m/n/10 (\OML/cmm/m/it/10 s\OT1/cmr/m/n/10 ) = [] + [
] + [] + []
 []


Overfull \hbox (109.67717pt too wide) detected at line 45760
\OML/cmm/m/it/10 i\OT1/cmr/m/n/10 (\OML/cmm/m/it/10 t\OT1/cmr/m/n/10 ) = [500 [
]  [](60\OML/cmm/m/it/10 t\OT1/cmr/m/n/10 ) + 8\OML/cmm/m/it/10 :\OT1/cmr/m/n/1
0 59 []  [](60\OML/cmm/m/it/10 t\OT1/cmr/m/n/10 ) + [][] []] \OML/cmm/m/it/10 u\OT1/cmr/m/n/10 (\OML/cmm/m/it/10 t\OT1/cmr/m/n/10 )
 []

[721] [722] [723]
************************************************
Chapter 12 Practical Application: The 555 Timer
************************************************
[724]
Chapter 12.
[725

]
************************************************
Section 12.1 Astable Mode
************************************************
[726]
\absvshift=\dimen956
\absvshift=\dimen957
 [727]
\absvshift=\dimen958
LUA survey failed: ...tex/generic/pgf/libraries/luamath/pgf/luamath/parser.lua:3
41: The string '5-5*e^-(50*x)' is no valid PGF math expression. Please check for
 syntax errors.. Use \pgfplotsset{lua debug} to see more.
Package pgfplots info on input line 45993: lua backend=true: LUA version of plo
t expression failed. Using TeX version. (plot 0).
 [728]
************************************************
Section 12.2 Monostable Mode
************************************************
\absvshift=\dimen959
[729]
\absvshift=\dimen960
 [730] [731] (./main.aux)
 ***********
LaTeX2e <2025-11-01>
L3 programming layer <2026-01-19>
 ***********


LaTeX Warning: There were undefined references.


LaTeX Warning: Label(s) may have changed. Rerun to get cross-references right.

Package rerunfilecheck Info: File `main.out' has not changed.
(rerunfilecheck)             Checksum: C631747E5B31CEB486C0059BA7F757E0;15128.
)

Here is how much of LuaTeX's memory you used:
 270978 strings out of 476076
 597258,8504848 words of node,token memory allocated
 8699 words of node memory still in use:
   24 hlist, 2 vlist, 10 rule, 1 local_par, 4 glue, 4 kern, 1 penalty, 1 margin_
kern, 3 glyph, 1871 attribute, 62 glue_spec, 1871 attribute_list, 6 write, 16 pd
f_literal, 1 pdf_dest, 49 pdf_action, 16 pdf_colorstack nodes
   avail lists: 1:8,2:57472,3:18152,4:861,5:1051,6:176,7:34648,8:175,9:8500,10:2
5,11:872
 286968 multiletter control sequences out of 65536+600000
 115 fonts using 9216207 bytes
 98i,24n,104p,2437b,3776s stack positions out of 10000i,1000n,20000p,200000b,200000s
</usr/local/texlive/2025/texmf-dist/fonts/opentype/public/lm/lmromandemi10-regul
ar.otf></usr/local/texlive/2025/texmf-dist/fonts/opentype/public/lm/lmroman5-reg
ular.otf></usr/local/texlive/2025/texmf-dist/fonts/opentype/public/lm/lmmono10-r
egular.otf></usr/local/texlive/2025/texmf-dist/fonts/opentype/public/lm/lmsans9-
regular.otf></usr/local/texlive/2025/texmf-dist/fonts/opentype/public/lm/lmsans1
2-regular.otf></usr/local/texlive/2025/texmf-dist/fonts/opentype/public/lm/lmsan
s8-regular.otf></usr/local/texlive/2025/texmf-dist/fonts/opentype/public/lm/lmro
man7-regular.otf></usr/local/texlive/2025/texmf-dist/fonts/opentype/public/lm/lm
sans10-regular.otf></usr/local/texlive/2025/texmf-dist/fonts/opentype/public/lm/
lmroman10-italic.otf></usr/local/texlive/2025/texmf-dist/fonts/opentype/public/l
m/lmromanslant10-regular.otf></usr/local/texlive/2025/texmf-dist/fonts/opentype/
public/lm/lmroman10-bolditalic.otf></usr/local/texlive/2025/texmf-dist/fonts/ope
ntype/public/lm/lmmono9-regular.otf></usr/local/texlive/2025/texmf-dist/fonts/op
entype/public/lm/lmroman12-bold.otf></usr/local/texlive/2025/texmf-dist/fonts/op
entype/public/lm/lmroman10-regular.otf></usr/local/texlive/2025/texmf-dist/fonts
/opentype/public/lm/lmroman10-bold.otf></usr/local/texlive/2025/texmf-dist/fonts
/opentype/public/lm/lmroman12-regular.otf></usr/local/texlive/2025/texmf-dist/fo
nts/opentype/public/lm/lmroman17-regular.otf></usr/local/texlive/2025/texmf-dist
/fonts/type1/public/amsfonts/cm/cmbx10.pfb></usr/local/texlive/2025/texmf-dist/f
onts/type1/public/amsfonts/cm/cmex10.pfb></usr/local/texlive/2025/texmf-dist/fon
ts/type1/public/amsfonts/cm/cmmi10.pfb></usr/local/texlive/2025/texmf-dist/fonts
/type1/public/amsfonts/cm/cmmi12.pfb></usr/local/texlive/2025/texmf-dist/fonts/t
ype1/public/amsfonts/cm/cmmi5.pfb></usr/local/texlive/2025/texmf-dist/fonts/type
1/public/amsfonts/cm/cmmi7.pfb></usr/local/texlive/2025/texmf-dist/fonts/type1/p
ublic/amsfonts/cm/cmr10.pfb></usr/local/texlive/2025/texmf-dist/fonts/type1/publ
ic/amsfonts/cm/cmr5.pfb></usr/local/texlive/2025/texmf-dist/fonts/type1/public/a
msfonts/cm/cmr7.pfb></usr/local/texlive/2025/texmf-dist/fonts/type1/public/amsfo
nts/cm/cmsy10.pfb></usr/local/texlive/2025/texmf-dist/fonts/type1/public/mathabx
-type1/matha10.pfb></usr/local/texlive/2025/texmf-dist/fonts/type1/public/mathab
x-type1/matha5.pfb></usr/local/texlive/2025/texmf-dist/fonts/type1/public/mathab
x-type1/matha7.pfb></usr/local/texlive/2025/texmf-dist/fonts/type1/public/mathab
x-type1/mathb10.pfb></usr/local/texlive/2025/texmf-dist/fonts/type1/public/matha
bx-type1/mathx10.pfb></usr/local/texlive/2025/texmf-dist/fonts/type1/public/rsfs
/rsfs10.pfb></usr/local/texlive/2025/texmf-dist/fonts/type1/urw/zapfding/uzdr.pf
b>
Output written on main.pdf (739 pages, 22003359 bytes).

PDF statistics: 12942 PDF objects out of 15390 (max. 8388607)
 11890 compressed objects within 119 object streams
 5059 named destinations out of 5155 (max. 131072)
 885 words of extra memory for PDF output out of 10000 (max. 100000000)

